char	codepoint	unicode_name	category	block	prefix	visual_cluster	main_key	main_shape	preferred_state_key	state_cluster	state_key	state_shape	input_code	classification_reason	rebalanced	cluster_distance	aspect	density	source	status	algorithm
𒀀	U+12000	CUNEIFORM SIGN A	Lo	cuneiform	mv	7	r	放射星芒	s	2	s	对称	mvrs	cuneiform视觉聚类C7;状态组S2	false	1.093123	0.8571	0.1948	30_项目/个人Unicode音型输入法/数据/unicode全字符/plane-01-Supplementary Multilingual Plane/block-u12000-u123ff-cuneiform.md	machine-initial-v1	visual-balanced-unicode-block-v1
𒀁	U+12001	CUNEIFORM SIGN A TIMES A	Lo	cuneiform	mv	18	p	螺旋回环	s	0	m	重复多部件	mvpm	cuneiform视觉聚类C18;状态组S0	true	1.571200	1.2286	0.2233	30_项目/个人Unicode音型输入法/数据/unicode全字符/plane-01-Supplementary Multilingual Plane/block-u12000-u123ff-cuneiform.md	machine-initial-v1	visual-balanced-unicode-block-v1
𒀂	U+12002	CUNEIFORM SIGN A TIMES BAD	Lo	cuneiform	mv	18	p	螺旋回环	s	1	x	穿过交叠	mvpx	cuneiform视觉聚类C18;状态组S1	true	0.754408	1.2571	0.1825	30_项目/个人Unicode音型输入法/数据/unicode全字符/plane-01-Supplementary Multilingual Plane/block-u12000-u123ff-cuneiform.md	machine-initial-v1	visual-balanced-unicode-block-v1
𒀃	U+12003	CUNEIFORM SIGN A TIMES GAN2 TENU	Lo	cuneiform	mv	18	p	螺旋回环	s	1	x	穿过交叠	mvpx	cuneiform视觉聚类C18;状态组S1	true	0.546324	1.4000	0.2484	30_项目/个人Unicode音型输入法/数据/unicode全字符/plane-01-Supplementary Multilingual Plane/block-u12000-u123ff-cuneiform.md	machine-initial-v1	visual-balanced-unicode-block-v1
𒀄	U+12004	CUNEIFORM SIGN A TIMES HA	Lo	cuneiform	mv	14	f	人物轮廓	s	1	g	缺口开放	mvfg	cuneiform视觉聚类C14;状态组S1	true	0.488280	1.4714	0.2230	30_项目/个人Unicode音型输入法/数据/unicode全字符/plane-01-Supplementary Multilingual Plane/block-u12000-u123ff-cuneiform.md	machine-initial-v1	visual-balanced-unicode-block-v1
𒀅	U+12005	CUNEIFORM SIGN A TIMES IGI	Lo	cuneiform	mv	18	p	螺旋回环	s	1	x	穿过交叠	mvpx	cuneiform视觉聚类C18;状态组S1	true	0.563343	1.3286	0.2131	30_项目/个人Unicode音型输入法/数据/unicode全字符/plane-01-Supplementary Multilingual Plane/block-u12000-u123ff-cuneiform.md	machine-initial-v1	visual-balanced-unicode-block-v1
𒀆	U+12006	CUNEIFORM SIGN A TIMES LAGAR GUNU	Lo	cuneiform	mv	25	q	其他	s	0	p	成对	mvqp	cuneiform视觉聚类C25;状态组S0	true	0.421005	1.5429	0.2687	30_项目/个人Unicode音型输入法/数据/unicode全字符/plane-01-Supplementary Multilingual Plane/block-u12000-u123ff-cuneiform.md	machine-initial-v1	visual-balanced-unicode-block-v1
𒀇	U+12007	CUNEIFORM SIGN A TIMES MUSH	Lo	cuneiform	mv	25	q	其他	s	0	p	成对	mvqp	cuneiform视觉聚类C25;状态组S0	true	0.319394	1.7714	0.2224	30_项目/个人Unicode音型输入法/数据/unicode全字符/plane-01-Supplementary Multilingual Plane/block-u12000-u123ff-cuneiform.md	machine-initial-v1	visual-balanced-unicode-block-v1
𒀈	U+12008	CUNEIFORM SIGN A TIMES SAG	Lo	cuneiform	mv	25	q	其他	s	0	p	成对	mvqp	cuneiform视觉聚类C25;状态组S0	true	0.372093	1.6000	0.2657	30_项目/个人Unicode音型输入法/数据/unicode全字符/plane-01-Supplementary Multilingual Plane/block-u12000-u123ff-cuneiform.md	machine-initial-v1	visual-balanced-unicode-block-v1
𒀉	U+12009	CUNEIFORM SIGN A2	Lo	cuneiform	mv	14	f	人物轮廓	s	1	g	缺口开放	mvfg	cuneiform视觉聚类C14;状态组S1	true	0.409424	1.4444	0.3235	30_项目/个人Unicode音型输入法/数据/unicode全字符/plane-01-Supplementary Multilingual Plane/block-u12000-u123ff-cuneiform.md	machine-initial-v1	visual-balanced-unicode-block-v1
𒀊	U+1200A	CUNEIFORM SIGN AB	Lo	cuneiform	mv	5	g	动物有机体	s	1	s	对称	mvgs	cuneiform视觉聚类C5;状态组S1	false	0.106789	1.6000	0.1920	30_项目/个人Unicode音型输入法/数据/unicode全字符/plane-01-Supplementary Multilingual Plane/block-u12000-u123ff-cuneiform.md	machine-initial-v1	visual-balanced-unicode-block-v1
𒀋	U+1200B	CUNEIFORM SIGN AB TIMES ASH2	Lo	cuneiform	mv	5	g	动物有机体	s	2	x	穿过交叠	mvgx	cuneiform视觉聚类C5;状态组S2	true	0.061802	1.6000	0.2500	30_项目/个人Unicode音型输入法/数据/unicode全字符/plane-01-Supplementary Multilingual Plane/block-u12000-u123ff-cuneiform.md	machine-initial-v1	visual-balanced-unicode-block-v1
𒀌	U+1200C	CUNEIFORM SIGN AB TIMES DUN3 GUNU	Lo	cuneiform	mv	6	z	阶梯锯齿	s	0	s	对称	mvzs	cuneiform视觉聚类C6;状态组S0	false	0.351417	1.6000	0.2365	30_项目/个人Unicode音型输入法/数据/unicode全字符/plane-01-Supplementary Multilingual Plane/block-u12000-u123ff-cuneiform.md	machine-initial-v1	visual-balanced-unicode-block-v1
𒀍	U+1200D	CUNEIFORM SIGN AB TIMES GAL	Lo	cuneiform	mv	6	z	阶梯锯齿	s	1	x	穿过交叠	mvzx	cuneiform视觉聚类C6;状态组S1	true	0.423349	1.6714	0.2438	30_项目/个人Unicode音型输入法/数据/unicode全字符/plane-01-Supplementary Multilingual Plane/block-u12000-u123ff-cuneiform.md	machine-initial-v1	visual-balanced-unicode-block-v1
𒀎	U+1200E	CUNEIFORM SIGN AB TIMES GAN2 TENU	Lo	cuneiform	mv	5	g	动物有机体	s	2	x	穿过交叠	mvgx	cuneiform视觉聚类C5;状态组S2	true	0.066775	1.6000	0.2536	30_项目/个人Unicode音型输入法/数据/unicode全字符/plane-01-Supplementary Multilingual Plane/block-u12000-u123ff-cuneiform.md	machine-initial-v1	visual-balanced-unicode-block-v1
𒀏	U+1200F	CUNEIFORM SIGN AB TIMES HA	Lo	cuneiform	mv	5	g	动物有机体	s	2	x	穿过交叠	mvgx	cuneiform视觉聚类C5;状态组S2	true	0.051071	1.6000	0.2406	30_项目/个人Unicode音型输入法/数据/unicode全字符/plane-01-Supplementary Multilingual Plane/block-u12000-u123ff-cuneiform.md	machine-initial-v1	visual-balanced-unicode-block-v1
𒀐	U+12010	CUNEIFORM SIGN AB TIMES IGI GUNU	Lo	cuneiform	mv	5	g	动物有机体	s	2	x	穿过交叠	mvgx	cuneiform视觉聚类C5;状态组S2	true	0.087966	1.6000	0.2597	30_项目/个人Unicode音型输入法/数据/unicode全字符/plane-01-Supplementary Multilingual Plane/block-u12000-u123ff-cuneiform.md	machine-initial-v1	visual-balanced-unicode-block-v1
𒀑	U+12011	CUNEIFORM SIGN AB TIMES IMIN	Lo	cuneiform	mv	5	g	动物有机体	s	0	w	宽展	mvgw	cuneiform视觉聚类C5;状态组S0	true	0.044466	1.6000	0.2337	30_项目/个人Unicode音型输入法/数据/unicode全字符/plane-01-Supplementary Multilingual Plane/block-u12000-u123ff-cuneiform.md	machine-initial-v1	visual-balanced-unicode-block-v1
𒀒	U+12012	CUNEIFORM SIGN AB TIMES LAGAB	Lo	cuneiform	mv	5	g	动物有机体	s	0	w	宽展	mvgw	cuneiform视觉聚类C5;状态组S0	true	0.067939	1.6000	0.2318	30_项目/个人Unicode音型输入法/数据/unicode全字符/plane-01-Supplementary Multilingual Plane/block-u12000-u123ff-cuneiform.md	machine-initial-v1	visual-balanced-unicode-block-v1
𒀓	U+12013	CUNEIFORM SIGN AB TIMES SHESH	Lo	cuneiform	mv	5	g	动物有机体	s	0	w	宽展	mvgw	cuneiform视觉聚类C5;状态组S0	true	0.086387	1.6000	0.2483	30_项目/个人Unicode音型输入法/数据/unicode全字符/plane-01-Supplementary Multilingual Plane/block-u12000-u123ff-cuneiform.md	machine-initial-v1	visual-balanced-unicode-block-v1
𒀔	U+12014	CUNEIFORM SIGN AB TIMES U PLUS U PLUS U	Lo	cuneiform	mv	5	g	动物有机体	s	2	x	穿过交叠	mvgx	cuneiform视觉聚类C5;状态组S2	true	0.070812	1.6000	0.2494	30_项目/个人Unicode音型输入法/数据/unicode全字符/plane-01-Supplementary Multilingual Plane/block-u12000-u123ff-cuneiform.md	machine-initial-v1	visual-balanced-unicode-block-v1
𒀕	U+12015	CUNEIFORM SIGN AB GUNU	Lo	cuneiform	mv	5	g	动物有机体	s	0	w	宽展	mvgw	cuneiform视觉聚类C5;状态组S0	true	0.074405	1.6000	0.2247	30_项目/个人Unicode音型输入法/数据/unicode全字符/plane-01-Supplementary Multilingual Plane/block-u12000-u123ff-cuneiform.md	machine-initial-v1	visual-balanced-unicode-block-v1
𒀖	U+12016	CUNEIFORM SIGN AB2	Lo	cuneiform	mv	11	w	波浪流线	s	2	s	对称	mvws	cuneiform视觉聚类C11;状态组S2	false	0.190495	1.6071	0.1479	30_项目/个人Unicode音型输入法/数据/unicode全字符/plane-01-Supplementary Multilingual Plane/block-u12000-u123ff-cuneiform.md	machine-initial-v1	visual-balanced-unicode-block-v1
𒀗	U+12017	CUNEIFORM SIGN AB2 TIMES BALAG	Lo	cuneiform	mv	11	w	波浪流线	s	2	s	对称	mvws	cuneiform视觉聚类C11;状态组S2	false	0.311778	1.8571	0.2318	30_项目/个人Unicode音型输入法/数据/unicode全字符/plane-01-Supplementary Multilingual Plane/block-u12000-u123ff-cuneiform.md	machine-initial-v1	visual-balanced-unicode-block-v1
𒀘	U+12018	CUNEIFORM SIGN AB2 TIMES GAN2 TENU	Lo	cuneiform	mv	11	w	波浪流线	s	2	s	对称	mvws	cuneiform视觉聚类C11;状态组S2	false	0.214096	1.5952	0.1921	30_项目/个人Unicode音型输入法/数据/unicode全字符/plane-01-Supplementary Multilingual Plane/block-u12000-u123ff-cuneiform.md	machine-initial-v1	visual-balanced-unicode-block-v1
𒀙	U+12019	CUNEIFORM SIGN AB2 TIMES ME PLUS EN	Lo	cuneiform	mv	11	w	波浪流线	s	2	s	对称	mvws	cuneiform视觉聚类C11;状态组S2	false	0.346461	1.5056	0.2211	30_项目/个人Unicode音型输入法/数据/unicode全字符/plane-01-Supplementary Multilingual Plane/block-u12000-u123ff-cuneiform.md	machine-initial-v1	visual-balanced-unicode-block-v1
𒀚	U+1201A	CUNEIFORM SIGN AB2 TIMES SHA3	Lo	cuneiform	mv	11	w	波浪流线	s	2	s	对称	mvws	cuneiform视觉聚类C11;状态组S2	false	0.214877	1.5952	0.2049	30_项目/个人Unicode音型输入法/数据/unicode全字符/plane-01-Supplementary Multilingual Plane/block-u12000-u123ff-cuneiform.md	machine-initial-v1	visual-balanced-unicode-block-v1
𒀛	U+1201B	CUNEIFORM SIGN AB2 TIMES TAK4	Lo	cuneiform	mv	11	w	波浪流线	s	0	o	外包	mvwo	cuneiform视觉聚类C11;状态组S0	true	0.246462	1.5952	0.2007	30_项目/个人Unicode音型输入法/数据/unicode全字符/plane-01-Supplementary Multilingual Plane/block-u12000-u123ff-cuneiform.md	machine-initial-v1	visual-balanced-unicode-block-v1
𒀜	U+1201C	CUNEIFORM SIGN AD	Lo	cuneiform	mv	6	z	阶梯锯齿	s	0	s	对称	mvzs	cuneiform视觉聚类C6;状态组S0	false	0.440303	1.6000	0.2764	30_项目/个人Unicode音型输入法/数据/unicode全字符/plane-01-Supplementary Multilingual Plane/block-u12000-u123ff-cuneiform.md	machine-initial-v1	visual-balanced-unicode-block-v1
𒀝	U+1201D	CUNEIFORM SIGN AK	Lo	cuneiform	mv	6	z	阶梯锯齿	s	2	w	宽展	mvzw	cuneiform视觉聚类C6;状态组S2	true	0.269150	1.9571	0.2392	30_项目/个人Unicode音型输入法/数据/unicode全字符/plane-01-Supplementary Multilingual Plane/block-u12000-u123ff-cuneiform.md	machine-initial-v1	visual-balanced-unicode-block-v1
𒀞	U+1201E	CUNEIFORM SIGN AK TIMES ERIN2	Lo	cuneiform	mv	6	z	阶梯锯齿	s	2	w	宽展	mvzw	cuneiform视觉聚类C6;状态组S2	true	0.245878	1.8267	0.2254	30_项目/个人Unicode音型输入法/数据/unicode全字符/plane-01-Supplementary Multilingual Plane/block-u12000-u123ff-cuneiform.md	machine-initial-v1	visual-balanced-unicode-block-v1
𒀟	U+1201F	CUNEIFORM SIGN AK TIMES SHITA PLUS GISH	Lo	cuneiform	mv	6	z	阶梯锯齿	s	2	w	宽展	mvzw	cuneiform视觉聚类C6;状态组S2	true	0.257328	1.8267	0.2592	30_项目/个人Unicode音型输入法/数据/unicode全字符/plane-01-Supplementary Multilingual Plane/block-u12000-u123ff-cuneiform.md	machine-initial-v1	visual-balanced-unicode-block-v1
𒀠	U+12020	CUNEIFORM SIGN AL	Lo	cuneiform	mv	10	t	三角尖形	s	2	w	宽展	mvtw	cuneiform视觉聚类C10;状态组S2	true	0.048807	1.7143	0.2239	30_项目/个人Unicode音型输入法/数据/unicode全字符/plane-01-Supplementary Multilingual Plane/block-u12000-u123ff-cuneiform.md	machine-initial-v1	visual-balanced-unicode-block-v1
𒀡	U+12021	CUNEIFORM SIGN AL TIMES AL	Lo	cuneiform	mv	10	t	三角尖形	s	0	x	穿过交叠	mvtx	cuneiform视觉聚类C10;状态组S0	true	0.058743	1.7143	0.2721	30_项目/个人Unicode音型输入法/数据/unicode全字符/plane-01-Supplementary Multilingual Plane/block-u12000-u123ff-cuneiform.md	machine-initial-v1	visual-balanced-unicode-block-v1
𒀢	U+12022	CUNEIFORM SIGN AL TIMES DIM2	Lo	cuneiform	mv	10	t	三角尖形	s	2	w	宽展	mvtw	cuneiform视觉聚类C10;状态组S2	true	0.083673	1.7143	0.2713	30_项目/个人Unicode音型输入法/数据/unicode全字符/plane-01-Supplementary Multilingual Plane/block-u12000-u123ff-cuneiform.md	machine-initial-v1	visual-balanced-unicode-block-v1
𒀣	U+12023	CUNEIFORM SIGN AL TIMES GISH	Lo	cuneiform	mv	10	t	三角尖形	s	0	x	穿过交叠	mvtx	cuneiform视觉聚类C10;状态组S0	true	0.040656	1.7143	0.2536	30_项目/个人Unicode音型输入法/数据/unicode全字符/plane-01-Supplementary Multilingual Plane/block-u12000-u123ff-cuneiform.md	machine-initial-v1	visual-balanced-unicode-block-v1
𒀤	U+12024	CUNEIFORM SIGN AL TIMES HA	Lo	cuneiform	mv	10	t	三角尖形	s	0	x	穿过交叠	mvtx	cuneiform视觉聚类C10;状态组S0	true	0.065785	1.7143	0.2762	30_项目/个人Unicode音型输入法/数据/unicode全字符/plane-01-Supplementary Multilingual Plane/block-u12000-u123ff-cuneiform.md	machine-initial-v1	visual-balanced-unicode-block-v1
𒀥	U+12025	CUNEIFORM SIGN AL TIMES KAD3	Lo	cuneiform	mv	10	t	三角尖形	s	0	x	穿过交叠	mvtx	cuneiform视觉聚类C10;状态组S0	true	0.091785	1.7143	0.2875	30_项目/个人Unicode音型输入法/数据/unicode全字符/plane-01-Supplementary Multilingual Plane/block-u12000-u123ff-cuneiform.md	machine-initial-v1	visual-balanced-unicode-block-v1
𒀦	U+12026	CUNEIFORM SIGN AL TIMES KI	Lo	cuneiform	mv	10	t	三角尖形	s	0	x	穿过交叠	mvtx	cuneiform视觉聚类C10;状态组S0	true	0.049728	1.7143	0.2699	30_项目/个人Unicode音型输入法/数据/unicode全字符/plane-01-Supplementary Multilingual Plane/block-u12000-u123ff-cuneiform.md	machine-initial-v1	visual-balanced-unicode-block-v1
𒀧	U+12027	CUNEIFORM SIGN AL TIMES SHE	Lo	cuneiform	mv	10	t	三角尖形	s	2	w	宽展	mvtw	cuneiform视觉聚类C10;状态组S2	true	0.045819	1.7143	0.2432	30_项目/个人Unicode音型输入法/数据/unicode全字符/plane-01-Supplementary Multilingual Plane/block-u12000-u123ff-cuneiform.md	machine-initial-v1	visual-balanced-unicode-block-v1
𒀨	U+12028	CUNEIFORM SIGN AL TIMES USH	Lo	cuneiform	mv	10	t	三角尖形	s	2	w	宽展	mvtw	cuneiform视觉聚类C10;状态组S2	true	0.059062	1.7143	0.2632	30_项目/个人Unicode音型输入法/数据/unicode全字符/plane-01-Supplementary Multilingual Plane/block-u12000-u123ff-cuneiform.md	machine-initial-v1	visual-balanced-unicode-block-v1
𒀩	U+12029	CUNEIFORM SIGN ALAN	Lo	cuneiform	mv	20	e	椭圆	s	0	s	对称	mves	cuneiform视觉聚类C20;状态组S0	false	0.366267	1.8784	0.2872	30_项目/个人Unicode音型输入法/数据/unicode全字符/plane-01-Supplementary Multilingual Plane/block-u12000-u123ff-cuneiform.md	machine-initial-v1	visual-balanced-unicode-block-v1
𒀪	U+1202A	CUNEIFORM SIGN ALEPH	Lo	cuneiform	mv	2	y	分叉翼形	s	2	o	外包	mvyo	cuneiform视觉聚类C2;状态组S2	true	0.676515	1.0649	0.1723	30_项目/个人Unicode音型输入法/数据/unicode全字符/plane-01-Supplementary Multilingual Plane/block-u12000-u123ff-cuneiform.md	machine-initial-v1	visual-balanced-unicode-block-v1
𒀫	U+1202B	CUNEIFORM SIGN AMAR	Lo	cuneiform	mv	24	c	曲弧	s	0	o	外包	mvco	cuneiform视觉聚类C24;状态组S0	true	0.455003	1.3735	0.1546	30_项目/个人Unicode音型输入法/数据/unicode全字符/plane-01-Supplementary Multilingual Plane/block-u12000-u123ff-cuneiform.md	machine-initial-v1	visual-balanced-unicode-block-v1
𒀬	U+1202C	CUNEIFORM SIGN AMAR TIMES SHE	Lo	cuneiform	mv	24	c	曲弧	s	2	s	对称	mvcs	cuneiform视觉聚类C24;状态组S2	false	0.430938	1.3735	0.2164	30_项目/个人Unicode音型输入法/数据/unicode全字符/plane-01-Supplementary Multilingual Plane/block-u12000-u123ff-cuneiform.md	machine-initial-v1	visual-balanced-unicode-block-v1
𒀭	U+1202D	CUNEIFORM SIGN AN	Lo	cuneiform	mv	15	u	容器U形	s	2	x	穿过交叠	mvux	cuneiform视觉聚类C15;状态组S2	true	1.011648	1.1857	0.2343	30_项目/个人Unicode音型输入法/数据/unicode全字符/plane-01-Supplementary Multilingual Plane/block-u12000-u123ff-cuneiform.md	machine-initial-v1	visual-balanced-unicode-block-v1
𒀮	U+1202E	CUNEIFORM SIGN AN OVER AN	Lo	cuneiform	mv	2	y	分叉翼形	s	0	s	对称	mvys	cuneiform视觉聚类C2;状态组S0	false	0.484195	0.7021	0.2445	30_项目/个人Unicode音型输入法/数据/unicode全字符/plane-01-Supplementary Multilingual Plane/block-u12000-u123ff-cuneiform.md	machine-initial-v1	visual-balanced-unicode-block-v1
𒀯	U+1202F	CUNEIFORM SIGN AN THREE TIMES	Lo	cuneiform	mv	19	a	角折	s	2	s	对称	mvas	cuneiform视觉聚类C19;状态组S2	false	0.808228	1.1596	0.2211	30_项目/个人Unicode音型输入法/数据/unicode全字符/plane-01-Supplementary Multilingual Plane/block-u12000-u123ff-cuneiform.md	machine-initial-v1	visual-balanced-unicode-block-v1
𒀰	U+12030	CUNEIFORM SIGN AN PLUS NAGA OPPOSING AN PLUS NAGA	Lo	cuneiform	mv	4	n	成列成排	s	0	w	宽展	mvnw	cuneiform视觉聚类C4;状态组S0	true	0.138106	2.8125	0.1705	30_项目/个人Unicode音型输入法/数据/unicode全字符/plane-01-Supplementary Multilingual Plane/block-u12000-u123ff-cuneiform.md	machine-initial-v1	visual-balanced-unicode-block-v1
𒀱	U+12031	CUNEIFORM SIGN AN PLUS NAGA SQUARED	Lo	cuneiform	mv	2	y	分叉翼形	s	0	s	对称	mvys	cuneiform视觉聚类C2;状态组S0	false	0.446843	1.0824	0.1236	30_项目/个人Unicode音型输入法/数据/unicode全字符/plane-01-Supplementary Multilingual Plane/block-u12000-u123ff-cuneiform.md	machine-initial-v1	visual-balanced-unicode-block-v1
𒀲	U+12032	CUNEIFORM SIGN ANSHE	Lo	cuneiform	mv	7	r	放射星芒	s	0	o	外包	mvro	cuneiform视觉聚类C7;状态组S0	true	0.797061	1.7875	0.2330	30_项目/个人Unicode音型输入法/数据/unicode全字符/plane-01-Supplementary Multilingual Plane/block-u12000-u123ff-cuneiform.md	machine-initial-v1	visual-balanced-unicode-block-v1
𒀳	U+12033	CUNEIFORM SIGN APIN	Lo	cuneiform	mv	6	z	阶梯锯齿	s	2	w	宽展	mvzw	cuneiform视觉聚类C6;状态组S2	true	0.367903	1.7183	0.2503	30_项目/个人Unicode音型输入法/数据/unicode全字符/plane-01-Supplementary Multilingual Plane/block-u12000-u123ff-cuneiform.md	machine-initial-v1	visual-balanced-unicode-block-v1
𒀴	U+12034	CUNEIFORM SIGN ARAD	Lo	cuneiform	mv	6	z	阶梯锯齿	s	0	s	对称	mvzs	cuneiform视觉聚类C6;状态组S0	false	0.259569	1.6286	0.1697	30_项目/个人Unicode音型输入法/数据/unicode全字符/plane-01-Supplementary Multilingual Plane/block-u12000-u123ff-cuneiform.md	machine-initial-v1	visual-balanced-unicode-block-v1
𒀵	U+12035	CUNEIFORM SIGN ARAD TIMES KUR	Lo	cuneiform	mv	6	z	阶梯锯齿	s	0	s	对称	mvzs	cuneiform视觉聚类C6;状态组S0	false	0.253110	1.6286	0.1850	30_项目/个人Unicode音型输入法/数据/unicode全字符/plane-01-Supplementary Multilingual Plane/block-u12000-u123ff-cuneiform.md	machine-initial-v1	visual-balanced-unicode-block-v1
𒀶	U+12036	CUNEIFORM SIGN ARKAB	Lo	cuneiform	mv	15	u	容器U形	s	1	s	对称	mvus	cuneiform视觉聚类C15;状态组S1	false	1.606243	1.0857	0.1771	30_项目/个人Unicode音型输入法/数据/unicode全字符/plane-01-Supplementary Multilingual Plane/block-u12000-u123ff-cuneiform.md	machine-initial-v1	visual-balanced-unicode-block-v1
𒀷	U+12037	CUNEIFORM SIGN ASAL2	Lo	cuneiform	mv	20	e	椭圆	s	1	x	穿过交叠	mvex	cuneiform视觉聚类C20;状态组S1	true	0.229717	2.1667	0.2715	30_项目/个人Unicode音型输入法/数据/unicode全字符/plane-01-Supplementary Multilingual Plane/block-u12000-u123ff-cuneiform.md	machine-initial-v1	visual-balanced-unicode-block-v1
𒀸	U+12038	CUNEIFORM SIGN ASH	Lo	cuneiform	mv	4	n	成列成排	s	0	w	宽展	mvnw	cuneiform视觉聚类C4;状态组S0	true	0.179391	2.1282	0.1189	30_项目/个人Unicode音型输入法/数据/unicode全字符/plane-01-Supplementary Multilingual Plane/block-u12000-u123ff-cuneiform.md	machine-initial-v1	visual-balanced-unicode-block-v1
𒀹	U+12039	CUNEIFORM SIGN ASH ZIDA TENU	Lo	cuneiform	mv	22	s	方框	s	1	q	倾斜	mvsq	cuneiform视觉聚类C22;状态组S1	true	0.606571	1.2414	0.0900	30_项目/个人Unicode音型输入法/数据/unicode全字符/plane-01-Supplementary Multilingual Plane/block-u12000-u123ff-cuneiform.md	machine-initial-v1	visual-balanced-unicode-block-v1
𒀺	U+1203A	CUNEIFORM SIGN ASH KABA TENU	Lo	cuneiform	mv	22	s	方框	s	1	q	倾斜	mvsq	cuneiform视觉聚类C22;状态组S1	true	1.164947	1.2414	0.0900	30_项目/个人Unicode音型输入法/数据/unicode全字符/plane-01-Supplementary Multilingual Plane/block-u12000-u123ff-cuneiform.md	machine-initial-v1	visual-balanced-unicode-block-v1
𒀻	U+1203B	CUNEIFORM SIGN ASH OVER ASH TUG2 OVER TUG2 TUG2 OVER TUG2 PAP	Lo	cuneiform	mv	13	v	开口V形	s	0	h	横向	mvvh	cuneiform视觉聚类C13;状态组S0	true	0.183167	2.0595	0.2366	30_项目/个人Unicode音型输入法/数据/unicode全字符/plane-01-Supplementary Multilingual Plane/block-u12000-u123ff-cuneiform.md	machine-initial-v1	visual-balanced-unicode-block-v1
𒀼	U+1203C	CUNEIFORM SIGN ASH OVER ASH OVER ASH	Lo	cuneiform	mv	19	a	角折	s	2	s	对称	mvas	cuneiform视觉聚类C19;状态组S2	false	1.051414	1.3175	0.2171	30_项目/个人Unicode音型输入法/数据/unicode全字符/plane-01-Supplementary Multilingual Plane/block-u12000-u123ff-cuneiform.md	machine-initial-v1	visual-balanced-unicode-block-v1
𒀽	U+1203D	CUNEIFORM SIGN ASH OVER ASH OVER ASH CROSSING ASH OVER ASH OVER ASH	Lo	cuneiform	mv	15	u	容器U形	s	2	x	穿过交叠	mvux	cuneiform视觉聚类C15;状态组S2	true	0.857422	1.1250	0.2787	30_项目/个人Unicode音型输入法/数据/unicode全字符/plane-01-Supplementary Multilingual Plane/block-u12000-u123ff-cuneiform.md	machine-initial-v1	visual-balanced-unicode-block-v1
𒀾	U+1203E	CUNEIFORM SIGN ASH2	Lo	cuneiform	mv	12	k	绳结	s	0	s	对称	mvks	cuneiform视觉聚类C12;状态组S0	false	1.745586	1.2055	0.2965	30_项目/个人Unicode音型输入法/数据/unicode全字符/plane-01-Supplementary Multilingual Plane/block-u12000-u123ff-cuneiform.md	machine-initial-v1	visual-balanced-unicode-block-v1
𒀿	U+1203F	CUNEIFORM SIGN ASHGAB	Lo	cuneiform	mv	3	i	细柱	s	1	w	宽展	mviw	cuneiform视觉聚类C3;状态组S1	true	0.588698	1.5616	0.2275	30_项目/个人Unicode音型输入法/数据/unicode全字符/plane-01-Supplementary Multilingual Plane/block-u12000-u123ff-cuneiform.md	machine-initial-v1	visual-balanced-unicode-block-v1
𒁀	U+12040	CUNEIFORM SIGN BA	Lo	cuneiform	mv	11	w	波浪流线	s	1	x	穿过交叠	mvwx	cuneiform视觉聚类C11;状态组S1	true	0.972644	1.1429	0.1948	30_项目/个人Unicode音型输入法/数据/unicode全字符/plane-01-Supplementary Multilingual Plane/block-u12000-u123ff-cuneiform.md	machine-initial-v1	visual-balanced-unicode-block-v1
𒁁	U+12041	CUNEIFORM SIGN BAD	Lo	cuneiform	mv	4	n	成列成排	s	2	s	对称	mvns	cuneiform视觉聚类C4;状态组S2	false	0.246208	2.0000	0.1184	30_项目/个人Unicode音型输入法/数据/unicode全字符/plane-01-Supplementary Multilingual Plane/block-u12000-u123ff-cuneiform.md	machine-initial-v1	visual-balanced-unicode-block-v1
𒁂	U+12042	CUNEIFORM SIGN BAG3	Lo	cuneiform	mv	3	i	细柱	s	2	x	穿过交叠	mvix	cuneiform视觉聚类C3;状态组S2	true	1.013649	1.0654	0.2202	30_项目/个人Unicode音型输入法/数据/unicode全字符/plane-01-Supplementary Multilingual Plane/block-u12000-u123ff-cuneiform.md	machine-initial-v1	visual-balanced-unicode-block-v1
𒁃	U+12043	CUNEIFORM SIGN BAHAR2	Lo	cuneiform	mv	13	v	开口V形	s	0	h	横向	mvvh	cuneiform视觉聚类C13;状态组S0	true	0.168909	2.4200	0.2641	30_项目/个人Unicode音型输入法/数据/unicode全字符/plane-01-Supplementary Multilingual Plane/block-u12000-u123ff-cuneiform.md	machine-initial-v1	visual-balanced-unicode-block-v1
𒁄	U+12044	CUNEIFORM SIGN BAL	Lo	cuneiform	mv	4	n	成列成排	s	0	w	宽展	mvnw	cuneiform视觉聚类C4;状态组S0	true	0.333420	1.8429	0.1573	30_项目/个人Unicode音型输入法/数据/unicode全字符/plane-01-Supplementary Multilingual Plane/block-u12000-u123ff-cuneiform.md	machine-initial-v1	visual-balanced-unicode-block-v1
𒁅	U+12045	CUNEIFORM SIGN BAL OVER BAL	Lo	cuneiform	mv	22	s	方框	s	0	s	对称	mvss	cuneiform视觉聚类C22;状态组S0	false	0.938558	1.0588	0.1916	30_项目/个人Unicode音型输入法/数据/unicode全字符/plane-01-Supplementary Multilingual Plane/block-u12000-u123ff-cuneiform.md	machine-initial-v1	visual-balanced-unicode-block-v1
𒁆	U+12046	CUNEIFORM SIGN BALAG	Lo	cuneiform	mv	24	c	曲弧	m	1	m	重复多部件	mvcm	cuneiform视觉聚类C24;状态组S1	false	0.452455	1.6180	0.2249	30_项目/个人Unicode音型输入法/数据/unicode全字符/plane-01-Supplementary Multilingual Plane/block-u12000-u123ff-cuneiform.md	machine-initial-v1	visual-balanced-unicode-block-v1
𒁇	U+12047	CUNEIFORM SIGN BAR	Lo	cuneiform	mv	7	r	放射星芒	s	2	s	对称	mvrs	cuneiform视觉聚类C7;状态组S2	false	1.239346	1.1429	0.1218	30_项目/个人Unicode音型输入法/数据/unicode全字符/plane-01-Supplementary Multilingual Plane/block-u12000-u123ff-cuneiform.md	machine-initial-v1	visual-balanced-unicode-block-v1
𒁈	U+12048	CUNEIFORM SIGN BARA2	Lo	cuneiform	mv	8	m	复合	s	0	s	对称	mvms	cuneiform视觉聚类C8;状态组S0	false	1.220810	1.2024	0.3300	30_项目/个人Unicode音型输入法/数据/unicode全字符/plane-01-Supplementary Multilingual Plane/block-u12000-u123ff-cuneiform.md	machine-initial-v1	visual-balanced-unicode-block-v1
𒁉	U+12049	CUNEIFORM SIGN BI	Lo	cuneiform	mv	3	i	细柱	s	2	x	穿过交叠	mvix	cuneiform视觉聚类C3;状态组S2	true	0.169415	1.7059	0.1880	30_项目/个人Unicode音型输入法/数据/unicode全字符/plane-01-Supplementary Multilingual Plane/block-u12000-u123ff-cuneiform.md	machine-initial-v1	visual-balanced-unicode-block-v1
𒁊	U+1204A	CUNEIFORM SIGN BI TIMES A	Lo	cuneiform	mv	3	i	细柱	s	2	x	穿过交叠	mvix	cuneiform视觉聚类C3;状态组S2	true	0.217648	1.7059	0.1826	30_项目/个人Unicode音型输入法/数据/unicode全字符/plane-01-Supplementary Multilingual Plane/block-u12000-u123ff-cuneiform.md	machine-initial-v1	visual-balanced-unicode-block-v1
𒁋	U+1204B	CUNEIFORM SIGN BI TIMES GAR	Lo	cuneiform	mv	3	i	细柱	s	0	s	对称	mvis	cuneiform视觉聚类C3;状态组S0	false	0.191071	1.7059	0.1899	30_项目/个人Unicode音型输入法/数据/unicode全字符/plane-01-Supplementary Multilingual Plane/block-u12000-u123ff-cuneiform.md	machine-initial-v1	visual-balanced-unicode-block-v1
𒁌	U+1204C	CUNEIFORM SIGN BI TIMES IGI GUNU	Lo	cuneiform	mv	3	i	细柱	s	0	s	对称	mvis	cuneiform视觉聚类C3;状态组S0	false	0.181461	1.7059	0.1924	30_项目/个人Unicode音型输入法/数据/unicode全字符/plane-01-Supplementary Multilingual Plane/block-u12000-u123ff-cuneiform.md	machine-initial-v1	visual-balanced-unicode-block-v1
𒁍	U+1204D	CUNEIFORM SIGN BU	Lo	cuneiform	mv	4	n	成列成排	s	2	s	对称	mvns	cuneiform视觉聚类C4;状态组S2	false	0.271926	2.0938	0.1788	30_项目/个人Unicode音型输入法/数据/unicode全字符/plane-01-Supplementary Multilingual Plane/block-u12000-u123ff-cuneiform.md	machine-initial-v1	visual-balanced-unicode-block-v1
𒁎	U+1204E	CUNEIFORM SIGN BU OVER BU AB	Lo	cuneiform	mv	20	e	椭圆	s	2	w	宽展	mvew	cuneiform视觉聚类C20;状态组S2	true	0.214178	2.2716	0.2099	30_项目/个人Unicode音型输入法/数据/unicode全字符/plane-01-Supplementary Multilingual Plane/block-u12000-u123ff-cuneiform.md	machine-initial-v1	visual-balanced-unicode-block-v1
𒁏	U+1204F	CUNEIFORM SIGN BU OVER BU UN	Lo	cuneiform	mv	22	s	方框	s	1	q	倾斜	mvsq	cuneiform视觉聚类C22;状态组S1	true	0.571818	2.9259	0.2650	30_项目/个人Unicode音型输入法/数据/unicode全字符/plane-01-Supplementary Multilingual Plane/block-u12000-u123ff-cuneiform.md	machine-initial-v1	visual-balanced-unicode-block-v1
𒁐	U+12050	CUNEIFORM SIGN BU CROSSING BU	Lo	cuneiform	mv	14	f	人物轮廓	s	2	x	穿过交叠	mvfx	cuneiform视觉聚类C14;状态组S2	true	1.244776	1.1183	0.2238	30_项目/个人Unicode音型输入法/数据/unicode全字符/plane-01-Supplementary Multilingual Plane/block-u12000-u123ff-cuneiform.md	machine-initial-v1	visual-balanced-unicode-block-v1
𒁑	U+12051	CUNEIFORM SIGN BULUG	Lo	cuneiform	mv	4	n	成列成排	s	1	o	外包	mvno	cuneiform视觉聚类C4;状态组S1	true	0.377571	1.3647	0.1448	30_项目/个人Unicode音型输入法/数据/unicode全字符/plane-01-Supplementary Multilingual Plane/block-u12000-u123ff-cuneiform.md	machine-initial-v1	visual-balanced-unicode-block-v1
𒁒	U+12052	CUNEIFORM SIGN BULUG OVER BULUG	Lo	cuneiform	mv	2	y	分叉翼形	s	0	s	对称	mvys	cuneiform视觉聚类C2;状态组S0	false	0.510874	0.7850	0.1831	30_项目/个人Unicode音型输入法/数据/unicode全字符/plane-01-Supplementary Multilingual Plane/block-u12000-u123ff-cuneiform.md	machine-initial-v1	visual-balanced-unicode-block-v1
𒁓	U+12053	CUNEIFORM SIGN BUR	Lo	cuneiform	mv	2	y	分叉翼形	s	1	g	缺口开放	mvyg	cuneiform视觉聚类C2;状态组S1	true	0.970231	1.1795	0.2015	30_项目/个人Unicode音型输入法/数据/unicode全字符/plane-01-Supplementary Multilingual Plane/block-u12000-u123ff-cuneiform.md	machine-initial-v1	visual-balanced-unicode-block-v1
𒁔	U+12054	CUNEIFORM SIGN BUR2	Lo	cuneiform	mv	4	m	复合	s	0	a	偏置不对称	mvma	用户锚点：𒁔=mvma	true	0.239866	1.8636	0.1849	30_项目/个人Unicode音型输入法/数据/unicode全字符/plane-01-Supplementary Multilingual Plane/block-u12000-u123ff-cuneiform.md	machine-initial-v1	visual-balanced-unicode-block-v1
𒁕	U+12055	CUNEIFORM SIGN DA	Lo	cuneiform	mv	14	f	人物轮廓	s	1	g	缺口开放	mvfg	cuneiform视觉聚类C14;状态组S1	true	0.413407	1.4789	0.2570	30_项目/个人Unicode音型输入法/数据/unicode全字符/plane-01-Supplementary Multilingual Plane/block-u12000-u123ff-cuneiform.md	machine-initial-v1	visual-balanced-unicode-block-v1
𒁖	U+12056	CUNEIFORM SIGN DAG	Lo	cuneiform	mv	15	u	容器U形	s	0	o	外包	mvuo	cuneiform视觉聚类C15;状态组S0	true	0.779340	1.3077	0.2764	30_项目/个人Unicode音型输入法/数据/unicode全字符/plane-01-Supplementary Multilingual Plane/block-u12000-u123ff-cuneiform.md	machine-initial-v1	visual-balanced-unicode-block-v1
𒁗	U+12057	CUNEIFORM SIGN DAG KISIM5 TIMES A PLUS MASH	Lo	cuneiform	mv	23	h	枝杈	s	0	w	宽展	mvhw	cuneiform视觉聚类C23;状态组S0	true	0.015125	2.3452	0.2455	30_项目/个人Unicode音型输入法/数据/unicode全字符/plane-01-Supplementary Multilingual Plane/block-u12000-u123ff-cuneiform.md	machine-initial-v1	visual-balanced-unicode-block-v1
𒁘	U+12058	CUNEIFORM SIGN DAG KISIM5 TIMES AMAR	Lo	cuneiform	mv	18	p	螺旋回环	s	2	s	对称	mvps	cuneiform视觉聚类C18;状态组S2	false	0.253780	2.3452	0.2317	30_项目/个人Unicode音型输入法/数据/unicode全字符/plane-01-Supplementary Multilingual Plane/block-u12000-u123ff-cuneiform.md	machine-initial-v1	visual-balanced-unicode-block-v1
𒁙	U+12059	CUNEIFORM SIGN DAG KISIM5 TIMES BALAG	Lo	cuneiform	mv	13	v	开口V形	s	1	s	对称	mvvs	cuneiform视觉聚类C13;状态组S1	false	0.047768	2.3452	0.2504	30_项目/个人Unicode音型输入法/数据/unicode全字符/plane-01-Supplementary Multilingual Plane/block-u12000-u123ff-cuneiform.md	machine-initial-v1	visual-balanced-unicode-block-v1
𒁚	U+1205A	CUNEIFORM SIGN DAG KISIM5 TIMES BI	Lo	cuneiform	mv	18	p	螺旋回环	s	2	s	对称	mvps	cuneiform视觉聚类C18;状态组S2	false	0.251598	2.3452	0.2323	30_项目/个人Unicode音型输入法/数据/unicode全字符/plane-01-Supplementary Multilingual Plane/block-u12000-u123ff-cuneiform.md	machine-initial-v1	visual-balanced-unicode-block-v1
𒁛	U+1205B	CUNEIFORM SIGN DAG KISIM5 TIMES GA	Lo	cuneiform	mv	23	h	枝杈	s	2	h	横向	mvhh	cuneiform视觉聚类C23;状态组S2	true	0.014031	2.3452	0.2490	30_项目/个人Unicode音型输入法/数据/unicode全字符/plane-01-Supplementary Multilingual Plane/block-u12000-u123ff-cuneiform.md	machine-initial-v1	visual-balanced-unicode-block-v1
𒁜	U+1205C	CUNEIFORM SIGN DAG KISIM5 TIMES GA PLUS MASH	Lo	cuneiform	mv	23	h	枝杈	s	2	h	横向	mvhh	cuneiform视觉聚类C23;状态组S2	true	0.025468	2.3810	0.2552	30_项目/个人Unicode音型输入法/数据/unicode全字符/plane-01-Supplementary Multilingual Plane/block-u12000-u123ff-cuneiform.md	machine-initial-v1	visual-balanced-unicode-block-v1
𒁝	U+1205D	CUNEIFORM SIGN DAG KISIM5 TIMES GI	Lo	cuneiform	mv	23	h	枝杈	s	2	h	横向	mvhh	cuneiform视觉聚类C23;状态组S2	true	0.013625	2.3810	0.2393	30_项目/个人Unicode音型输入法/数据/unicode全字符/plane-01-Supplementary Multilingual Plane/block-u12000-u123ff-cuneiform.md	machine-initial-v1	visual-balanced-unicode-block-v1
𒁞	U+1205E	CUNEIFORM SIGN DAG KISIM5 TIMES GIR2	Lo	cuneiform	mv	23	h	枝杈	s	0	w	宽展	mvhw	cuneiform视觉聚类C23;状态组S0	true	0.017495	2.3452	0.2343	30_项目/个人Unicode音型输入法/数据/unicode全字符/plane-01-Supplementary Multilingual Plane/block-u12000-u123ff-cuneiform.md	machine-initial-v1	visual-balanced-unicode-block-v1
𒁟	U+1205F	CUNEIFORM SIGN DAG KISIM5 TIMES GUD	Lo	cuneiform	mv	13	v	开口V形	s	1	s	对称	mvvs	cuneiform视觉聚类C13;状态组S1	false	0.052867	2.3452	0.2253	30_项目/个人Unicode音型输入法/数据/unicode全字符/plane-01-Supplementary Multilingual Plane/block-u12000-u123ff-cuneiform.md	machine-initial-v1	visual-balanced-unicode-block-v1
𒁠	U+12060	CUNEIFORM SIGN DAG KISIM5 TIMES HA	Lo	cuneiform	mv	13	v	开口V形	s	1	s	对称	mvvs	cuneiform视觉聚类C13;状态组S1	false	0.058417	2.3452	0.2382	30_项目/个人Unicode音型输入法/数据/unicode全字符/plane-01-Supplementary Multilingual Plane/block-u12000-u123ff-cuneiform.md	machine-initial-v1	visual-balanced-unicode-block-v1
𒁡	U+12061	CUNEIFORM SIGN DAG KISIM5 TIMES IR	Lo	cuneiform	mv	10	t	三角尖形	s	1	s	对称	mvts	cuneiform视觉聚类C10;状态组S1	false	0.454072	2.3452	0.2374	30_项目/个人Unicode音型输入法/数据/unicode全字符/plane-01-Supplementary Multilingual Plane/block-u12000-u123ff-cuneiform.md	machine-initial-v1	visual-balanced-unicode-block-v1
𒁢	U+12062	CUNEIFORM SIGN DAG KISIM5 TIMES IR PLUS LU	Lo	cuneiform	mv	13	v	开口V形	s	1	s	对称	mvvs	cuneiform视觉聚类C13;状态组S1	false	0.061503	2.3452	0.2600	30_项目/个人Unicode音型输入法/数据/unicode全字符/plane-01-Supplementary Multilingual Plane/block-u12000-u123ff-cuneiform.md	machine-initial-v1	visual-balanced-unicode-block-v1
𒁣	U+12063	CUNEIFORM SIGN DAG KISIM5 TIMES KAK	Lo	cuneiform	mv	25	q	其他	s	2	w	宽展	mvqw	cuneiform视觉聚类C25;状态组S2	true	0.335932	2.3452	0.2307	30_项目/个人Unicode音型输入法/数据/unicode全字符/plane-01-Supplementary Multilingual Plane/block-u12000-u123ff-cuneiform.md	machine-initial-v1	visual-balanced-unicode-block-v1
𒁤	U+12064	CUNEIFORM SIGN DAG KISIM5 TIMES LA	Lo	cuneiform	mv	23	h	枝杈	s	0	w	宽展	mvhw	cuneiform视觉聚类C23;状态组S0	true	0.009773	2.3452	0.2440	30_项目/个人Unicode音型输入法/数据/unicode全字符/plane-01-Supplementary Multilingual Plane/block-u12000-u123ff-cuneiform.md	machine-initial-v1	visual-balanced-unicode-block-v1
𒁥	U+12065	CUNEIFORM SIGN DAG KISIM5 TIMES LU	Lo	cuneiform	mv	18	p	螺旋回环	s	2	s	对称	mvps	cuneiform视觉聚类C18;状态组S2	false	0.270816	2.3452	0.2350	30_项目/个人Unicode音型输入法/数据/unicode全字符/plane-01-Supplementary Multilingual Plane/block-u12000-u123ff-cuneiform.md	machine-initial-v1	visual-balanced-unicode-block-v1
𒁦	U+12066	CUNEIFORM SIGN DAG KISIM5 TIMES LU PLUS MASH2	Lo	cuneiform	mv	23	h	枝杈	s	1	s	对称	mvhs	cuneiform视觉聚类C23;状态组S1	false	0.014313	2.3452	0.2519	30_项目/个人Unicode音型输入法/数据/unicode全字符/plane-01-Supplementary Multilingual Plane/block-u12000-u123ff-cuneiform.md	machine-initial-v1	visual-balanced-unicode-block-v1
𒁧	U+12067	CUNEIFORM SIGN DAG KISIM5 TIMES LUM	Lo	cuneiform	mv	23	h	枝杈	s	0	w	宽展	mvhw	cuneiform视觉聚类C23;状态组S0	true	0.011487	2.3452	0.2264	30_项目/个人Unicode音型输入法/数据/unicode全字符/plane-01-Supplementary Multilingual Plane/block-u12000-u123ff-cuneiform.md	machine-initial-v1	visual-balanced-unicode-block-v1
𒁨	U+12068	CUNEIFORM SIGN DAG KISIM5 TIMES NE	Lo	cuneiform	mv	13	v	开口V形	s	1	s	对称	mvvs	cuneiform视觉聚类C13;状态组S1	false	0.046673	2.3452	0.2377	30_项目/个人Unicode音型输入法/数据/unicode全字符/plane-01-Supplementary Multilingual Plane/block-u12000-u123ff-cuneiform.md	machine-initial-v1	visual-balanced-unicode-block-v1
𒁩	U+12069	CUNEIFORM SIGN DAG KISIM5 TIMES PAP PLUS PAP	Lo	cuneiform	mv	23	h	枝杈	s	2	h	横向	mvhh	cuneiform视觉聚类C23;状态组S2	true	0.018192	2.3452	0.2344	30_项目/个人Unicode音型输入法/数据/unicode全字符/plane-01-Supplementary Multilingual Plane/block-u12000-u123ff-cuneiform.md	machine-initial-v1	visual-balanced-unicode-block-v1
𒁪	U+1206A	CUNEIFORM SIGN DAG KISIM5 TIMES SI	Lo	cuneiform	mv	18	p	螺旋回环	s	2	s	对称	mvps	cuneiform视觉聚类C18;状态组S2	false	0.256315	2.3452	0.2308	30_项目/个人Unicode音型输入法/数据/unicode全字符/plane-01-Supplementary Multilingual Plane/block-u12000-u123ff-cuneiform.md	machine-initial-v1	visual-balanced-unicode-block-v1
𒁫	U+1206B	CUNEIFORM SIGN DAG KISIM5 TIMES TAK4	Lo	cuneiform	mv	13	v	开口V形	s	0	h	横向	mvvh	cuneiform视觉聚类C13;状态组S0	true	0.054345	2.3452	0.2453	30_项目/个人Unicode音型输入法/数据/unicode全字符/plane-01-Supplementary Multilingual Plane/block-u12000-u123ff-cuneiform.md	machine-initial-v1	visual-balanced-unicode-block-v1
𒁬	U+1206C	CUNEIFORM SIGN DAG KISIM5 TIMES U2 PLUS GIR2	Lo	cuneiform	mv	23	h	枝杈	s	1	s	对称	mvhs	cuneiform视觉聚类C23;状态组S1	false	0.019312	2.3452	0.2615	30_项目/个人Unicode音型输入法/数据/unicode全字符/plane-01-Supplementary Multilingual Plane/block-u12000-u123ff-cuneiform.md	machine-initial-v1	visual-balanced-unicode-block-v1
𒁭	U+1206D	CUNEIFORM SIGN DAG KISIM5 TIMES USH	Lo	cuneiform	mv	18	p	螺旋回环	s	2	s	对称	mvps	cuneiform视觉聚类C18;状态组S2	false	0.251401	2.3452	0.2363	30_项目/个人Unicode音型输入法/数据/unicode全字符/plane-01-Supplementary Multilingual Plane/block-u12000-u123ff-cuneiform.md	machine-initial-v1	visual-balanced-unicode-block-v1
𒁮	U+1206E	CUNEIFORM SIGN DAM	Lo	cuneiform	mv	25	q	其他	s	2	w	宽展	mvqw	cuneiform视觉聚类C25;状态组S2	true	0.325803	1.5698	0.2110	30_项目/个人Unicode音型输入法/数据/unicode全字符/plane-01-Supplementary Multilingual Plane/block-u12000-u123ff-cuneiform.md	machine-initial-v1	visual-balanced-unicode-block-v1
𒁯	U+1206F	CUNEIFORM SIGN DAR	Lo	cuneiform	mv	15	u	容器U形	s	0	o	外包	mvuo	cuneiform视觉聚类C15;状态组S0	true	0.871889	1.3158	0.3195	30_项目/个人Unicode音型输入法/数据/unicode全字符/plane-01-Supplementary Multilingual Plane/block-u12000-u123ff-cuneiform.md	machine-initial-v1	visual-balanced-unicode-block-v1
𒁰	U+12070	CUNEIFORM SIGN DARA3	Lo	cuneiform	mv	13	v	开口V形	p	2	p	成对	mvvp	cuneiform视觉聚类C13;状态组S2	false	0.287991	1.5914	0.2266	30_项目/个人Unicode音型输入法/数据/unicode全字符/plane-01-Supplementary Multilingual Plane/block-u12000-u123ff-cuneiform.md	machine-initial-v1	visual-balanced-unicode-block-v1
𒁱	U+12071	CUNEIFORM SIGN DARA4	Lo	cuneiform	mv	12	k	绳结	s	2	f	实心高填充	mvkf	cuneiform视觉聚类C12;状态组S2	true	1.279430	1.1548	0.3540	30_项目/个人Unicode音型输入法/数据/unicode全字符/plane-01-Supplementary Multilingual Plane/block-u12000-u123ff-cuneiform.md	machine-initial-v1	visual-balanced-unicode-block-v1
𒁲	U+12072	CUNEIFORM SIGN DI	Lo	cuneiform	mv	2	y	分叉翼形	s	2	o	外包	mvyo	cuneiform视觉聚类C2;状态组S2	true	0.567854	1.1744	0.1627	30_项目/个人Unicode音型输入法/数据/unicode全字符/plane-01-Supplementary Multilingual Plane/block-u12000-u123ff-cuneiform.md	machine-initial-v1	visual-balanced-unicode-block-v1
𒁳	U+12073	CUNEIFORM SIGN DIB	Lo	cuneiform	mv	12	k	绳结	s	2	f	实心高填充	mvkf	cuneiform视觉聚类C12;状态组S2	true	1.138927	1.2000	0.2746	30_项目/个人Unicode音型输入法/数据/unicode全字符/plane-01-Supplementary Multilingual Plane/block-u12000-u123ff-cuneiform.md	machine-initial-v1	visual-balanced-unicode-block-v1
𒁴	U+12074	CUNEIFORM SIGN DIM	Lo	cuneiform	mv	4	n	成列成排	s	0	w	宽展	mvnw	cuneiform视觉聚类C4;状态组S0	true	0.207574	1.7722	0.1708	30_项目/个人Unicode音型输入法/数据/unicode全字符/plane-01-Supplementary Multilingual Plane/block-u12000-u123ff-cuneiform.md	machine-initial-v1	visual-balanced-unicode-block-v1
𒁵	U+12075	CUNEIFORM SIGN DIM TIMES SHE	Lo	cuneiform	mv	4	n	成列成排	s	2	s	对称	mvns	cuneiform视觉聚类C4;状态组S2	false	0.197105	1.7722	0.1955	30_项目/个人Unicode音型输入法/数据/unicode全字符/plane-01-Supplementary Multilingual Plane/block-u12000-u123ff-cuneiform.md	machine-initial-v1	visual-balanced-unicode-block-v1
𒁶	U+12076	CUNEIFORM SIGN DIM2	Lo	cuneiform	mv	24	c	曲弧	s	0	o	外包	mvco	cuneiform视觉聚类C24;状态组S0	true	0.403230	1.5352	0.2128	30_项目/个人Unicode音型输入法/数据/unicode全字符/plane-01-Supplementary Multilingual Plane/block-u12000-u123ff-cuneiform.md	machine-initial-v1	visual-balanced-unicode-block-v1
𒁷	U+12077	CUNEIFORM SIGN DIN	Lo	cuneiform	mv	7	r	放射星芒	s	0	o	外包	mvro	cuneiform视觉聚类C7;状态组S0	true	0.826674	0.9800	0.1255	30_项目/个人Unicode音型输入法/数据/unicode全字符/plane-01-Supplementary Multilingual Plane/block-u12000-u123ff-cuneiform.md	machine-initial-v1	visual-balanced-unicode-block-v1
𒁸	U+12078	CUNEIFORM SIGN DIN KASKAL U GUNU DISH	Lo	cuneiform	mv	20	e	椭圆	s	2	w	宽展	mvew	cuneiform视觉聚类C20;状态组S2	true	0.212482	2.3171	0.2428	30_项目/个人Unicode音型输入法/数据/unicode全字符/plane-01-Supplementary Multilingual Plane/block-u12000-u123ff-cuneiform.md	machine-initial-v1	visual-balanced-unicode-block-v1
𒁹	U+12079	CUNEIFORM SIGN DISH	Lo	cuneiform	mv	2	y	分叉翼形	s	0	s	对称	mvys	cuneiform视觉聚类C2;状态组S0	false	0.594639	0.5429	0.1406	30_项目/个人Unicode音型输入法/数据/unicode全字符/plane-01-Supplementary Multilingual Plane/block-u12000-u123ff-cuneiform.md	machine-initial-v1	visual-balanced-unicode-block-v1
𒁺	U+1207A	CUNEIFORM SIGN DU	Lo	cuneiform	mv	24	c	曲弧	s	2	s	对称	mvcs	cuneiform视觉聚类C24;状态组S2	false	0.302515	1.5714	0.1896	30_项目/个人Unicode音型输入法/数据/unicode全字符/plane-01-Supplementary Multilingual Plane/block-u12000-u123ff-cuneiform.md	machine-initial-v1	visual-balanced-unicode-block-v1
𒁻	U+1207B	CUNEIFORM SIGN DU OVER DU	Lo	cuneiform	mv	7	r	放射星芒	s	0	o	外包	mvro	cuneiform视觉聚类C7;状态组S0	true	0.752243	0.8871	0.2114	30_项目/个人Unicode音型输入法/数据/unicode全字符/plane-01-Supplementary Multilingual Plane/block-u12000-u123ff-cuneiform.md	machine-initial-v1	visual-balanced-unicode-block-v1
𒁼	U+1207C	CUNEIFORM SIGN DU GUNU	Lo	cuneiform	mv	24	c	曲弧	s	2	s	对称	mvcs	cuneiform视觉聚类C24;状态组S2	false	0.343460	1.5714	0.2318	30_项目/个人Unicode音型输入法/数据/unicode全字符/plane-01-Supplementary Multilingual Plane/block-u12000-u123ff-cuneiform.md	machine-initial-v1	visual-balanced-unicode-block-v1
𒁽	U+1207D	CUNEIFORM SIGN DU SHESHIG	Lo	cuneiform	mv	24	c	曲弧	s	2	s	对称	mvcs	cuneiform视觉聚类C24;状态组S2	false	0.533575	1.2791	0.2108	30_项目/个人Unicode音型输入法/数据/unicode全字符/plane-01-Supplementary Multilingual Plane/block-u12000-u123ff-cuneiform.md	machine-initial-v1	visual-balanced-unicode-block-v1
𒁾	U+1207E	CUNEIFORM SIGN DUB	Lo	cuneiform	mv	21	b	块面	s	1	f	实心高填充	mvbf	cuneiform视觉聚类C21;状态组S1	true	0.368394	1.6145	0.3187	30_项目/个人Unicode音型输入法/数据/unicode全字符/plane-01-Supplementary Multilingual Plane/block-u12000-u123ff-cuneiform.md	machine-initial-v1	visual-balanced-unicode-block-v1
𒁿	U+1207F	CUNEIFORM SIGN DUB TIMES ESH2	Lo	cuneiform	mv	21	b	块面	s	1	f	实心高填充	mvbf	cuneiform视觉聚类C21;状态组S1	true	0.391093	1.6145	0.3351	30_项目/个人Unicode音型输入法/数据/unicode全字符/plane-01-Supplementary Multilingual Plane/block-u12000-u123ff-cuneiform.md	machine-initial-v1	visual-balanced-unicode-block-v1
𒂀	U+12080	CUNEIFORM SIGN DUB2	Lo	cuneiform	mv	20	e	椭圆	s	0	s	对称	mves	cuneiform视觉聚类C20;状态组S0	false	0.236664	1.7938	0.2085	30_项目/个人Unicode音型输入法/数据/unicode全字符/plane-01-Supplementary Multilingual Plane/block-u12000-u123ff-cuneiform.md	machine-initial-v1	visual-balanced-unicode-block-v1
𒂁	U+12081	CUNEIFORM SIGN DUG	Lo	cuneiform	mv	3	i	细柱	s	2	x	穿过交叠	mvix	cuneiform视觉聚类C3;状态组S2	true	0.312662	1.4124	0.1933	30_项目/个人Unicode音型输入法/数据/unicode全字符/plane-01-Supplementary Multilingual Plane/block-u12000-u123ff-cuneiform.md	machine-initial-v1	visual-balanced-unicode-block-v1
𒂂	U+12082	CUNEIFORM SIGN DUGUD	Lo	cuneiform	mv	13	v	开口V形	s	0	h	横向	mvvh	cuneiform视觉聚类C13;状态组S0	true	0.230423	2.4722	0.2532	30_项目/个人Unicode音型输入法/数据/unicode全字符/plane-01-Supplementary Multilingual Plane/block-u12000-u123ff-cuneiform.md	machine-initial-v1	visual-balanced-unicode-block-v1
𒂃	U+12083	CUNEIFORM SIGN DUH	Lo	cuneiform	mv	22	s	方框	s	0	s	对称	mvss	cuneiform视觉聚类C22;状态组S0	false	0.731816	1.4000	0.2767	30_项目/个人Unicode音型输入法/数据/unicode全字符/plane-01-Supplementary Multilingual Plane/block-u12000-u123ff-cuneiform.md	machine-initial-v1	visual-balanced-unicode-block-v1
𒂄	U+12084	CUNEIFORM SIGN DUN	Lo	cuneiform	mv	14	f	人物轮廓	s	1	g	缺口开放	mvfg	cuneiform视觉聚类C14;状态组S1	true	0.458979	1.3194	0.2367	30_项目/个人Unicode音型输入法/数据/unicode全字符/plane-01-Supplementary Multilingual Plane/block-u12000-u123ff-cuneiform.md	machine-initial-v1	visual-balanced-unicode-block-v1
𒂅	U+12085	CUNEIFORM SIGN DUN3	Lo	cuneiform	mv	24	c	曲弧	s	0	o	外包	mvco	cuneiform视觉聚类C24;状态组S0	true	0.354572	1.5972	0.2016	30_项目/个人Unicode音型输入法/数据/unicode全字符/plane-01-Supplementary Multilingual Plane/block-u12000-u123ff-cuneiform.md	machine-initial-v1	visual-balanced-unicode-block-v1
𒂆	U+12086	CUNEIFORM SIGN DUN3 GUNU	Lo	cuneiform	mv	24	c	曲弧	s	0	o	外包	mvco	cuneiform视觉聚类C24;状态组S0	true	0.403839	1.5753	0.2500	30_项目/个人Unicode音型输入法/数据/unicode全字符/plane-01-Supplementary Multilingual Plane/block-u12000-u123ff-cuneiform.md	machine-initial-v1	visual-balanced-unicode-block-v1
𒂇	U+12087	CUNEIFORM SIGN DUN3 GUNU GUNU	Lo	cuneiform	mv	6	z	阶梯锯齿	s	2	w	宽展	mvzw	cuneiform视觉聚类C6;状态组S2	true	0.304148	1.7123	0.2712	30_项目/个人Unicode音型输入法/数据/unicode全字符/plane-01-Supplementary Multilingual Plane/block-u12000-u123ff-cuneiform.md	machine-initial-v1	visual-balanced-unicode-block-v1
𒂈	U+12088	CUNEIFORM SIGN DUN4	Lo	cuneiform	mv	20	e	椭圆	s	1	x	穿过交叠	mvex	cuneiform视觉聚类C20;状态组S1	true	0.469900	1.4045	0.2476	30_项目/个人Unicode音型输入法/数据/unicode全字符/plane-01-Supplementary Multilingual Plane/block-u12000-u123ff-cuneiform.md	machine-initial-v1	visual-balanced-unicode-block-v1
𒂉	U+12089	CUNEIFORM SIGN DUR2	Lo	cuneiform	mv	12	k	绳结	s	1	x	穿过交叠	mvkx	cuneiform视觉聚类C12;状态组S1	true	0.936879	1.2000	0.2128	30_项目/个人Unicode音型输入法/数据/unicode全字符/plane-01-Supplementary Multilingual Plane/block-u12000-u123ff-cuneiform.md	machine-initial-v1	visual-balanced-unicode-block-v1
𒂊	U+1208A	CUNEIFORM SIGN E	Lo	cuneiform	mv	15	u	容器U形	s	2	x	穿过交叠	mvux	cuneiform视觉聚类C15;状态组S2	true	0.771234	1.0513	0.2514	30_项目/个人Unicode音型输入法/数据/unicode全字符/plane-01-Supplementary Multilingual Plane/block-u12000-u123ff-cuneiform.md	machine-initial-v1	visual-balanced-unicode-block-v1
𒂋	U+1208B	CUNEIFORM SIGN E TIMES PAP	Lo	cuneiform	mv	15	u	容器U形	s	2	x	穿过交叠	mvux	cuneiform视觉聚类C15;状态组S2	true	0.766442	1.0513	0.2714	30_项目/个人Unicode音型输入法/数据/unicode全字符/plane-01-Supplementary Multilingual Plane/block-u12000-u123ff-cuneiform.md	machine-initial-v1	visual-balanced-unicode-block-v1
𒂌	U+1208C	CUNEIFORM SIGN E OVER E NUN OVER NUN	Lo	cuneiform	mv	19	a	角折	p	1	p	成对	mvap	cuneiform视觉聚类C19;状态组S1	false	0.941659	1.0702	0.3034	30_项目/个人Unicode音型输入法/数据/unicode全字符/plane-01-Supplementary Multilingual Plane/block-u12000-u123ff-cuneiform.md	machine-initial-v1	visual-balanced-unicode-block-v1
𒂍	U+1208D	CUNEIFORM SIGN E2	Lo	cuneiform	mv	14	f	人物轮廓	s	2	x	穿过交叠	mvfx	cuneiform视觉聚类C14;状态组S2	true	0.409591	1.3472	0.2732	30_项目/个人Unicode音型输入法/数据/unicode全字符/plane-01-Supplementary Multilingual Plane/block-u12000-u123ff-cuneiform.md	machine-initial-v1	visual-balanced-unicode-block-v1
𒂎	U+1208E	CUNEIFORM SIGN E2 TIMES A PLUS HA PLUS DA	Lo	cuneiform	mv	12	k	绳结	s	1	x	穿过交叠	mvkx	cuneiform视觉聚类C12;状态组S1	true	0.283174	1.2278	0.3538	30_项目/个人Unicode音型输入法/数据/unicode全字符/plane-01-Supplementary Multilingual Plane/block-u12000-u123ff-cuneiform.md	machine-initial-v1	visual-balanced-unicode-block-v1
𒂏	U+1208F	CUNEIFORM SIGN E2 TIMES GAR	Lo	cuneiform	mv	12	k	绳结	s	1	x	穿过交叠	mvkx	cuneiform视觉聚类C12;状态组S1	true	0.281187	1.2278	0.3296	30_项目/个人Unicode音型输入法/数据/unicode全字符/plane-01-Supplementary Multilingual Plane/block-u12000-u123ff-cuneiform.md	machine-initial-v1	visual-balanced-unicode-block-v1
𒂐	U+12090	CUNEIFORM SIGN E2 TIMES MI	Lo	cuneiform	mv	12	k	绳结	s	2	f	实心高填充	mvkf	cuneiform视觉聚类C12;状态组S2	true	0.729061	1.2911	0.3467	30_项目/个人Unicode音型输入法/数据/unicode全字符/plane-01-Supplementary Multilingual Plane/block-u12000-u123ff-cuneiform.md	machine-initial-v1	visual-balanced-unicode-block-v1
𒂑	U+12091	CUNEIFORM SIGN E2 TIMES SAL	Lo	cuneiform	mv	12	k	绳结	s	2	f	实心高填充	mvkf	cuneiform视觉聚类C12;状态组S2	true	0.656543	1.2125	0.3241	30_项目/个人Unicode音型输入法/数据/unicode全字符/plane-01-Supplementary Multilingual Plane/block-u12000-u123ff-cuneiform.md	machine-initial-v1	visual-balanced-unicode-block-v1
𒂒	U+12092	CUNEIFORM SIGN E2 TIMES SHE	Lo	cuneiform	mv	12	k	绳结	s	1	x	穿过交叠	mvkx	cuneiform视觉聚类C12;状态组S1	true	0.312583	1.2278	0.3543	30_项目/个人Unicode音型输入法/数据/unicode全字符/plane-01-Supplementary Multilingual Plane/block-u12000-u123ff-cuneiform.md	machine-initial-v1	visual-balanced-unicode-block-v1
𒂓	U+12093	CUNEIFORM SIGN E2 TIMES U	Lo	cuneiform	mv	12	k	绳结	s	1	x	穿过交叠	mvkx	cuneiform视觉聚类C12;状态组S1	true	0.295707	1.2278	0.3167	30_项目/个人Unicode音型输入法/数据/unicode全字符/plane-01-Supplementary Multilingual Plane/block-u12000-u123ff-cuneiform.md	machine-initial-v1	visual-balanced-unicode-block-v1
𒂔	U+12094	CUNEIFORM SIGN EDIN	Lo	cuneiform	mv	4	n	成列成排	s	2	s	对称	mvns	cuneiform视觉聚类C4;状态组S2	false	0.213572	1.8987	0.2341	30_项目/个人Unicode音型输入法/数据/unicode全字符/plane-01-Supplementary Multilingual Plane/block-u12000-u123ff-cuneiform.md	machine-initial-v1	visual-balanced-unicode-block-v1
𒂕	U+12095	CUNEIFORM SIGN EGIR	Lo	cuneiform	mv	20	e	椭圆	s	0	s	对称	mves	cuneiform视觉聚类C20;状态组S0	false	0.249495	2.0769	0.2636	30_项目/个人Unicode音型输入法/数据/unicode全字符/plane-01-Supplementary Multilingual Plane/block-u12000-u123ff-cuneiform.md	machine-initial-v1	visual-balanced-unicode-block-v1
𒂖	U+12096	CUNEIFORM SIGN EL	Lo	cuneiform	mv	25	q	其他	s	0	p	成对	mvqp	cuneiform视觉聚类C25;状态组S0	true	0.487172	1.4070	0.2315	30_项目/个人Unicode音型输入法/数据/unicode全字符/plane-01-Supplementary Multilingual Plane/block-u12000-u123ff-cuneiform.md	machine-initial-v1	visual-balanced-unicode-block-v1
𒂗	U+12097	CUNEIFORM SIGN EN	Lo	cuneiform	mv	8	m	复合	s	0	s	对称	mvms	cuneiform视觉聚类C8;状态组S0	false	0.388396	1.2192	0.2104	30_项目/个人Unicode音型输入法/数据/unicode全字符/plane-01-Supplementary Multilingual Plane/block-u12000-u123ff-cuneiform.md	machine-initial-v1	visual-balanced-unicode-block-v1
𒂘	U+12098	CUNEIFORM SIGN EN TIMES GAN2	Lo	cuneiform	mv	8	m	复合	s	0	s	对称	mvms	cuneiform视觉聚类C8;状态组S0	false	0.363987	1.2329	0.2796	30_项目/个人Unicode音型输入法/数据/unicode全字符/plane-01-Supplementary Multilingual Plane/block-u12000-u123ff-cuneiform.md	machine-initial-v1	visual-balanced-unicode-block-v1
𒂙	U+12099	CUNEIFORM SIGN EN TIMES GAN2 TENU	Lo	cuneiform	mv	8	m	复合	s	0	s	对称	mvms	cuneiform视觉聚类C8;状态组S0	false	0.580033	1.3014	0.2838	30_项目/个人Unicode音型输入法/数据/unicode全字符/plane-01-Supplementary Multilingual Plane/block-u12000-u123ff-cuneiform.md	machine-initial-v1	visual-balanced-unicode-block-v1
𒂚	U+1209A	CUNEIFORM SIGN EN TIMES ME	Lo	cuneiform	mv	8	m	复合	s	0	s	对称	mvms	cuneiform视觉聚类C8;状态组S0	false	0.351733	1.2192	0.2347	30_项目/个人Unicode音型输入法/数据/unicode全字符/plane-01-Supplementary Multilingual Plane/block-u12000-u123ff-cuneiform.md	machine-initial-v1	visual-balanced-unicode-block-v1
𒂛	U+1209B	CUNEIFORM SIGN EN CROSSING EN	Lo	cuneiform	mv	7	r	放射星芒	s	2	s	对称	mvrs	cuneiform视觉聚类C7;状态组S2	false	0.807211	1.0737	0.1978	30_项目/个人Unicode音型输入法/数据/unicode全字符/plane-01-Supplementary Multilingual Plane/block-u12000-u123ff-cuneiform.md	machine-initial-v1	visual-balanced-unicode-block-v1
𒂜	U+1209C	CUNEIFORM SIGN EN OPPOSING EN	Lo	cuneiform	mv	20	e	椭圆	s	2	w	宽展	mvew	cuneiform视觉聚类C20;状态组S2	true	0.295807	2.1781	0.2353	30_项目/个人Unicode音型输入法/数据/unicode全字符/plane-01-Supplementary Multilingual Plane/block-u12000-u123ff-cuneiform.md	machine-initial-v1	visual-balanced-unicode-block-v1
𒂝	U+1209D	CUNEIFORM SIGN EN SQUARED	Lo	cuneiform	mv	11	w	波浪流线	s	0	o	外包	mvwo	cuneiform视觉聚类C11;状态组S0	true	0.431187	1.3333	0.1424	30_项目/个人Unicode音型输入法/数据/unicode全字符/plane-01-Supplementary Multilingual Plane/block-u12000-u123ff-cuneiform.md	machine-initial-v1	visual-balanced-unicode-block-v1
𒂞	U+1209E	CUNEIFORM SIGN EREN	Lo	cuneiform	mv	24	c	曲弧	s	0	o	外包	mvco	cuneiform视觉聚类C24;状态组S0	true	0.443499	1.7816	0.3131	30_项目/个人Unicode音型输入法/数据/unicode全字符/plane-01-Supplementary Multilingual Plane/block-u12000-u123ff-cuneiform.md	machine-initial-v1	visual-balanced-unicode-block-v1
𒂟	U+1209F	CUNEIFORM SIGN ERIN2	Lo	cuneiform	mv	3	i	细柱	s	0	s	对称	mvis	cuneiform视觉聚类C3;状态组S0	false	0.766777	0.8615	0.1626	30_项目/个人Unicode音型输入法/数据/unicode全字符/plane-01-Supplementary Multilingual Plane/block-u12000-u123ff-cuneiform.md	machine-initial-v1	visual-balanced-unicode-block-v1
𒂠	U+120A0	CUNEIFORM SIGN ESH2	Lo	cuneiform	mv	7	r	放射星芒	s	2	s	对称	mvrs	cuneiform视觉聚类C7;状态组S2	false	1.139763	1.0641	0.2938	30_项目/个人Unicode音型输入法/数据/unicode全字符/plane-01-Supplementary Multilingual Plane/block-u12000-u123ff-cuneiform.md	machine-initial-v1	visual-balanced-unicode-block-v1
𒂡	U+120A1	CUNEIFORM SIGN EZEN	Lo	cuneiform	mv	1	l	线条	s	1	s	对称	mvls	cuneiform视觉聚类C1;状态组S1	false	0.063618	1.5122	0.2148	30_项目/个人Unicode音型输入法/数据/unicode全字符/plane-01-Supplementary Multilingual Plane/block-u12000-u123ff-cuneiform.md	machine-initial-v1	visual-balanced-unicode-block-v1
𒂢	U+120A2	CUNEIFORM SIGN EZEN TIMES A	Lo	cuneiform	mv	21	b	块面	s	0	s	对称	mvbs	cuneiform视觉聚类C21;状态组S0	false	0.078169	1.5122	0.2467	30_项目/个人Unicode音型输入法/数据/unicode全字符/plane-01-Supplementary Multilingual Plane/block-u12000-u123ff-cuneiform.md	machine-initial-v1	visual-balanced-unicode-block-v1
𒂣	U+120A3	CUNEIFORM SIGN EZEN TIMES A PLUS LAL	Lo	cuneiform	mv	1	l	线条	s	2	o	外包	mvlo	cuneiform视觉聚类C1;状态组S2	true	0.021685	1.5122	0.2538	30_项目/个人Unicode音型输入法/数据/unicode全字符/plane-01-Supplementary Multilingual Plane/block-u12000-u123ff-cuneiform.md	machine-initial-v1	visual-balanced-unicode-block-v1
𒂤	U+120A4	CUNEIFORM SIGN EZEN TIMES A PLUS LAL TIMES LAL	Lo	cuneiform	mv	22	s	方框	s	2	o	外包	mvso	cuneiform视觉聚类C22;状态组S2	true	0.670948	1.5122	0.2685	30_项目/个人Unicode音型输入法/数据/unicode全字符/plane-01-Supplementary Multilingual Plane/block-u12000-u123ff-cuneiform.md	machine-initial-v1	visual-balanced-unicode-block-v1
𒂥	U+120A5	CUNEIFORM SIGN EZEN TIMES AN	Lo	cuneiform	mv	1	l	线条	s	2	o	外包	mvlo	cuneiform视觉聚类C1;状态组S2	true	0.019905	1.5122	0.2447	30_项目/个人Unicode音型输入法/数据/unicode全字符/plane-01-Supplementary Multilingual Plane/block-u12000-u123ff-cuneiform.md	machine-initial-v1	visual-balanced-unicode-block-v1
𒂦	U+120A6	CUNEIFORM SIGN EZEN TIMES BAD	Lo	cuneiform	mv	1	l	线条	s	1	s	对称	mvls	cuneiform视觉聚类C1;状态组S1	false	0.038621	1.5122	0.2287	30_项目/个人Unicode音型输入法/数据/unicode全字符/plane-01-Supplementary Multilingual Plane/block-u12000-u123ff-cuneiform.md	machine-initial-v1	visual-balanced-unicode-block-v1
𒂧	U+120A7	CUNEIFORM SIGN EZEN TIMES DUN3 GUNU	Lo	cuneiform	mv	21	b	块面	s	2	o	外包	mvbo	cuneiform视觉聚类C21;状态组S2	true	0.083705	1.5122	0.2848	30_项目/个人Unicode音型输入法/数据/unicode全字符/plane-01-Supplementary Multilingual Plane/block-u12000-u123ff-cuneiform.md	machine-initial-v1	visual-balanced-unicode-block-v1
𒂨	U+120A8	CUNEIFORM SIGN EZEN TIMES DUN3 GUNU GUNU	Lo	cuneiform	mv	21	b	块面	s	2	o	外包	mvbo	cuneiform视觉聚类C21;状态组S2	true	0.095460	1.5122	0.2942	30_项目/个人Unicode音型输入法/数据/unicode全字符/plane-01-Supplementary Multilingual Plane/block-u12000-u123ff-cuneiform.md	machine-initial-v1	visual-balanced-unicode-block-v1
𒂩	U+120A9	CUNEIFORM SIGN EZEN TIMES HA	Lo	cuneiform	mv	1	l	线条	s	2	o	外包	mvlo	cuneiform视觉聚类C1;状态组S2	true	0.024406	1.5122	0.2555	30_项目/个人Unicode音型输入法/数据/unicode全字符/plane-01-Supplementary Multilingual Plane/block-u12000-u123ff-cuneiform.md	machine-initial-v1	visual-balanced-unicode-block-v1
𒂪	U+120AA	CUNEIFORM SIGN EZEN TIMES HA GUNU	Lo	cuneiform	mv	1	l	线条	s	2	o	外包	mvlo	cuneiform视觉聚类C1;状态组S2	true	0.050891	1.5122	0.2686	30_项目/个人Unicode音型输入法/数据/unicode全字符/plane-01-Supplementary Multilingual Plane/block-u12000-u123ff-cuneiform.md	machine-initial-v1	visual-balanced-unicode-block-v1
𒂫	U+120AB	CUNEIFORM SIGN EZEN TIMES IGI GUNU	Lo	cuneiform	mv	1	l	线条	s	2	o	外包	mvlo	cuneiform视觉聚类C1;状态组S2	true	0.026989	1.5122	0.2520	30_项目/个人Unicode音型输入法/数据/unicode全字符/plane-01-Supplementary Multilingual Plane/block-u12000-u123ff-cuneiform.md	machine-initial-v1	visual-balanced-unicode-block-v1
𒂬	U+120AC	CUNEIFORM SIGN EZEN TIMES KASKAL	Lo	cuneiform	mv	21	b	块面	s	0	s	对称	mvbs	cuneiform视觉聚类C21;状态组S0	false	0.091821	1.5122	0.2674	30_项目/个人Unicode音型输入法/数据/unicode全字符/plane-01-Supplementary Multilingual Plane/block-u12000-u123ff-cuneiform.md	machine-initial-v1	visual-balanced-unicode-block-v1
𒂭	U+120AD	CUNEIFORM SIGN EZEN TIMES KASKAL SQUARED	Lo	cuneiform	mv	11	w	波浪流线	s	0	o	外包	mvwo	cuneiform视觉聚类C11;状态组S0	true	0.520088	1.2472	0.1590	30_项目/个人Unicode音型输入法/数据/unicode全字符/plane-01-Supplementary Multilingual Plane/block-u12000-u123ff-cuneiform.md	machine-initial-v1	visual-balanced-unicode-block-v1
𒂮	U+120AE	CUNEIFORM SIGN EZEN TIMES KU3	Lo	cuneiform	mv	1	l	线条	s	0	x	穿过交叠	mvlx	cuneiform视觉聚类C1;状态组S0	true	0.034894	1.5122	0.2514	30_项目/个人Unicode音型输入法/数据/unicode全字符/plane-01-Supplementary Multilingual Plane/block-u12000-u123ff-cuneiform.md	machine-initial-v1	visual-balanced-unicode-block-v1
𒂯	U+120AF	CUNEIFORM SIGN EZEN TIMES LA	Lo	cuneiform	mv	21	b	块面	s	2	o	外包	mvbo	cuneiform视觉聚类C21;状态组S2	true	0.098923	1.5122	0.2766	30_项目/个人Unicode音型输入法/数据/unicode全字符/plane-01-Supplementary Multilingual Plane/block-u12000-u123ff-cuneiform.md	machine-initial-v1	visual-balanced-unicode-block-v1
𒂰	U+120B0	CUNEIFORM SIGN EZEN TIMES LAL TIMES LAL	Lo	cuneiform	mv	1	l	线条	s	0	x	穿过交叠	mvlx	cuneiform视觉聚类C1;状态组S0	true	0.019161	1.5122	0.2467	30_项目/个人Unicode音型输入法/数据/unicode全字符/plane-01-Supplementary Multilingual Plane/block-u12000-u123ff-cuneiform.md	machine-initial-v1	visual-balanced-unicode-block-v1
𒂱	U+120B1	CUNEIFORM SIGN EZEN TIMES LI	Lo	cuneiform	mv	21	b	块面	s	0	s	对称	mvbs	cuneiform视觉聚类C21;状态组S0	false	0.076207	1.5122	0.2854	30_项目/个人Unicode音型输入法/数据/unicode全字符/plane-01-Supplementary Multilingual Plane/block-u12000-u123ff-cuneiform.md	machine-initial-v1	visual-balanced-unicode-block-v1
𒂲	U+120B2	CUNEIFORM SIGN EZEN TIMES LU	Lo	cuneiform	mv	1	l	线条	s	0	x	穿过交叠	mvlx	cuneiform视觉聚类C1;状态组S0	true	0.027394	1.5122	0.2471	30_项目/个人Unicode音型输入法/数据/unicode全字符/plane-01-Supplementary Multilingual Plane/block-u12000-u123ff-cuneiform.md	machine-initial-v1	visual-balanced-unicode-block-v1
𒂳	U+120B3	CUNEIFORM SIGN EZEN TIMES U2	Lo	cuneiform	mv	21	b	块面	s	0	s	对称	mvbs	cuneiform视觉聚类C21;状态组S0	false	0.059717	1.5122	0.2531	30_项目/个人Unicode音型输入法/数据/unicode全字符/plane-01-Supplementary Multilingual Plane/block-u12000-u123ff-cuneiform.md	machine-initial-v1	visual-balanced-unicode-block-v1
𒂴	U+120B4	CUNEIFORM SIGN EZEN TIMES UD	Lo	cuneiform	mv	21	b	块面	s	0	s	对称	mvbs	cuneiform视觉聚类C21;状态组S0	false	0.083662	1.5122	0.2460	30_项目/个人Unicode音型输入法/数据/unicode全字符/plane-01-Supplementary Multilingual Plane/block-u12000-u123ff-cuneiform.md	machine-initial-v1	visual-balanced-unicode-block-v1
𒂵	U+120B5	CUNEIFORM SIGN GA	Lo	cuneiform	mv	25	q	其他	s	1	s	对称	mvqs	cuneiform视觉聚类C25;状态组S1	false	0.278992	1.6265	0.2853	30_项目/个人Unicode音型输入法/数据/unicode全字符/plane-01-Supplementary Multilingual Plane/block-u12000-u123ff-cuneiform.md	machine-initial-v1	visual-balanced-unicode-block-v1
𒂶	U+120B6	CUNEIFORM SIGN GA GUNU	Lo	cuneiform	mv	25	q	其他	s	1	s	对称	mvqs	cuneiform视觉聚类C25;状态组S1	false	0.315750	1.6265	0.3260	30_项目/个人Unicode音型输入法/数据/unicode全字符/plane-01-Supplementary Multilingual Plane/block-u12000-u123ff-cuneiform.md	machine-initial-v1	visual-balanced-unicode-block-v1
𒂷	U+120B7	CUNEIFORM SIGN GA2	Lo	cuneiform	mv	0	x	交叉	s	2	s	对称	mvxs	cuneiform视觉聚类C0;状态组S2	false	0.056262	1.2989	0.1862	30_项目/个人Unicode音型输入法/数据/unicode全字符/plane-01-Supplementary Multilingual Plane/block-u12000-u123ff-cuneiform.md	machine-initial-v1	visual-balanced-unicode-block-v1
𒂸	U+120B8	CUNEIFORM SIGN GA2 TIMES A PLUS DA PLUS HA	Lo	cuneiform	mv	17	j	钩弯	s	0	o	外包	mvjo	cuneiform视觉聚类C17;状态组S0	true	0.076080	1.2989	0.2771	30_项目/个人Unicode音型输入法/数据/unicode全字符/plane-01-Supplementary Multilingual Plane/block-u12000-u123ff-cuneiform.md	machine-initial-v1	visual-balanced-unicode-block-v1
𒂹	U+120B9	CUNEIFORM SIGN GA2 TIMES A PLUS HA	Lo	cuneiform	mv	9	o	圆环	s	0	o	外包	mvoo	cuneiform视觉聚类C9;状态组S0	true	0.122216	1.2989	0.2595	30_项目/个人Unicode音型输入法/数据/unicode全字符/plane-01-Supplementary Multilingual Plane/block-u12000-u123ff-cuneiform.md	machine-initial-v1	visual-balanced-unicode-block-v1
𒂺	U+120BA	CUNEIFORM SIGN GA2 TIMES A PLUS IGI	Lo	cuneiform	mv	22	s	方框	s	2	o	外包	mvso	cuneiform视觉聚类C22;状态组S2	true	0.558907	1.2989	0.2449	30_项目/个人Unicode音型输入法/数据/unicode全字符/plane-01-Supplementary Multilingual Plane/block-u12000-u123ff-cuneiform.md	machine-initial-v1	visual-balanced-unicode-block-v1
𒂻	U+120BB	CUNEIFORM SIGN GA2 TIMES AB2 TENU PLUS TAB	Lo	cuneiform	mv	15	u	容器U形	s	0	o	外包	mvuo	cuneiform视觉聚类C15;状态组S0	true	0.577941	1.2989	0.2431	30_项目/个人Unicode音型输入法/数据/unicode全字符/plane-01-Supplementary Multilingual Plane/block-u12000-u123ff-cuneiform.md	machine-initial-v1	visual-balanced-unicode-block-v1
𒂼	U+120BC	CUNEIFORM SIGN GA2 TIMES AN	Lo	cuneiform	mv	14	f	人物轮廓	s	2	x	穿过交叠	mvfx	cuneiform视觉聚类C14;状态组S2	true	0.397020	1.2989	0.2352	30_项目/个人Unicode音型输入法/数据/unicode全字符/plane-01-Supplementary Multilingual Plane/block-u12000-u123ff-cuneiform.md	machine-initial-v1	visual-balanced-unicode-block-v1
𒂽	U+120BD	CUNEIFORM SIGN GA2 TIMES ASH	Lo	cuneiform	mv	0	x	交叉	s	2	s	对称	mvxs	cuneiform视觉聚类C0;状态组S2	false	0.039092	1.2989	0.2013	30_项目/个人Unicode音型输入法/数据/unicode全字符/plane-01-Supplementary Multilingual Plane/block-u12000-u123ff-cuneiform.md	machine-initial-v1	visual-balanced-unicode-block-v1
𒂾	U+120BE	CUNEIFORM SIGN GA2 TIMES ASH2 PLUS GAL	Lo	cuneiform	mv	17	j	钩弯	s	1	x	穿过交叠	mvjx	cuneiform视觉聚类C17;状态组S1	true	0.165939	1.3448	0.2660	30_项目/个人Unicode音型输入法/数据/unicode全字符/plane-01-Supplementary Multilingual Plane/block-u12000-u123ff-cuneiform.md	machine-initial-v1	visual-balanced-unicode-block-v1
𒂿	U+120BF	CUNEIFORM SIGN GA2 TIMES BAD	Lo	cuneiform	mv	0	x	交叉	s	2	s	对称	mvxs	cuneiform视觉聚类C0;状态组S2	false	0.060147	1.2989	0.2165	30_项目/个人Unicode音型输入法/数据/unicode全字符/plane-01-Supplementary Multilingual Plane/block-u12000-u123ff-cuneiform.md	machine-initial-v1	visual-balanced-unicode-block-v1
𒃀	U+120C0	CUNEIFORM SIGN GA2 TIMES BAR PLUS RA	Lo	cuneiform	mv	9	o	圆环	s	1	x	穿过交叠	mvox	cuneiform视觉聚类C9;状态组S1	true	0.099709	1.2989	0.2600	30_项目/个人Unicode音型输入法/数据/unicode全字符/plane-01-Supplementary Multilingual Plane/block-u12000-u123ff-cuneiform.md	machine-initial-v1	visual-balanced-unicode-block-v1
𒃁	U+120C1	CUNEIFORM SIGN GA2 TIMES BUR	Lo	cuneiform	mv	19	a	角折	s	0	o	外包	mvao	cuneiform视觉聚类C19;状态组S0	true	0.188094	1.2989	0.2422	30_项目/个人Unicode音型输入法/数据/unicode全字符/plane-01-Supplementary Multilingual Plane/block-u12000-u123ff-cuneiform.md	machine-initial-v1	visual-balanced-unicode-block-v1
𒃂	U+120C2	CUNEIFORM SIGN GA2 TIMES BUR PLUS RA	Lo	cuneiform	mv	17	j	钩弯	s	1	x	穿过交叠	mvjx	cuneiform视觉聚类C17;状态组S1	true	0.084595	1.2989	0.2778	30_项目/个人Unicode音型输入法/数据/unicode全字符/plane-01-Supplementary Multilingual Plane/block-u12000-u123ff-cuneiform.md	machine-initial-v1	visual-balanced-unicode-block-v1
𒃃	U+120C3	CUNEIFORM SIGN GA2 TIMES DA	Lo	cuneiform	mv	9	o	圆环	s	0	o	外包	mvoo	cuneiform视觉聚类C9;状态组S0	true	0.052397	1.2989	0.2514	30_项目/个人Unicode音型输入法/数据/unicode全字符/plane-01-Supplementary Multilingual Plane/block-u12000-u123ff-cuneiform.md	machine-initial-v1	visual-balanced-unicode-block-v1
𒃄	U+120C4	CUNEIFORM SIGN GA2 TIMES DI	Lo	cuneiform	mv	16	d	点状	s	1	g	缺口开放	mvdg	cuneiform视觉聚类C16;状态组S1	true	0.104324	1.2989	0.2381	30_项目/个人Unicode音型输入法/数据/unicode全字符/plane-01-Supplementary Multilingual Plane/block-u12000-u123ff-cuneiform.md	machine-initial-v1	visual-balanced-unicode-block-v1
𒃅	U+120C5	CUNEIFORM SIGN GA2 TIMES DIM TIMES SHE	Lo	cuneiform	mv	19	a	角折	s	0	o	外包	mvao	cuneiform视觉聚类C19;状态组S0	true	0.190278	1.2989	0.2372	30_项目/个人Unicode音型输入法/数据/unicode全字符/plane-01-Supplementary Multilingual Plane/block-u12000-u123ff-cuneiform.md	machine-initial-v1	visual-balanced-unicode-block-v1
𒃆	U+120C6	CUNEIFORM SIGN GA2 TIMES DUB	Lo	cuneiform	mv	15	u	容器U形	s	0	o	外包	mvuo	cuneiform视觉聚类C15;状态组S0	true	0.529724	1.2989	0.2851	30_项目/个人Unicode音型输入法/数据/unicode全字符/plane-01-Supplementary Multilingual Plane/block-u12000-u123ff-cuneiform.md	machine-initial-v1	visual-balanced-unicode-block-v1
𒃇	U+120C7	CUNEIFORM SIGN GA2 TIMES EL	Lo	cuneiform	mv	14	f	人物轮廓	s	2	x	穿过交叠	mvfx	cuneiform视觉聚类C14;状态组S2	true	0.389703	1.2989	0.2323	30_项目/个人Unicode音型输入法/数据/unicode全字符/plane-01-Supplementary Multilingual Plane/block-u12000-u123ff-cuneiform.md	machine-initial-v1	visual-balanced-unicode-block-v1
𒃈	U+120C8	CUNEIFORM SIGN GA2 TIMES EL PLUS LA	Lo	cuneiform	mv	19	a	角折	s	0	o	外包	mvao	cuneiform视觉聚类C19;状态组S0	true	0.164431	1.2989	0.2719	30_项目/个人Unicode音型输入法/数据/unicode全字符/plane-01-Supplementary Multilingual Plane/block-u12000-u123ff-cuneiform.md	machine-initial-v1	visual-balanced-unicode-block-v1
𒃉	U+120C9	CUNEIFORM SIGN GA2 TIMES EN	Lo	cuneiform	mv	16	d	点状	s	0	x	穿过交叠	mvdx	cuneiform视觉聚类C16;状态组S0	true	0.089105	1.2989	0.2452	30_项目/个人Unicode音型输入法/数据/unicode全字符/plane-01-Supplementary Multilingual Plane/block-u12000-u123ff-cuneiform.md	machine-initial-v1	visual-balanced-unicode-block-v1
𒃊	U+120CA	CUNEIFORM SIGN GA2 TIMES EN TIMES GAN2 TENU	Lo	cuneiform	mv	19	a	角折	s	2	s	对称	mvas	cuneiform视觉聚类C19;状态组S2	false	0.361805	1.3908	0.2516	30_项目/个人Unicode音型输入法/数据/unicode全字符/plane-01-Supplementary Multilingual Plane/block-u12000-u123ff-cuneiform.md	machine-initial-v1	visual-balanced-unicode-block-v1
𒃋	U+120CB	CUNEIFORM SIGN GA2 TIMES GAN2 TENU	Lo	cuneiform	mv	16	d	点状	s	1	g	缺口开放	mvdg	cuneiform视觉聚类C16;状态组S1	true	0.097859	1.2989	0.2510	30_项目/个人Unicode音型输入法/数据/unicode全字符/plane-01-Supplementary Multilingual Plane/block-u12000-u123ff-cuneiform.md	machine-initial-v1	visual-balanced-unicode-block-v1
𒃌	U+120CC	CUNEIFORM SIGN GA2 TIMES GAR	Lo	cuneiform	mv	0	x	交叉	s	0	x	穿过交叠	mvxx	cuneiform视觉聚类C0;状态组S0	true	0.062205	1.2989	0.2244	30_项目/个人Unicode音型输入法/数据/unicode全字符/plane-01-Supplementary Multilingual Plane/block-u12000-u123ff-cuneiform.md	machine-initial-v1	visual-balanced-unicode-block-v1
𒃍	U+120CD	CUNEIFORM SIGN GA2 TIMES GI	Lo	cuneiform	mv	16	d	点状	s	2	s	对称	mvds	cuneiform视觉聚类C16;状态组S2	false	0.152216	1.2989	0.2818	30_项目/个人Unicode音型输入法/数据/unicode全字符/plane-01-Supplementary Multilingual Plane/block-u12000-u123ff-cuneiform.md	machine-initial-v1	visual-balanced-unicode-block-v1
𒃎	U+120CE	CUNEIFORM SIGN GA2 TIMES GI4	Lo	cuneiform	mv	17	j	钩弯	s	1	x	穿过交叠	mvjx	cuneiform视觉聚类C17;状态组S1	true	0.120753	1.2989	0.2833	30_项目/个人Unicode音型输入法/数据/unicode全字符/plane-01-Supplementary Multilingual Plane/block-u12000-u123ff-cuneiform.md	machine-initial-v1	visual-balanced-unicode-block-v1
𒃏	U+120CF	CUNEIFORM SIGN GA2 TIMES GI4 PLUS A	Lo	cuneiform	mv	17	j	钩弯	s	0	o	外包	mvjo	cuneiform视觉聚类C17;状态组S0	true	0.098592	1.2989	0.3021	30_项目/个人Unicode音型输入法/数据/unicode全字符/plane-01-Supplementary Multilingual Plane/block-u12000-u123ff-cuneiform.md	machine-initial-v1	visual-balanced-unicode-block-v1
𒃐	U+120D0	CUNEIFORM SIGN GA2 TIMES GIR2 PLUS SU	Lo	cuneiform	mv	17	j	钩弯	s	0	o	外包	mvjo	cuneiform视觉聚类C17;状态组S0	true	0.084323	1.2989	0.2868	30_项目/个人Unicode音型输入法/数据/unicode全字符/plane-01-Supplementary Multilingual Plane/block-u12000-u123ff-cuneiform.md	machine-initial-v1	visual-balanced-unicode-block-v1
𒃑	U+120D1	CUNEIFORM SIGN GA2 TIMES HA PLUS LU PLUS ESH2	Lo	cuneiform	mv	17	j	钩弯	s	1	x	穿过交叠	mvjx	cuneiform视觉聚类C17;状态组S1	true	0.092109	1.2989	0.2876	30_项目/个人Unicode音型输入法/数据/unicode全字符/plane-01-Supplementary Multilingual Plane/block-u12000-u123ff-cuneiform.md	machine-initial-v1	visual-balanced-unicode-block-v1
𒃒	U+120D2	CUNEIFORM SIGN GA2 TIMES HAL	Lo	cuneiform	mv	0	x	交叉	s	2	s	对称	mvxs	cuneiform视觉聚类C0;状态组S2	false	0.035662	1.2989	0.2132	30_项目/个人Unicode音型输入法/数据/unicode全字符/plane-01-Supplementary Multilingual Plane/block-u12000-u123ff-cuneiform.md	machine-initial-v1	visual-balanced-unicode-block-v1
𒃓	U+120D3	CUNEIFORM SIGN GA2 TIMES HAL PLUS LA	Lo	cuneiform	mv	17	j	钩弯	s	1	x	穿过交叠	mvjx	cuneiform视觉聚类C17;状态组S1	true	0.069990	1.2989	0.2644	30_项目/个人Unicode音型输入法/数据/unicode全字符/plane-01-Supplementary Multilingual Plane/block-u12000-u123ff-cuneiform.md	machine-initial-v1	visual-balanced-unicode-block-v1
𒃔	U+120D4	CUNEIFORM SIGN GA2 TIMES HI PLUS LI	Lo	cuneiform	mv	19	a	角折	s	0	o	外包	mvao	cuneiform视觉聚类C19;状态组S0	true	0.173152	1.2989	0.2805	30_项目/个人Unicode音型输入法/数据/unicode全字符/plane-01-Supplementary Multilingual Plane/block-u12000-u123ff-cuneiform.md	machine-initial-v1	visual-balanced-unicode-block-v1
𒃕	U+120D5	CUNEIFORM SIGN GA2 TIMES HUB2	Lo	cuneiform	mv	9	o	圆环	s	0	o	外包	mvoo	cuneiform视觉聚类C9;状态组S0	true	0.081240	1.2989	0.2436	30_项目/个人Unicode音型输入法/数据/unicode全字符/plane-01-Supplementary Multilingual Plane/block-u12000-u123ff-cuneiform.md	machine-initial-v1	visual-balanced-unicode-block-v1
𒃖	U+120D6	CUNEIFORM SIGN GA2 TIMES IGI GUNU	Lo	cuneiform	mv	0	x	交叉	s	0	x	穿过交叠	mvxx	cuneiform视觉聚类C0;状态组S0	true	0.060813	1.2989	0.2287	30_项目/个人Unicode音型输入法/数据/unicode全字符/plane-01-Supplementary Multilingual Plane/block-u12000-u123ff-cuneiform.md	machine-initial-v1	visual-balanced-unicode-block-v1
𒃗	U+120D7	CUNEIFORM SIGN GA2 TIMES ISH PLUS HU PLUS ASH	Lo	cuneiform	mv	17	j	钩弯	s	2	s	对称	mvjs	cuneiform视觉聚类C17;状态组S2	false	0.126549	1.3333	0.2640	30_项目/个人Unicode音型输入法/数据/unicode全字符/plane-01-Supplementary Multilingual Plane/block-u12000-u123ff-cuneiform.md	machine-initial-v1	visual-balanced-unicode-block-v1
𒃘	U+120D8	CUNEIFORM SIGN GA2 TIMES KAK	Lo	cuneiform	mv	8	m	复合	s	1	o	外包	mvmo	cuneiform视觉聚类C8;状态组S1	true	1.012835	1.2989	0.2329	30_项目/个人Unicode音型输入法/数据/unicode全字符/plane-01-Supplementary Multilingual Plane/block-u12000-u123ff-cuneiform.md	machine-initial-v1	visual-balanced-unicode-block-v1
𒃙	U+120D9	CUNEIFORM SIGN GA2 TIMES KASKAL	Lo	cuneiform	mv	16	d	点状	s	1	g	缺口开放	mvdg	cuneiform视觉聚类C16;状态组S1	true	0.091538	1.2989	0.2550	30_项目/个人Unicode音型输入法/数据/unicode全字符/plane-01-Supplementary Multilingual Plane/block-u12000-u123ff-cuneiform.md	machine-initial-v1	visual-balanced-unicode-block-v1
𒃚	U+120DA	CUNEIFORM SIGN GA2 TIMES KID	Lo	cuneiform	mv	9	o	圆环	s	1	x	穿过交叠	mvox	cuneiform视觉聚类C9;状态组S1	true	0.064613	1.2989	0.2671	30_项目/个人Unicode音型输入法/数据/unicode全字符/plane-01-Supplementary Multilingual Plane/block-u12000-u123ff-cuneiform.md	machine-initial-v1	visual-balanced-unicode-block-v1
𒃛	U+120DB	CUNEIFORM SIGN GA2 TIMES KID PLUS LAL	Lo	cuneiform	mv	17	j	钩弯	s	2	s	对称	mvjs	cuneiform视觉聚类C17;状态组S2	false	0.106230	1.2989	0.2649	30_项目/个人Unicode音型输入法/数据/unicode全字符/plane-01-Supplementary Multilingual Plane/block-u12000-u123ff-cuneiform.md	machine-initial-v1	visual-balanced-unicode-block-v1
𒃜	U+120DC	CUNEIFORM SIGN GA2 TIMES KU3 PLUS AN	Lo	cuneiform	mv	19	a	角折	s	0	o	外包	mvao	cuneiform视觉聚类C19;状态组S0	true	0.178458	1.2989	0.2505	30_项目/个人Unicode音型输入法/数据/unicode全字符/plane-01-Supplementary Multilingual Plane/block-u12000-u123ff-cuneiform.md	machine-initial-v1	visual-balanced-unicode-block-v1
𒃝	U+120DD	CUNEIFORM SIGN GA2 TIMES LA	Lo	cuneiform	mv	9	o	圆环	s	0	o	外包	mvoo	cuneiform视觉聚类C9;状态组S0	true	0.070490	1.2989	0.2589	30_项目/个人Unicode音型输入法/数据/unicode全字符/plane-01-Supplementary Multilingual Plane/block-u12000-u123ff-cuneiform.md	machine-initial-v1	visual-balanced-unicode-block-v1
𒃞	U+120DE	CUNEIFORM SIGN GA2 TIMES ME PLUS EN	Lo	cuneiform	mv	16	d	点状	s	0	x	穿过交叠	mvdx	cuneiform视觉聚类C16;状态组S0	true	0.118289	1.2989	0.2670	30_项目/个人Unicode音型输入法/数据/unicode全字符/plane-01-Supplementary Multilingual Plane/block-u12000-u123ff-cuneiform.md	machine-initial-v1	visual-balanced-unicode-block-v1
𒃟	U+120DF	CUNEIFORM SIGN GA2 TIMES MI	Lo	cuneiform	mv	9	o	圆环	s	0	o	外包	mvoo	cuneiform视觉聚类C9;状态组S0	true	0.070926	1.2989	0.2471	30_项目/个人Unicode音型输入法/数据/unicode全字符/plane-01-Supplementary Multilingual Plane/block-u12000-u123ff-cuneiform.md	machine-initial-v1	visual-balanced-unicode-block-v1
𒃠	U+120E0	CUNEIFORM SIGN GA2 TIMES NUN	Lo	cuneiform	mv	0	x	交叉	s	1	g	缺口开放	mvxg	cuneiform视觉聚类C0;状态组S1	true	0.066375	1.2989	0.2338	30_项目/个人Unicode音型输入法/数据/unicode全字符/plane-01-Supplementary Multilingual Plane/block-u12000-u123ff-cuneiform.md	machine-initial-v1	visual-balanced-unicode-block-v1
𒃡	U+120E1	CUNEIFORM SIGN GA2 TIMES NUN OVER NUN	Lo	cuneiform	mv	16	d	点状	s	0	x	穿过交叠	mvdx	cuneiform视觉聚类C16;状态组S0	true	0.069963	1.2989	0.2664	30_项目/个人Unicode音型输入法/数据/unicode全字符/plane-01-Supplementary Multilingual Plane/block-u12000-u123ff-cuneiform.md	machine-initial-v1	visual-balanced-unicode-block-v1
𒃢	U+120E2	CUNEIFORM SIGN GA2 TIMES PA	Lo	cuneiform	mv	22	s	方框	s	2	o	外包	mvso	cuneiform视觉聚类C22;状态组S2	true	0.557278	1.2989	0.2309	30_项目/个人Unicode音型输入法/数据/unicode全字符/plane-01-Supplementary Multilingual Plane/block-u12000-u123ff-cuneiform.md	machine-initial-v1	visual-balanced-unicode-block-v1
𒃣	U+120E3	CUNEIFORM SIGN GA2 TIMES SAL	Lo	cuneiform	mv	0	x	交叉	s	0	x	穿过交叠	mvxx	cuneiform视觉聚类C0;状态组S0	true	0.064431	1.2989	0.2226	30_项目/个人Unicode音型输入法/数据/unicode全字符/plane-01-Supplementary Multilingual Plane/block-u12000-u123ff-cuneiform.md	machine-initial-v1	visual-balanced-unicode-block-v1
𒃤	U+120E4	CUNEIFORM SIGN GA2 TIMES SAR	Lo	cuneiform	mv	9	o	圆环	s	2	s	对称	mvos	cuneiform视觉聚类C9;状态组S2	false	0.094453	1.2989	0.2401	30_项目/个人Unicode音型输入法/数据/unicode全字符/plane-01-Supplementary Multilingual Plane/block-u12000-u123ff-cuneiform.md	machine-initial-v1	visual-balanced-unicode-block-v1
𒃥	U+120E5	CUNEIFORM SIGN GA2 TIMES SHE	Lo	cuneiform	mv	16	d	点状	s	1	g	缺口开放	mvdg	cuneiform视觉聚类C16;状态组S1	true	0.076174	1.2989	0.2522	30_项目/个人Unicode音型输入法/数据/unicode全字符/plane-01-Supplementary Multilingual Plane/block-u12000-u123ff-cuneiform.md	machine-initial-v1	visual-balanced-unicode-block-v1
𒃦	U+120E6	CUNEIFORM SIGN GA2 TIMES SHE PLUS TUR	Lo	cuneiform	mv	19	a	角折	s	2	s	对称	mvas	cuneiform视觉聚类C19;状态组S2	false	0.295105	1.3793	0.2681	30_项目/个人Unicode音型输入法/数据/unicode全字符/plane-01-Supplementary Multilingual Plane/block-u12000-u123ff-cuneiform.md	machine-initial-v1	visual-balanced-unicode-block-v1
𒃧	U+120E7	CUNEIFORM SIGN GA2 TIMES SHID	Lo	cuneiform	mv	9	o	圆环	s	1	x	穿过交叠	mvox	cuneiform视觉聚类C9;状态组S1	true	0.055754	1.2989	0.2564	30_项目/个人Unicode音型输入法/数据/unicode全字符/plane-01-Supplementary Multilingual Plane/block-u12000-u123ff-cuneiform.md	machine-initial-v1	visual-balanced-unicode-block-v1
𒃨	U+120E8	CUNEIFORM SIGN GA2 TIMES SUM	Lo	cuneiform	mv	16	d	点状	s	1	g	缺口开放	mvdg	cuneiform视觉聚类C16;状态组S1	true	0.065285	1.2989	0.2499	30_项目/个人Unicode音型输入法/数据/unicode全字符/plane-01-Supplementary Multilingual Plane/block-u12000-u123ff-cuneiform.md	machine-initial-v1	visual-balanced-unicode-block-v1
𒃩	U+120E9	CUNEIFORM SIGN GA2 TIMES TAK4	Lo	cuneiform	mv	16	d	点状	s	0	x	穿过交叠	mvdx	cuneiform视觉聚类C16;状态组S0	true	0.099063	1.2989	0.2557	30_项目/个人Unicode音型输入法/数据/unicode全字符/plane-01-Supplementary Multilingual Plane/block-u12000-u123ff-cuneiform.md	machine-initial-v1	visual-balanced-unicode-block-v1
𒃪	U+120EA	CUNEIFORM SIGN GA2 TIMES U	Lo	cuneiform	mv	0	x	交叉	s	0	x	穿过交叠	mvxx	cuneiform视觉聚类C0;状态组S0	true	0.066832	1.2989	0.2105	30_项目/个人Unicode音型输入法/数据/unicode全字符/plane-01-Supplementary Multilingual Plane/block-u12000-u123ff-cuneiform.md	machine-initial-v1	visual-balanced-unicode-block-v1
𒃫	U+120EB	CUNEIFORM SIGN GA2 TIMES UD	Lo	cuneiform	mv	0	x	交叉	s	2	s	对称	mvxs	cuneiform视觉聚类C0;状态组S2	false	0.080293	1.2989	0.2188	30_项目/个人Unicode音型输入法/数据/unicode全字符/plane-01-Supplementary Multilingual Plane/block-u12000-u123ff-cuneiform.md	machine-initial-v1	visual-balanced-unicode-block-v1
𒃬	U+120EC	CUNEIFORM SIGN GA2 TIMES UD PLUS DU	Lo	cuneiform	mv	9	o	圆环	s	1	x	穿过交叠	mvox	cuneiform视觉聚类C9;状态组S1	true	0.084547	1.2989	0.2450	30_项目/个人Unicode音型输入法/数据/unicode全字符/plane-01-Supplementary Multilingual Plane/block-u12000-u123ff-cuneiform.md	machine-initial-v1	visual-balanced-unicode-block-v1
𒃭	U+120ED	CUNEIFORM SIGN GA2 OVER GA2	Lo	cuneiform	mv	7	r	放射星芒	s	0	o	外包	mvro	cuneiform视觉聚类C7;状态组S0	true	0.664810	0.8200	0.1989	30_项目/个人Unicode音型输入法/数据/unicode全字符/plane-01-Supplementary Multilingual Plane/block-u12000-u123ff-cuneiform.md	machine-initial-v1	visual-balanced-unicode-block-v1
𒃮	U+120EE	CUNEIFORM SIGN GABA	Lo	cuneiform	mv	22	s	方框	s	0	s	对称	mvss	cuneiform视觉聚类C22;状态组S0	false	0.731816	1.4000	0.2767	30_项目/个人Unicode音型输入法/数据/unicode全字符/plane-01-Supplementary Multilingual Plane/block-u12000-u123ff-cuneiform.md	machine-initial-v1	visual-balanced-unicode-block-v1
𒃯	U+120EF	CUNEIFORM SIGN GABA CROSSING GABA	Lo	cuneiform	mv	2	y	分叉翼形	s	2	o	外包	mvyo	cuneiform视觉聚类C2;状态组S2	true	0.440492	0.9141	0.2088	30_项目/个人Unicode音型输入法/数据/unicode全字符/plane-01-Supplementary Multilingual Plane/block-u12000-u123ff-cuneiform.md	machine-initial-v1	visual-balanced-unicode-block-v1
𒃰	U+120F0	CUNEIFORM SIGN GAD	Lo	cuneiform	mv	11	w	波浪流线	s	1	x	穿过交叠	mvwx	cuneiform视觉聚类C11;状态组S1	true	1.049533	1.1571	0.1808	30_项目/个人Unicode音型输入法/数据/unicode全字符/plane-01-Supplementary Multilingual Plane/block-u12000-u123ff-cuneiform.md	machine-initial-v1	visual-balanced-unicode-block-v1
𒃱	U+120F1	CUNEIFORM SIGN GAD OVER GAD GAR OVER GAR	Lo	cuneiform	mv	7	r	放射星芒	p	1	p	成对	mvrp	cuneiform视觉聚类C7;状态组S1	false	1.138514	1.0538	0.2364	30_项目/个人Unicode音型输入法/数据/unicode全字符/plane-01-Supplementary Multilingual Plane/block-u12000-u123ff-cuneiform.md	machine-initial-v1	visual-balanced-unicode-block-v1
𒃲	U+120F2	CUNEIFORM SIGN GAL	Lo	cuneiform	mv	14	f	人物轮廓	s	0	s	对称	mvfs	cuneiform视觉聚类C14;状态组S0	false	0.588679	1.4286	0.1938	30_项目/个人Unicode音型输入法/数据/unicode全字符/plane-01-Supplementary Multilingual Plane/block-u12000-u123ff-cuneiform.md	machine-initial-v1	visual-balanced-unicode-block-v1
𒃳	U+120F3	CUNEIFORM SIGN GAL GAD OVER GAD GAR OVER GAR	Lo	cuneiform	mv	25	q	其他	s	2	w	宽展	mvqw	cuneiform视觉聚类C25;状态组S2	true	0.383387	1.6170	0.2657	30_项目/个人Unicode音型输入法/数据/unicode全字符/plane-01-Supplementary Multilingual Plane/block-u12000-u123ff-cuneiform.md	machine-initial-v1	visual-balanced-unicode-block-v1
𒃴	U+120F4	CUNEIFORM SIGN GALAM	Lo	cuneiform	mv	20	e	椭圆	s	2	w	宽展	mvew	cuneiform视觉聚类C20;状态组S2	true	0.277397	1.9048	0.1597	30_项目/个人Unicode音型输入法/数据/unicode全字符/plane-01-Supplementary Multilingual Plane/block-u12000-u123ff-cuneiform.md	machine-initial-v1	visual-balanced-unicode-block-v1
𒃵	U+120F5	CUNEIFORM SIGN GAM	Lo	cuneiform	mv	22	s	方框	s	1	q	倾斜	mvsq	cuneiform视觉聚类C22;状态组S1	true	0.658600	1.2381	0.0989	30_项目/个人Unicode音型输入法/数据/unicode全字符/plane-01-Supplementary Multilingual Plane/block-u12000-u123ff-cuneiform.md	machine-initial-v1	visual-balanced-unicode-block-v1
𒃶	U+120F6	CUNEIFORM SIGN GAN	Lo	cuneiform	mv	20	e	椭圆	s	2	w	宽展	mvew	cuneiform视觉聚类C20;状态组S2	true	0.373694	1.5000	0.1757	30_项目/个人Unicode音型输入法/数据/unicode全字符/plane-01-Supplementary Multilingual Plane/block-u12000-u123ff-cuneiform.md	machine-initial-v1	visual-balanced-unicode-block-v1
𒃷	U+120F7	CUNEIFORM SIGN GAN2	Lo	cuneiform	mv	14	f	人物轮廓	s	1	g	缺口开放	mvfg	cuneiform视觉聚类C14;状态组S1	true	0.648925	1.3600	0.2665	30_项目/个人Unicode音型输入法/数据/unicode全字符/plane-01-Supplementary Multilingual Plane/block-u12000-u123ff-cuneiform.md	machine-initial-v1	visual-balanced-unicode-block-v1
𒃸	U+120F8	CUNEIFORM SIGN GAN2 TENU	Lo	cuneiform	mv	15	u	容器U形	s	0	o	外包	mvuo	cuneiform视觉聚类C15;状态组S0	true	0.940670	1.0899	0.2179	30_项目/个人Unicode音型输入法/数据/unicode全字符/plane-01-Supplementary Multilingual Plane/block-u12000-u123ff-cuneiform.md	machine-initial-v1	visual-balanced-unicode-block-v1
𒃹	U+120F9	CUNEIFORM SIGN GAN2 OVER GAN2	Lo	cuneiform	mv	7	r	放射星芒	s	0	o	外包	mvro	cuneiform视觉聚类C7;状态组S0	true	0.711921	0.8085	0.2683	30_项目/个人Unicode音型输入法/数据/unicode全字符/plane-01-Supplementary Multilingual Plane/block-u12000-u123ff-cuneiform.md	machine-initial-v1	visual-balanced-unicode-block-v1
𒃺	U+120FA	CUNEIFORM SIGN GAN2 CROSSING GAN2	Lo	cuneiform	mv	2	y	分叉翼形	s	2	o	外包	mvyo	cuneiform视觉聚类C2;状态组S2	true	0.565220	1.1473	0.2270	30_项目/个人Unicode音型输入法/数据/unicode全字符/plane-01-Supplementary Multilingual Plane/block-u12000-u123ff-cuneiform.md	machine-initial-v1	visual-balanced-unicode-block-v1
𒃻	U+120FB	CUNEIFORM SIGN GAR	Lo	cuneiform	mv	18	p	螺旋回环	s	1	x	穿过交叠	mvpx	cuneiform视觉聚类C18;状态组S1	true	1.512798	1.1000	0.2061	30_项目/个人Unicode音型输入法/数据/unicode全字符/plane-01-Supplementary Multilingual Plane/block-u12000-u123ff-cuneiform.md	machine-initial-v1	visual-balanced-unicode-block-v1
𒃼	U+120FC	CUNEIFORM SIGN GAR3	Lo	cuneiform	mv	25	q	其他	s	1	s	对称	mvqs	cuneiform视觉聚类C25;状态组S1	false	0.467533	1.3600	0.1958	30_项目/个人Unicode音型输入法/数据/unicode全字符/plane-01-Supplementary Multilingual Plane/block-u12000-u123ff-cuneiform.md	machine-initial-v1	visual-balanced-unicode-block-v1
𒃽	U+120FD	CUNEIFORM SIGN GASHAN	Lo	cuneiform	mv	2	y	分叉翼形	s	0	s	对称	mvys	cuneiform视觉聚类C2;状态组S0	false	0.380312	0.6632	0.1773	30_项目/个人Unicode音型输入法/数据/unicode全字符/plane-01-Supplementary Multilingual Plane/block-u12000-u123ff-cuneiform.md	machine-initial-v1	visual-balanced-unicode-block-v1
𒃾	U+120FE	CUNEIFORM SIGN GESHTIN	Lo	cuneiform	mv	3	i	细柱	s	0	s	对称	mvis	cuneiform视觉聚类C3;状态组S0	false	0.291052	1.4100	0.1338	30_项目/个人Unicode音型输入法/数据/unicode全字符/plane-01-Supplementary Multilingual Plane/block-u12000-u123ff-cuneiform.md	machine-initial-v1	visual-balanced-unicode-block-v1
𒃿	U+120FF	CUNEIFORM SIGN GESHTIN TIMES KUR	Lo	cuneiform	mv	3	i	细柱	s	0	s	对称	mvis	cuneiform视觉聚类C3;状态组S0	false	0.282269	1.4100	0.1428	30_项目/个人Unicode音型输入法/数据/unicode全字符/plane-01-Supplementary Multilingual Plane/block-u12000-u123ff-cuneiform.md	machine-initial-v1	visual-balanced-unicode-block-v1
𒄀	U+12100	CUNEIFORM SIGN GI	Lo	cuneiform	mu	0	x	交叉	s	1	x	穿过交叠	muxx	cuneiform视觉聚类C0;状态组S1	true	0.334699	1.5946	0.2738	30_项目/个人Unicode音型输入法/数据/unicode全字符/plane-01-Supplementary Multilingual Plane/block-u12000-u123ff-cuneiform.md	machine-initial-v1	visual-balanced-unicode-block-v1
𒄁	U+12101	CUNEIFORM SIGN GI TIMES E	Lo	cuneiform	mu	0	x	交叉	s	1	x	穿过交叠	muxx	cuneiform视觉聚类C0;状态组S1	true	0.369233	1.7838	0.2761	30_项目/个人Unicode音型输入法/数据/unicode全字符/plane-01-Supplementary Multilingual Plane/block-u12000-u123ff-cuneiform.md	machine-initial-v1	visual-balanced-unicode-block-v1
𒄂	U+12102	CUNEIFORM SIGN GI TIMES U	Lo	cuneiform	mu	0	x	交叉	s	1	x	穿过交叠	muxx	cuneiform视觉聚类C0;状态组S1	true	0.339034	1.5946	0.2849	30_项目/个人Unicode音型输入法/数据/unicode全字符/plane-01-Supplementary Multilingual Plane/block-u12000-u123ff-cuneiform.md	machine-initial-v1	visual-balanced-unicode-block-v1
𒄃	U+12103	CUNEIFORM SIGN GI CROSSING GI	Lo	cuneiform	mu	20	e	椭圆	s	2	o	外包	mueo	cuneiform视觉聚类C20;状态组S2	true	0.888117	1.1359	0.2864	30_项目/个人Unicode音型输入法/数据/unicode全字符/plane-01-Supplementary Multilingual Plane/block-u12000-u123ff-cuneiform.md	machine-initial-v1	visual-balanced-unicode-block-v1
𒄄	U+12104	CUNEIFORM SIGN GI4	Lo	cuneiform	mu	25	q	其他	s	0	w	宽展	muqw	cuneiform视觉聚类C25;状态组S0	true	0.384239	2.0000	0.2871	30_项目/个人Unicode音型输入法/数据/unicode全字符/plane-01-Supplementary Multilingual Plane/block-u12000-u123ff-cuneiform.md	machine-initial-v1	visual-balanced-unicode-block-v1
𒄅	U+12105	CUNEIFORM SIGN GI4 OVER GI4	Lo	cuneiform	mu	19	a	角折	s	0	f	实心高填充	muaf	cuneiform视觉聚类C19;状态组S0	true	1.226401	1.1495	0.3376	30_项目/个人Unicode音型输入法/数据/unicode全字符/plane-01-Supplementary Multilingual Plane/block-u12000-u123ff-cuneiform.md	machine-initial-v1	visual-balanced-unicode-block-v1
𒄆	U+12106	CUNEIFORM SIGN GI4 CROSSING GI4	Lo	cuneiform	mu	20	e	椭圆	s	2	o	外包	mueo	cuneiform视觉聚类C20;状态组S2	true	0.649555	1.0935	0.2789	30_项目/个人Unicode音型输入法/数据/unicode全字符/plane-01-Supplementary Multilingual Plane/block-u12000-u123ff-cuneiform.md	machine-initial-v1	visual-balanced-unicode-block-v1
𒄇	U+12107	CUNEIFORM SIGN GIDIM	Lo	cuneiform	mu	12	k	绳结	s	2	w	宽展	mukw	cuneiform视觉聚类C12;状态组S2	true	0.453870	1.6703	0.2635	30_项目/个人Unicode音型输入法/数据/unicode全字符/plane-01-Supplementary Multilingual Plane/block-u12000-u123ff-cuneiform.md	machine-initial-v1	visual-balanced-unicode-block-v1
𒄈	U+12108	CUNEIFORM SIGN GIR2	Lo	cuneiform	mu	0	x	交叉	s	0	s	对称	muxs	cuneiform视觉聚类C0;状态组S0	false	0.342951	1.4105	0.2118	30_项目/个人Unicode音型输入法/数据/unicode全字符/plane-01-Supplementary Multilingual Plane/block-u12000-u123ff-cuneiform.md	machine-initial-v1	visual-balanced-unicode-block-v1
𒄉	U+12109	CUNEIFORM SIGN GIR2 GUNU	Lo	cuneiform	mu	0	x	交叉	s	0	s	对称	muxs	cuneiform视觉聚类C0;状态组S0	false	0.332419	1.4105	0.2319	30_项目/个人Unicode音型输入法/数据/unicode全字符/plane-01-Supplementary Multilingual Plane/block-u12000-u123ff-cuneiform.md	machine-initial-v1	visual-balanced-unicode-block-v1
𒄊	U+1210A	CUNEIFORM SIGN GIR3	Lo	cuneiform	mu	12	k	绳结	s	1	o	外包	muko	cuneiform视觉聚类C12;状态组S1	true	0.299897	1.7143	0.1986	30_项目/个人Unicode音型输入法/数据/unicode全字符/plane-01-Supplementary Multilingual Plane/block-u12000-u123ff-cuneiform.md	machine-initial-v1	visual-balanced-unicode-block-v1
𒄋	U+1210B	CUNEIFORM SIGN GIR3 TIMES A PLUS IGI	Lo	cuneiform	mu	16	d	点状	s	1	o	外包	mudo	cuneiform视觉聚类C16;状态组S1	true	0.248558	1.7143	0.2341	30_项目/个人Unicode音型输入法/数据/unicode全字符/plane-01-Supplementary Multilingual Plane/block-u12000-u123ff-cuneiform.md	machine-initial-v1	visual-balanced-unicode-block-v1
𒄌	U+1210C	CUNEIFORM SIGN GIR3 TIMES GAN2 TENU	Lo	cuneiform	mu	12	k	绳结	s	1	o	外包	muko	cuneiform视觉聚类C12;状态组S1	true	0.299553	1.7143	0.2286	30_项目/个人Unicode音型输入法/数据/unicode全字符/plane-01-Supplementary Multilingual Plane/block-u12000-u123ff-cuneiform.md	machine-initial-v1	visual-balanced-unicode-block-v1
𒄍	U+1210D	CUNEIFORM SIGN GIR3 TIMES IGI	Lo	cuneiform	mu	16	d	点状	s	1	o	外包	mudo	cuneiform视觉聚类C16;状态组S1	true	0.232013	1.7143	0.2173	30_项目/个人Unicode音型输入法/数据/unicode全字符/plane-01-Supplementary Multilingual Plane/block-u12000-u123ff-cuneiform.md	machine-initial-v1	visual-balanced-unicode-block-v1
𒄎	U+1210E	CUNEIFORM SIGN GIR3 TIMES LU PLUS IGI	Lo	cuneiform	mu	12	k	绳结	s	1	o	外包	muko	cuneiform视觉聚类C12;状态组S1	true	0.295798	1.7551	0.2324	30_项目/个人Unicode音型输入法/数据/unicode全字符/plane-01-Supplementary Multilingual Plane/block-u12000-u123ff-cuneiform.md	machine-initial-v1	visual-balanced-unicode-block-v1
𒄏	U+1210F	CUNEIFORM SIGN GIR3 TIMES PA	Lo	cuneiform	mu	16	d	点状	s	1	o	外包	mudo	cuneiform视觉聚类C16;状态组S1	true	0.235494	1.7143	0.2236	30_项目/个人Unicode音型输入法/数据/unicode全字符/plane-01-Supplementary Multilingual Plane/block-u12000-u123ff-cuneiform.md	machine-initial-v1	visual-balanced-unicode-block-v1
𒄐	U+12110	CUNEIFORM SIGN GISAL	Lo	cuneiform	mu	17	j	钩弯	s	2	s	对称	mujs	cuneiform视觉聚类C17;状态组S2	false	0.409383	1.7912	0.1898	30_项目/个人Unicode音型输入法/数据/unicode全字符/plane-01-Supplementary Multilingual Plane/block-u12000-u123ff-cuneiform.md	machine-initial-v1	visual-balanced-unicode-block-v1
𒄑	U+12111	CUNEIFORM SIGN GISH	Lo	cuneiform	mu	9	o	圆环	s	1	s	对称	muos	cuneiform视觉聚类C9;状态组S1	false	0.596013	0.9857	0.1952	30_项目/个人Unicode音型输入法/数据/unicode全字符/plane-01-Supplementary Multilingual Plane/block-u12000-u123ff-cuneiform.md	machine-initial-v1	visual-balanced-unicode-block-v1
𒄒	U+12112	CUNEIFORM SIGN GISH CROSSING GISH	Lo	cuneiform	mu	6	z	阶梯锯齿	s	1	s	对称	muzs	cuneiform视觉聚类C6;状态组S1	false	0.603413	1.1915	0.2048	30_项目/个人Unicode音型输入法/数据/unicode全字符/plane-01-Supplementary Multilingual Plane/block-u12000-u123ff-cuneiform.md	machine-initial-v1	visual-balanced-unicode-block-v1
𒄓	U+12113	CUNEIFORM SIGN GISH TIMES BAD	Lo	cuneiform	mu	9	o	圆环	s	1	s	对称	muos	cuneiform视觉聚类C9;状态组S1	false	0.592503	0.9857	0.2528	30_项目/个人Unicode音型输入法/数据/unicode全字符/plane-01-Supplementary Multilingual Plane/block-u12000-u123ff-cuneiform.md	machine-initial-v1	visual-balanced-unicode-block-v1
𒄔	U+12114	CUNEIFORM SIGN GISH TIMES TAK4	Lo	cuneiform	mu	9	o	圆环	s	0	x	穿过交叠	muox	cuneiform视觉聚类C9;状态组S0	true	0.535888	0.9857	0.2714	30_项目/个人Unicode音型输入法/数据/unicode全字符/plane-01-Supplementary Multilingual Plane/block-u12000-u123ff-cuneiform.md	machine-initial-v1	visual-balanced-unicode-block-v1
𒄕	U+12115	CUNEIFORM SIGN GISH TENU	Lo	cuneiform	mu	0	x	交叉	s	0	s	对称	muxs	cuneiform视觉聚类C0;状态组S0	false	0.564688	1.2568	0.1404	30_项目/个人Unicode音型输入法/数据/unicode全字符/plane-01-Supplementary Multilingual Plane/block-u12000-u123ff-cuneiform.md	machine-initial-v1	visual-balanced-unicode-block-v1
𒄖	U+12116	CUNEIFORM SIGN GU	Lo	cuneiform	mu	2	y	分叉翼形	s	2	s	对称	muys	cuneiform视觉聚类C2;状态组S2	false	0.322102	1.7160	0.1823	30_项目/个人Unicode音型输入法/数据/unicode全字符/plane-01-Supplementary Multilingual Plane/block-u12000-u123ff-cuneiform.md	machine-initial-v1	visual-balanced-unicode-block-v1
𒄗	U+12117	CUNEIFORM SIGN GU CROSSING GU	Lo	cuneiform	mu	15	u	容器U形	s	0	s	对称	muus	cuneiform视觉聚类C15;状态组S0	false	0.665150	1.0000	0.1790	30_项目/个人Unicode音型输入法/数据/unicode全字符/plane-01-Supplementary Multilingual Plane/block-u12000-u123ff-cuneiform.md	machine-initial-v1	visual-balanced-unicode-block-v1
𒄘	U+12118	CUNEIFORM SIGN GU2	Lo	cuneiform	mu	25	q	其他	s	1	o	外包	muqo	cuneiform视觉聚类C25;状态组S1	true	0.159520	1.5926	0.1934	30_项目/个人Unicode音型输入法/数据/unicode全字符/plane-01-Supplementary Multilingual Plane/block-u12000-u123ff-cuneiform.md	machine-initial-v1	visual-balanced-unicode-block-v1
𒄙	U+12119	CUNEIFORM SIGN GU2 TIMES KAK	Lo	cuneiform	mu	25	q	其他	s	1	o	外包	muqo	cuneiform视觉聚类C25;状态组S1	true	0.120610	1.5783	0.2102	30_项目/个人Unicode音型输入法/数据/unicode全字符/plane-01-Supplementary Multilingual Plane/block-u12000-u123ff-cuneiform.md	machine-initial-v1	visual-balanced-unicode-block-v1
𒄚	U+1211A	CUNEIFORM SIGN GU2 TIMES KAK TIMES IGI GUNU	Lo	cuneiform	mu	25	q	其他	s	1	o	外包	muqo	cuneiform视觉聚类C25;状态组S1	true	0.137360	1.5783	0.2169	30_项目/个人Unicode音型输入法/数据/unicode全字符/plane-01-Supplementary Multilingual Plane/block-u12000-u123ff-cuneiform.md	machine-initial-v1	visual-balanced-unicode-block-v1
𒄛	U+1211B	CUNEIFORM SIGN GU2 TIMES NUN	Lo	cuneiform	mu	25	q	其他	s	1	o	外包	muqo	cuneiform视觉聚类C25;状态组S1	true	0.127185	1.5783	0.2196	30_项目/个人Unicode音型输入法/数据/unicode全字符/plane-01-Supplementary Multilingual Plane/block-u12000-u123ff-cuneiform.md	machine-initial-v1	visual-balanced-unicode-block-v1
𒄜	U+1211C	CUNEIFORM SIGN GU2 TIMES SAL PLUS TUG2	Lo	cuneiform	mu	25	q	其他	s	0	w	宽展	muqw	cuneiform视觉聚类C25;状态组S0	true	0.244055	1.5176	0.2234	30_项目/个人Unicode音型输入法/数据/unicode全字符/plane-01-Supplementary Multilingual Plane/block-u12000-u123ff-cuneiform.md	machine-initial-v1	visual-balanced-unicode-block-v1
𒄝	U+1211D	CUNEIFORM SIGN GU2 GUNU	Lo	cuneiform	mu	25	q	其他	s	1	o	外包	muqo	cuneiform视觉聚类C25;状态组S1	true	0.201508	1.6753	0.2564	30_项目/个人Unicode音型输入法/数据/unicode全字符/plane-01-Supplementary Multilingual Plane/block-u12000-u123ff-cuneiform.md	machine-initial-v1	visual-balanced-unicode-block-v1
𒄞	U+1211E	CUNEIFORM SIGN GUD	Lo	cuneiform	mu	16	d	点状	s	0	x	穿过交叠	mudx	cuneiform视觉聚类C16;状态组S0	true	0.350442	1.4805	0.1560	30_项目/个人Unicode音型输入法/数据/unicode全字符/plane-01-Supplementary Multilingual Plane/block-u12000-u123ff-cuneiform.md	machine-initial-v1	visual-balanced-unicode-block-v1
𒄟	U+1211F	CUNEIFORM SIGN GUD TIMES A PLUS KUR	Lo	cuneiform	mu	16	d	点状	s	1	o	外包	mudo	cuneiform视觉聚类C16;状态组S1	true	0.375757	1.4805	0.1824	30_项目/个人Unicode音型输入法/数据/unicode全字符/plane-01-Supplementary Multilingual Plane/block-u12000-u123ff-cuneiform.md	machine-initial-v1	visual-balanced-unicode-block-v1
𒄠	U+12120	CUNEIFORM SIGN GUD TIMES KUR	Lo	cuneiform	mu	16	d	点状	s	1	o	外包	mudo	cuneiform视觉聚类C16;状态组S1	true	0.341918	1.4176	0.1690	30_项目/个人Unicode音型输入法/数据/unicode全字符/plane-01-Supplementary Multilingual Plane/block-u12000-u123ff-cuneiform.md	machine-initial-v1	visual-balanced-unicode-block-v1
𒄡	U+12121	CUNEIFORM SIGN GUD OVER GUD LUGAL	Lo	cuneiform	mu	14	f	人物轮廓	s	0	w	宽展	mufw	cuneiform视觉聚类C14;状态组S0	true	0.220246	2.6118	0.1977	30_项目/个人Unicode音型输入法/数据/unicode全字符/plane-01-Supplementary Multilingual Plane/block-u12000-u123ff-cuneiform.md	machine-initial-v1	visual-balanced-unicode-block-v1
𒄢	U+12122	CUNEIFORM SIGN GUL	Lo	cuneiform	mu	0	x	交叉	s	2	o	外包	muxo	cuneiform视觉聚类C0;状态组S2	true	0.382278	1.9861	0.2288	30_项目/个人Unicode音型输入法/数据/unicode全字符/plane-01-Supplementary Multilingual Plane/block-u12000-u123ff-cuneiform.md	machine-initial-v1	visual-balanced-unicode-block-v1
𒄣	U+12123	CUNEIFORM SIGN GUM	Lo	cuneiform	mu	4	n	成列成排	s	1	x	穿过交叠	munx	cuneiform视觉聚类C4;状态组S1	true	0.498357	1.3548	0.1383	30_项目/个人Unicode音型输入法/数据/unicode全字符/plane-01-Supplementary Multilingual Plane/block-u12000-u123ff-cuneiform.md	machine-initial-v1	visual-balanced-unicode-block-v1
𒄤	U+12124	CUNEIFORM SIGN GUM TIMES SHE	Lo	cuneiform	mu	4	n	成列成排	s	1	x	穿过交叠	munx	cuneiform视觉聚类C4;状态组S1	true	0.471584	1.3548	0.1946	30_项目/个人Unicode音型输入法/数据/unicode全字符/plane-01-Supplementary Multilingual Plane/block-u12000-u123ff-cuneiform.md	machine-initial-v1	visual-balanced-unicode-block-v1
𒄥	U+12125	CUNEIFORM SIGN GUR	Lo	cuneiform	mu	16	d	点状	s	2	s	对称	muds	cuneiform视觉聚类C16;状态组S2	false	0.580767	1.4571	0.2202	30_项目/个人Unicode音型输入法/数据/unicode全字符/plane-01-Supplementary Multilingual Plane/block-u12000-u123ff-cuneiform.md	machine-initial-v1	visual-balanced-unicode-block-v1
𒄦	U+12126	CUNEIFORM SIGN GUR7	Lo	cuneiform	mu	2	y	分叉翼形	s	0	h	横向	muyh	cuneiform视觉聚类C2;状态组S0	true	0.153167	3.1781	0.2760	30_项目/个人Unicode音型输入法/数据/unicode全字符/plane-01-Supplementary Multilingual Plane/block-u12000-u123ff-cuneiform.md	machine-initial-v1	visual-balanced-unicode-block-v1
𒄧	U+12127	CUNEIFORM SIGN GURUN	Lo	cuneiform	mu	22	s	方框	s	0	s	对称	muss	cuneiform视觉聚类C22;状态组S0	false	0.889253	1.3256	0.2356	30_项目/个人Unicode音型输入法/数据/unicode全字符/plane-01-Supplementary Multilingual Plane/block-u12000-u123ff-cuneiform.md	machine-initial-v1	visual-balanced-unicode-block-v1
𒄨	U+12128	CUNEIFORM SIGN GURUSH	Lo	cuneiform	mu	16	d	点状	s	2	s	对称	muds	cuneiform视觉聚类C16;状态组S2	false	0.514176	1.5286	0.2113	30_项目/个人Unicode音型输入法/数据/unicode全字符/plane-01-Supplementary Multilingual Plane/block-u12000-u123ff-cuneiform.md	machine-initial-v1	visual-balanced-unicode-block-v1
𒄩	U+12129	CUNEIFORM SIGN HA	Lo	cuneiform	mu	7	r	放射星芒	s	0	g	缺口开放	murg	cuneiform视觉聚类C7;状态组S0	true	1.628678	1.1714	0.2235	30_项目/个人Unicode音型输入法/数据/unicode全字符/plane-01-Supplementary Multilingual Plane/block-u12000-u123ff-cuneiform.md	machine-initial-v1	visual-balanced-unicode-block-v1
𒄪	U+1212A	CUNEIFORM SIGN HA TENU	Lo	cuneiform	mu	20	e	椭圆	s	1	s	对称	mues	cuneiform视觉聚类C20;状态组S1	false	0.886049	1.1625	0.1714	30_项目/个人Unicode音型输入法/数据/unicode全字符/plane-01-Supplementary Multilingual Plane/block-u12000-u123ff-cuneiform.md	machine-initial-v1	visual-balanced-unicode-block-v1
𒄫	U+1212B	CUNEIFORM SIGN HA GUNU	Lo	cuneiform	mu	22	s	方框	s	0	s	对称	muss	cuneiform视觉聚类C22;状态组S0	false	0.680757	1.4714	0.2588	30_项目/个人Unicode音型输入法/数据/unicode全字符/plane-01-Supplementary Multilingual Plane/block-u12000-u123ff-cuneiform.md	machine-initial-v1	visual-balanced-unicode-block-v1
𒄬	U+1212C	CUNEIFORM SIGN HAL	Lo	cuneiform	mu	14	f	人物轮廓	s	2	s	对称	mufs	cuneiform视觉聚类C14;状态组S2	false	0.343945	1.6600	0.1788	30_项目/个人Unicode音型输入法/数据/unicode全字符/plane-01-Supplementary Multilingual Plane/block-u12000-u123ff-cuneiform.md	machine-initial-v1	visual-balanced-unicode-block-v1
𒄭	U+1212D	CUNEIFORM SIGN HI	Lo	cuneiform	mu	5	g	动物有机体	s	2	s	对称	mugs	cuneiform视觉聚类C5;状态组S2	false	0.106140	1.0779	0.1328	30_项目/个人Unicode音型输入法/数据/unicode全字符/plane-01-Supplementary Multilingual Plane/block-u12000-u123ff-cuneiform.md	machine-initial-v1	visual-balanced-unicode-block-v1
𒄮	U+1212E	CUNEIFORM SIGN HI TIMES ASH	Lo	cuneiform	mu	5	g	动物有机体	s	2	s	对称	mugs	cuneiform视觉聚类C5;状态组S2	false	0.073586	1.0779	0.1535	30_项目/个人Unicode音型输入法/数据/unicode全字符/plane-01-Supplementary Multilingual Plane/block-u12000-u123ff-cuneiform.md	machine-initial-v1	visual-balanced-unicode-block-v1
𒄯	U+1212F	CUNEIFORM SIGN HI TIMES ASH2	Lo	cuneiform	mu	5	g	动物有机体	s	1	o	外包	mugo	cuneiform视觉聚类C5;状态组S1	true	0.111606	1.0779	0.1998	30_项目/个人Unicode音型输入法/数据/unicode全字符/plane-01-Supplementary Multilingual Plane/block-u12000-u123ff-cuneiform.md	machine-initial-v1	visual-balanced-unicode-block-v1
𒄰	U+12130	CUNEIFORM SIGN HI TIMES BAD	Lo	cuneiform	mu	5	g	动物有机体	s	2	s	对称	mugs	cuneiform视觉聚类C5;状态组S2	false	0.099280	1.0779	0.1604	30_项目/个人Unicode音型输入法/数据/unicode全字符/plane-01-Supplementary Multilingual Plane/block-u12000-u123ff-cuneiform.md	machine-initial-v1	visual-balanced-unicode-block-v1
𒄱	U+12131	CUNEIFORM SIGN HI TIMES DISH	Lo	cuneiform	mu	5	g	动物有机体	s	2	s	对称	mugs	cuneiform视觉聚类C5;状态组S2	false	0.113757	1.0779	0.1537	30_项目/个人Unicode音型输入法/数据/unicode全字符/plane-01-Supplementary Multilingual Plane/block-u12000-u123ff-cuneiform.md	machine-initial-v1	visual-balanced-unicode-block-v1
𒄲	U+12132	CUNEIFORM SIGN HI TIMES GAD	Lo	cuneiform	mu	5	g	动物有机体	s	1	o	外包	mugo	cuneiform视觉聚类C5;状态组S1	true	0.086483	1.0779	0.1671	30_项目/个人Unicode音型输入法/数据/unicode全字符/plane-01-Supplementary Multilingual Plane/block-u12000-u123ff-cuneiform.md	machine-initial-v1	visual-balanced-unicode-block-v1
𒄳	U+12133	CUNEIFORM SIGN HI TIMES KIN	Lo	cuneiform	mu	5	g	动物有机体	s	0	x	穿过交叠	mugx	cuneiform视觉聚类C5;状态组S0	true	0.238675	1.0779	0.2344	30_项目/个人Unicode音型输入法/数据/unicode全字符/plane-01-Supplementary Multilingual Plane/block-u12000-u123ff-cuneiform.md	machine-initial-v1	visual-balanced-unicode-block-v1
𒄴	U+12134	CUNEIFORM SIGN HI TIMES NUN	Lo	cuneiform	mu	5	g	动物有机体	s	1	o	外包	mugo	cuneiform视觉聚类C5;状态组S1	true	0.075831	1.0779	0.1864	30_项目/个人Unicode音型输入法/数据/unicode全字符/plane-01-Supplementary Multilingual Plane/block-u12000-u123ff-cuneiform.md	machine-initial-v1	visual-balanced-unicode-block-v1
𒄵	U+12135	CUNEIFORM SIGN HI TIMES SHE	Lo	cuneiform	mu	5	g	动物有机体	s	1	o	外包	mugo	cuneiform视觉聚类C5;状态组S1	true	0.136813	1.0779	0.2014	30_项目/个人Unicode音型输入法/数据/unicode全字符/plane-01-Supplementary Multilingual Plane/block-u12000-u123ff-cuneiform.md	machine-initial-v1	visual-balanced-unicode-block-v1
𒄶	U+12136	CUNEIFORM SIGN HI TIMES U	Lo	cuneiform	mu	5	g	动物有机体	s	2	s	对称	mugs	cuneiform视觉聚类C5;状态组S2	false	0.075063	1.0779	0.1605	30_项目/个人Unicode音型输入法/数据/unicode全字符/plane-01-Supplementary Multilingual Plane/block-u12000-u123ff-cuneiform.md	machine-initial-v1	visual-balanced-unicode-block-v1
𒄷	U+12137	CUNEIFORM SIGN HU	Lo	cuneiform	mu	4	n	成列成排	s	1	x	穿过交叠	munx	cuneiform视觉聚类C4;状态组S1	true	0.736750	1.3378	0.1940	30_项目/个人Unicode音型输入法/数据/unicode全字符/plane-01-Supplementary Multilingual Plane/block-u12000-u123ff-cuneiform.md	machine-initial-v1	visual-balanced-unicode-block-v1
𒄸	U+12138	CUNEIFORM SIGN HUB2	Lo	cuneiform	mu	10	t	三角尖形	s	0	s	对称	muts	cuneiform视觉聚类C10;状态组S0	false	0.271171	1.6081	0.2166	30_项目/个人Unicode音型输入法/数据/unicode全字符/plane-01-Supplementary Multilingual Plane/block-u12000-u123ff-cuneiform.md	machine-initial-v1	visual-balanced-unicode-block-v1
𒄹	U+12139	CUNEIFORM SIGN HUB2 TIMES AN	Lo	cuneiform	mu	10	t	三角尖形	s	1	x	穿过交叠	mutx	cuneiform视觉聚类C10;状态组S1	true	0.204337	1.6081	0.2512	30_项目/个人Unicode音型输入法/数据/unicode全字符/plane-01-Supplementary Multilingual Plane/block-u12000-u123ff-cuneiform.md	machine-initial-v1	visual-balanced-unicode-block-v1
𒄺	U+1213A	CUNEIFORM SIGN HUB2 TIMES HAL	Lo	cuneiform	mu	10	t	三角尖形	s	0	s	对称	muts	cuneiform视觉聚类C10;状态组S0	false	0.208030	1.6081	0.2472	30_项目/个人Unicode音型输入法/数据/unicode全字符/plane-01-Supplementary Multilingual Plane/block-u12000-u123ff-cuneiform.md	machine-initial-v1	visual-balanced-unicode-block-v1
𒄻	U+1213B	CUNEIFORM SIGN HUB2 TIMES KASKAL	Lo	cuneiform	mu	10	t	三角尖形	s	0	s	对称	muts	cuneiform视觉聚类C10;状态组S0	false	0.233981	1.5658	0.2747	30_项目/个人Unicode音型输入法/数据/unicode全字符/plane-01-Supplementary Multilingual Plane/block-u12000-u123ff-cuneiform.md	machine-initial-v1	visual-balanced-unicode-block-v1
𒄼	U+1213C	CUNEIFORM SIGN HUB2 TIMES LISH	Lo	cuneiform	mu	10	t	三角尖形	s	0	s	对称	muts	cuneiform视觉聚类C10;状态组S0	false	0.232567	1.5658	0.2291	30_项目/个人Unicode音型输入法/数据/unicode全字符/plane-01-Supplementary Multilingual Plane/block-u12000-u123ff-cuneiform.md	machine-initial-v1	visual-balanced-unicode-block-v1
𒄽	U+1213D	CUNEIFORM SIGN HUB2 TIMES UD	Lo	cuneiform	mu	10	t	三角尖形	s	0	s	对称	muts	cuneiform视觉聚类C10;状态组S0	false	0.245106	1.4691	0.2352	30_项目/个人Unicode音型输入法/数据/unicode全字符/plane-01-Supplementary Multilingual Plane/block-u12000-u123ff-cuneiform.md	machine-initial-v1	visual-balanced-unicode-block-v1
𒄾	U+1213E	CUNEIFORM SIGN HUL2	Lo	cuneiform	mu	15	u	容器U形	s	1	o	外包	muuo	cuneiform视觉聚类C15;状态组S1	true	0.610981	1.2644	0.2313	30_项目/个人Unicode音型输入法/数据/unicode全字符/plane-01-Supplementary Multilingual Plane/block-u12000-u123ff-cuneiform.md	machine-initial-v1	visual-balanced-unicode-block-v1
𒄿	U+1213F	CUNEIFORM SIGN I	Lo	cuneiform	mu	20	e	椭圆	s	1	s	对称	mues	cuneiform视觉聚类C20;状态组S1	false	0.785067	1.4706	0.1994	30_项目/个人Unicode音型输入法/数据/unicode全字符/plane-01-Supplementary Multilingual Plane/block-u12000-u123ff-cuneiform.md	machine-initial-v1	visual-balanced-unicode-block-v1
𒅀	U+12140	CUNEIFORM SIGN I A	Lo	cuneiform	mu	14	f	人物轮廓	m	1	m	重复多部件	mufm	cuneiform视觉聚类C14;状态组S1	false	0.462593	1.8571	0.2314	30_项目/个人Unicode音型输入法/数据/unicode全字符/plane-01-Supplementary Multilingual Plane/block-u12000-u123ff-cuneiform.md	machine-initial-v1	visual-balanced-unicode-block-v1
𒅁	U+12141	CUNEIFORM SIGN IB	Lo	cuneiform	mu	15	u	容器U形	s	1	o	外包	muuo	cuneiform视觉聚类C15;状态组S1	true	0.911451	1.3291	0.2517	30_项目/个人Unicode音型输入法/数据/unicode全字符/plane-01-Supplementary Multilingual Plane/block-u12000-u123ff-cuneiform.md	machine-initial-v1	visual-balanced-unicode-block-v1
𒅂	U+12142	CUNEIFORM SIGN IDIM	Lo	cuneiform	mu	2	y	分叉翼形	s	0	h	横向	muyh	cuneiform视觉聚类C2;状态组S0	true	0.197928	2.5714	0.1795	30_项目/个人Unicode音型输入法/数据/unicode全字符/plane-01-Supplementary Multilingual Plane/block-u12000-u123ff-cuneiform.md	machine-initial-v1	visual-balanced-unicode-block-v1
𒅃	U+12143	CUNEIFORM SIGN IDIM OVER IDIM BUR	Lo	cuneiform	mu	25	q	其他	s	0	w	宽展	muqw	cuneiform视觉聚类C25;状态组S0	true	0.367016	2.5316	0.2296	30_项目/个人Unicode音型输入法/数据/unicode全字符/plane-01-Supplementary Multilingual Plane/block-u12000-u123ff-cuneiform.md	machine-initial-v1	visual-balanced-unicode-block-v1
𒅄	U+12144	CUNEIFORM SIGN IDIM OVER IDIM SQUARED	Lo	cuneiform	mu	6	z	阶梯锯齿	s	2	x	穿过交叠	muzx	cuneiform视觉聚类C6;状态组S2	true	0.820727	1.1280	0.1260	30_项目/个人Unicode音型输入法/数据/unicode全字符/plane-01-Supplementary Multilingual Plane/block-u12000-u123ff-cuneiform.md	machine-initial-v1	visual-balanced-unicode-block-v1
𒅅	U+12145	CUNEIFORM SIGN IG	Lo	cuneiform	mu	4	n	成列成排	s	1	x	穿过交叠	munx	cuneiform视觉聚类C4;状态组S1	true	0.570284	1.3636	0.2093	30_项目/个人Unicode音型输入法/数据/unicode全字符/plane-01-Supplementary Multilingual Plane/block-u12000-u123ff-cuneiform.md	machine-initial-v1	visual-balanced-unicode-block-v1
𒅆	U+12146	CUNEIFORM SIGN IGI	Lo	cuneiform	mu	15	u	容器U形	s	2	x	穿过交叠	muux	cuneiform视觉聚类C15;状态组S2	true	0.454432	1.3000	0.1432	30_项目/个人Unicode音型输入法/数据/unicode全字符/plane-01-Supplementary Multilingual Plane/block-u12000-u123ff-cuneiform.md	machine-initial-v1	visual-balanced-unicode-block-v1
𒅇	U+12147	CUNEIFORM SIGN IGI DIB	Lo	cuneiform	mu	0	x	交叉	s	2	o	外包	muxo	cuneiform视觉聚类C0;状态组S2	true	0.295475	1.9444	0.2330	30_项目/个人Unicode音型输入法/数据/unicode全字符/plane-01-Supplementary Multilingual Plane/block-u12000-u123ff-cuneiform.md	machine-initial-v1	visual-balanced-unicode-block-v1
𒅈	U+12148	CUNEIFORM SIGN IGI RI	Lo	cuneiform	mu	2	y	分叉翼形	s	1	w	宽展	muyw	cuneiform视觉聚类C2;状态组S1	true	0.189147	2.3117	0.2071	30_项目/个人Unicode音型输入法/数据/unicode全字符/plane-01-Supplementary Multilingual Plane/block-u12000-u123ff-cuneiform.md	machine-initial-v1	visual-balanced-unicode-block-v1
𒅉	U+12149	CUNEIFORM SIGN IGI OVER IGI SHIR OVER SHIR UD OVER UD	Lo	cuneiform	mu	25	q	其他	s	2	s	对称	muqs	cuneiform视觉聚类C25;状态组S2	false	0.516835	1.6071	0.2101	30_项目/个人Unicode音型输入法/数据/unicode全字符/plane-01-Supplementary Multilingual Plane/block-u12000-u123ff-cuneiform.md	machine-initial-v1	visual-balanced-unicode-block-v1
𒅊	U+1214A	CUNEIFORM SIGN IGI GUNU	Lo	cuneiform	mu	6	z	阶梯锯齿	s	2	x	穿过交叠	muzx	cuneiform视觉聚类C6;状态组S2	true	0.500958	1.4571	0.2031	30_项目/个人Unicode音型输入法/数据/unicode全字符/plane-01-Supplementary Multilingual Plane/block-u12000-u123ff-cuneiform.md	machine-initial-v1	visual-balanced-unicode-block-v1
𒅋	U+1214B	CUNEIFORM SIGN IL	Lo	cuneiform	mu	2	y	分叉翼形	s	2	s	对称	muys	cuneiform视觉聚类C2;状态组S2	false	0.180827	2.2353	0.1830	30_项目/个人Unicode音型输入法/数据/unicode全字符/plane-01-Supplementary Multilingual Plane/block-u12000-u123ff-cuneiform.md	machine-initial-v1	visual-balanced-unicode-block-v1
𒅌	U+1214C	CUNEIFORM SIGN IL TIMES GAN2 TENU	Lo	cuneiform	mu	2	y	分叉翼形	s	2	s	对称	muys	cuneiform视觉聚类C2;状态组S2	false	0.157586	2.2353	0.2139	30_项目/个人Unicode音型输入法/数据/unicode全字符/plane-01-Supplementary Multilingual Plane/block-u12000-u123ff-cuneiform.md	machine-initial-v1	visual-balanced-unicode-block-v1
𒅍	U+1214D	CUNEIFORM SIGN IL2	Lo	cuneiform	mu	14	f	人物轮廓	s	0	w	宽展	mufw	cuneiform视觉聚类C14;状态组S0	true	0.253862	2.3099	0.2905	30_项目/个人Unicode音型输入法/数据/unicode全字符/plane-01-Supplementary Multilingual Plane/block-u12000-u123ff-cuneiform.md	machine-initial-v1	visual-balanced-unicode-block-v1
𒅎	U+1214E	CUNEIFORM SIGN IM	Lo	cuneiform	mu	14	f	人物轮廓	s	0	w	宽展	mufw	cuneiform视觉聚类C14;状态组S0	true	0.231227	1.6067	0.1316	30_项目/个人Unicode音型输入法/数据/unicode全字符/plane-01-Supplementary Multilingual Plane/block-u12000-u123ff-cuneiform.md	machine-initial-v1	visual-balanced-unicode-block-v1
𒅏	U+1214F	CUNEIFORM SIGN IM TIMES TAK4	Lo	cuneiform	mu	14	f	人物轮廓	s	0	w	宽展	mufw	cuneiform视觉聚类C14;状态组S0	true	0.262022	1.6067	0.1812	30_项目/个人Unicode音型输入法/数据/unicode全字符/plane-01-Supplementary Multilingual Plane/block-u12000-u123ff-cuneiform.md	machine-initial-v1	visual-balanced-unicode-block-v1
𒅐	U+12150	CUNEIFORM SIGN IM CROSSING IM	Lo	cuneiform	mu	20	e	椭圆	s	2	o	外包	mueo	cuneiform视觉聚类C20;状态组S2	true	0.638970	1.1837	0.1943	30_项目/个人Unicode音型输入法/数据/unicode全字符/plane-01-Supplementary Multilingual Plane/block-u12000-u123ff-cuneiform.md	machine-initial-v1	visual-balanced-unicode-block-v1
𒅑	U+12151	CUNEIFORM SIGN IM OPPOSING IM	Lo	cuneiform	mu	2	y	分叉翼形	s	2	s	对称	muys	cuneiform视觉聚类C2;状态组S2	false	0.174535	2.2574	0.1998	30_项目/个人Unicode音型输入法/数据/unicode全字符/plane-01-Supplementary Multilingual Plane/block-u12000-u123ff-cuneiform.md	machine-initial-v1	visual-balanced-unicode-block-v1
𒅒	U+12152	CUNEIFORM SIGN IM SQUARED	Lo	cuneiform	mu	6	z	阶梯锯齿	s	2	x	穿过交叠	muzx	cuneiform视觉聚类C6;状态组S2	true	0.438294	1.0677	0.1214	30_项目/个人Unicode音型输入法/数据/unicode全字符/plane-01-Supplementary Multilingual Plane/block-u12000-u123ff-cuneiform.md	machine-initial-v1	visual-balanced-unicode-block-v1
𒅓	U+12153	CUNEIFORM SIGN IMIN	Lo	cuneiform	mu	7	r	放射星芒	s	1	s	对称	murs	cuneiform视觉聚类C7;状态组S1	false	1.793375	1.1860	0.2150	30_项目/个人Unicode音型输入法/数据/unicode全字符/plane-01-Supplementary Multilingual Plane/block-u12000-u123ff-cuneiform.md	machine-initial-v1	visual-balanced-unicode-block-v1
𒅔	U+12154	CUNEIFORM SIGN IN	Lo	cuneiform	mu	6	z	阶梯锯齿	s	0	g	缺口开放	muzg	cuneiform视觉聚类C6;状态组S0	true	0.336332	1.8806	0.2490	30_项目/个人Unicode音型输入法/数据/unicode全字符/plane-01-Supplementary Multilingual Plane/block-u12000-u123ff-cuneiform.md	machine-initial-v1	visual-balanced-unicode-block-v1
𒅕	U+12155	CUNEIFORM SIGN IR	Lo	cuneiform	mu	22	s	方框	s	2	g	缺口开放	musg	cuneiform视觉聚类C22;状态组S2	true	0.428805	1.3582	0.2173	30_项目/个人Unicode音型输入法/数据/unicode全字符/plane-01-Supplementary Multilingual Plane/block-u12000-u123ff-cuneiform.md	machine-initial-v1	visual-balanced-unicode-block-v1
𒅖	U+12156	CUNEIFORM SIGN ISH	Lo	cuneiform	mu	19	a	角折	s	1	s	对称	muas	cuneiform视觉聚类C19;状态组S1	false	0.725600	1.2714	0.2944	30_项目/个人Unicode音型输入法/数据/unicode全字符/plane-01-Supplementary Multilingual Plane/block-u12000-u123ff-cuneiform.md	machine-initial-v1	visual-balanced-unicode-block-v1
𒅗	U+12157	CUNEIFORM SIGN KA	Lo	cuneiform	mu	13	v	开口V形	s	0	s	对称	muvs	cuneiform视觉聚类C13;状态组S0	false	0.030150	2.0000	0.2421	30_项目/个人Unicode音型输入法/数据/unicode全字符/plane-01-Supplementary Multilingual Plane/block-u12000-u123ff-cuneiform.md	machine-initial-v1	visual-balanced-unicode-block-v1
𒅘	U+12158	CUNEIFORM SIGN KA TIMES A	Lo	cuneiform	mu	8	m	复合	s	2	h	横向	mumh	cuneiform视觉聚类C8;状态组S2	true	0.090283	2.0000	0.3042	30_项目/个人Unicode音型输入法/数据/unicode全字符/plane-01-Supplementary Multilingual Plane/block-u12000-u123ff-cuneiform.md	machine-initial-v1	visual-balanced-unicode-block-v1
𒅙	U+12159	CUNEIFORM SIGN KA TIMES AD	Lo	cuneiform	mu	17	j	钩弯	s	1	w	宽展	mujw	cuneiform视觉聚类C17;状态组S1	true	0.018655	2.0000	0.2874	30_项目/个人Unicode音型输入法/数据/unicode全字符/plane-01-Supplementary Multilingual Plane/block-u12000-u123ff-cuneiform.md	machine-initial-v1	visual-balanced-unicode-block-v1
𒅚	U+1215A	CUNEIFORM SIGN KA TIMES AD PLUS KU3	Lo	cuneiform	mu	3	i	细柱	s	0	h	横向	muih	cuneiform视觉聚类C3;状态组S0	true	0.023841	2.0000	0.3073	30_项目/个人Unicode音型输入法/数据/unicode全字符/plane-01-Supplementary Multilingual Plane/block-u12000-u123ff-cuneiform.md	machine-initial-v1	visual-balanced-unicode-block-v1
𒅛	U+1215B	CUNEIFORM SIGN KA TIMES ASH2	Lo	cuneiform	mu	8	m	复合	s	1	s	对称	mums	cuneiform视觉聚类C8;状态组S1	false	0.045920	2.0000	0.2966	30_项目/个人Unicode音型输入法/数据/unicode全字符/plane-01-Supplementary Multilingual Plane/block-u12000-u123ff-cuneiform.md	machine-initial-v1	visual-balanced-unicode-block-v1
𒅜	U+1215C	CUNEIFORM SIGN KA TIMES BAD	Lo	cuneiform	mu	8	m	复合	s	0	w	宽展	mumw	cuneiform视觉聚类C8;状态组S0	true	0.031689	2.0000	0.2676	30_项目/个人Unicode音型输入法/数据/unicode全字符/plane-01-Supplementary Multilingual Plane/block-u12000-u123ff-cuneiform.md	machine-initial-v1	visual-balanced-unicode-block-v1
𒅝	U+1215D	CUNEIFORM SIGN KA TIMES BALAG	Lo	cuneiform	mu	8	m	复合	s	1	s	对称	mums	cuneiform视觉聚类C8;状态组S1	false	0.034373	2.0000	0.2904	30_项目/个人Unicode音型输入法/数据/unicode全字符/plane-01-Supplementary Multilingual Plane/block-u12000-u123ff-cuneiform.md	machine-initial-v1	visual-balanced-unicode-block-v1
𒅞	U+1215E	CUNEIFORM SIGN KA TIMES BAR	Lo	cuneiform	mu	13	v	开口V形	s	0	s	对称	muvs	cuneiform视觉聚类C13;状态组S0	false	0.031857	2.0000	0.2693	30_项目/个人Unicode音型输入法/数据/unicode全字符/plane-01-Supplementary Multilingual Plane/block-u12000-u123ff-cuneiform.md	machine-initial-v1	visual-balanced-unicode-block-v1
𒅟	U+1215F	CUNEIFORM SIGN KA TIMES BI	Lo	cuneiform	mu	17	j	钩弯	s	0	h	横向	mujh	cuneiform视觉聚类C17;状态组S0	true	0.037286	2.0000	0.2896	30_项目/个人Unicode音型输入法/数据/unicode全字符/plane-01-Supplementary Multilingual Plane/block-u12000-u123ff-cuneiform.md	machine-initial-v1	visual-balanced-unicode-block-v1
𒅠	U+12160	CUNEIFORM SIGN KA TIMES ERIN2	Lo	cuneiform	mu	13	v	开口V形	s	2	w	宽展	muvw	cuneiform视觉聚类C13;状态组S2	true	0.031578	2.0000	0.2690	30_项目/个人Unicode音型输入法/数据/unicode全字符/plane-01-Supplementary Multilingual Plane/block-u12000-u123ff-cuneiform.md	machine-initial-v1	visual-balanced-unicode-block-v1
𒅡	U+12161	CUNEIFORM SIGN KA TIMES ESH2	Lo	cuneiform	mu	13	v	开口V形	s	2	w	宽展	muvw	cuneiform视觉聚类C13;状态组S2	true	0.035419	2.0000	0.2909	30_项目/个人Unicode音型输入法/数据/unicode全字符/plane-01-Supplementary Multilingual Plane/block-u12000-u123ff-cuneiform.md	machine-initial-v1	visual-balanced-unicode-block-v1
𒅢	U+12162	CUNEIFORM SIGN KA TIMES GA	Lo	cuneiform	mu	7	r	放射星芒	s	2	w	宽展	murw	cuneiform视觉聚类C7;状态组S2	true	0.459333	2.0000	0.3148	30_项目/个人Unicode音型输入法/数据/unicode全字符/plane-01-Supplementary Multilingual Plane/block-u12000-u123ff-cuneiform.md	machine-initial-v1	visual-balanced-unicode-block-v1
𒅣	U+12163	CUNEIFORM SIGN KA TIMES GAL	Lo	cuneiform	mu	24	c	曲弧	s	0	h	横向	much	cuneiform视觉聚类C24;状态组S0	true	0.089114	2.0429	0.2917	30_项目/个人Unicode音型输入法/数据/unicode全字符/plane-01-Supplementary Multilingual Plane/block-u12000-u123ff-cuneiform.md	machine-initial-v1	visual-balanced-unicode-block-v1
𒅤	U+12164	CUNEIFORM SIGN KA TIMES GAN2 TENU	Lo	cuneiform	mu	13	v	开口V形	s	1	h	横向	muvh	cuneiform视觉聚类C13;状态组S1	true	0.091481	1.9178	0.2829	30_项目/个人Unicode音型输入法/数据/unicode全字符/plane-01-Supplementary Multilingual Plane/block-u12000-u123ff-cuneiform.md	machine-initial-v1	visual-balanced-unicode-block-v1
𒅥	U+12165	CUNEIFORM SIGN KA TIMES GAR	Lo	cuneiform	mu	8	m	复合	s	1	s	对称	mums	cuneiform视觉聚类C8;状态组S1	false	0.043402	2.0000	0.2836	30_项目/个人Unicode音型输入法/数据/unicode全字符/plane-01-Supplementary Multilingual Plane/block-u12000-u123ff-cuneiform.md	machine-initial-v1	visual-balanced-unicode-block-v1
𒅦	U+12166	CUNEIFORM SIGN KA TIMES GAR PLUS SHA3 PLUS A	Lo	cuneiform	mu	24	c	曲弧	s	2	s	对称	mucs	cuneiform视觉聚类C24;状态组S2	false	0.118013	2.0571	0.3030	30_项目/个人Unicode音型输入法/数据/unicode全字符/plane-01-Supplementary Multilingual Plane/block-u12000-u123ff-cuneiform.md	machine-initial-v1	visual-balanced-unicode-block-v1
𒅧	U+12167	CUNEIFORM SIGN KA TIMES GI	Lo	cuneiform	mu	3	i	细柱	s	1	w	宽展	muiw	cuneiform视觉聚类C3;状态组S1	true	0.061540	2.0000	0.3097	30_项目/个人Unicode音型输入法/数据/unicode全字符/plane-01-Supplementary Multilingual Plane/block-u12000-u123ff-cuneiform.md	machine-initial-v1	visual-balanced-unicode-block-v1
𒅨	U+12168	CUNEIFORM SIGN KA TIMES GIR2	Lo	cuneiform	mu	3	i	细柱	s	0	h	横向	muih	cuneiform视觉聚类C3;状态组S0	true	0.032053	2.0000	0.2944	30_项目/个人Unicode音型输入法/数据/unicode全字符/plane-01-Supplementary Multilingual Plane/block-u12000-u123ff-cuneiform.md	machine-initial-v1	visual-balanced-unicode-block-v1
𒅩	U+12169	CUNEIFORM SIGN KA TIMES GISH PLUS SAR	Lo	cuneiform	mu	17	j	钩弯	s	0	h	横向	mujh	cuneiform视觉聚类C17;状态组S0	true	0.047877	2.0000	0.3070	30_项目/个人Unicode音型输入法/数据/unicode全字符/plane-01-Supplementary Multilingual Plane/block-u12000-u123ff-cuneiform.md	machine-initial-v1	visual-balanced-unicode-block-v1
𒅪	U+1216A	CUNEIFORM SIGN KA TIMES GISH CROSSING GISH	Lo	cuneiform	mu	15	u	容器U形	s	2	x	穿过交叠	muux	cuneiform视觉聚类C15;状态组S2	true	0.392397	2.0000	0.2644	30_项目/个人Unicode音型输入法/数据/unicode全字符/plane-01-Supplementary Multilingual Plane/block-u12000-u123ff-cuneiform.md	machine-initial-v1	visual-balanced-unicode-block-v1
𒅫	U+1216B	CUNEIFORM SIGN KA TIMES GU	Lo	cuneiform	mu	8	m	复合	s	0	w	宽展	mumw	cuneiform视觉聚类C8;状态组S0	true	0.025461	2.0000	0.2739	30_项目/个人Unicode音型输入法/数据/unicode全字符/plane-01-Supplementary Multilingual Plane/block-u12000-u123ff-cuneiform.md	machine-initial-v1	visual-balanced-unicode-block-v1
𒅬	U+1216C	CUNEIFORM SIGN KA TIMES GUR7	Lo	cuneiform	mu	24	c	曲弧	s	2	s	对称	mucs	cuneiform视觉聚类C24;状态组S2	false	0.142587	2.4000	0.3014	30_项目/个人Unicode音型输入法/数据/unicode全字符/plane-01-Supplementary Multilingual Plane/block-u12000-u123ff-cuneiform.md	machine-initial-v1	visual-balanced-unicode-block-v1
𒅭	U+1216D	CUNEIFORM SIGN KA TIMES IGI	Lo	cuneiform	mu	8	m	复合	s	1	s	对称	mums	cuneiform视觉聚类C8;状态组S1	false	0.029997	2.0000	0.2710	30_项目/个人Unicode音型输入法/数据/unicode全字符/plane-01-Supplementary Multilingual Plane/block-u12000-u123ff-cuneiform.md	machine-initial-v1	visual-balanced-unicode-block-v1
𒅮	U+1216E	CUNEIFORM SIGN KA TIMES IM	Lo	cuneiform	mu	8	m	复合	s	0	w	宽展	mumw	cuneiform视觉聚类C8;状态组S0	true	0.023845	2.0000	0.2740	30_项目/个人Unicode音型输入法/数据/unicode全字符/plane-01-Supplementary Multilingual Plane/block-u12000-u123ff-cuneiform.md	machine-initial-v1	visual-balanced-unicode-block-v1
𒅯	U+1216F	CUNEIFORM SIGN KA TIMES KAK	Lo	cuneiform	mu	13	v	开口V形	s	2	w	宽展	muvw	cuneiform视觉聚类C13;状态组S2	true	0.016443	2.0000	0.2637	30_项目/个人Unicode音型输入法/数据/unicode全字符/plane-01-Supplementary Multilingual Plane/block-u12000-u123ff-cuneiform.md	machine-initial-v1	visual-balanced-unicode-block-v1
𒅰	U+12170	CUNEIFORM SIGN KA TIMES KI	Lo	cuneiform	mu	24	c	曲弧	s	0	h	横向	much	cuneiform视觉聚类C24;状态组S0	true	0.079157	2.0000	0.2743	30_项目/个人Unicode音型输入法/数据/unicode全字符/plane-01-Supplementary Multilingual Plane/block-u12000-u123ff-cuneiform.md	machine-initial-v1	visual-balanced-unicode-block-v1
𒅱	U+12171	CUNEIFORM SIGN KA TIMES KID	Lo	cuneiform	mu	17	j	钩弯	s	1	w	宽展	mujw	cuneiform视觉聚类C17;状态组S1	true	0.027890	2.0000	0.3072	30_项目/个人Unicode音型输入法/数据/unicode全字符/plane-01-Supplementary Multilingual Plane/block-u12000-u123ff-cuneiform.md	machine-initial-v1	visual-balanced-unicode-block-v1
𒅲	U+12172	CUNEIFORM SIGN KA TIMES LI	Lo	cuneiform	mu	24	c	曲弧	s	0	h	横向	much	cuneiform视觉聚类C24;状态组S0	true	0.092979	2.0286	0.3069	30_项目/个人Unicode音型输入法/数据/unicode全字符/plane-01-Supplementary Multilingual Plane/block-u12000-u123ff-cuneiform.md	machine-initial-v1	visual-balanced-unicode-block-v1
𒅳	U+12173	CUNEIFORM SIGN KA TIMES LU	Lo	cuneiform	mu	13	v	开口V形	s	2	w	宽展	muvw	cuneiform视觉聚类C13;状态组S2	true	0.032211	2.0000	0.2823	30_项目/个人Unicode音型输入法/数据/unicode全字符/plane-01-Supplementary Multilingual Plane/block-u12000-u123ff-cuneiform.md	machine-initial-v1	visual-balanced-unicode-block-v1
𒅴	U+12174	CUNEIFORM SIGN KA TIMES ME	Lo	cuneiform	mu	24	c	曲弧	s	0	h	横向	much	cuneiform视觉聚类C24;状态组S0	true	0.088279	2.0000	0.2567	30_项目/个人Unicode音型输入法/数据/unicode全字符/plane-01-Supplementary Multilingual Plane/block-u12000-u123ff-cuneiform.md	machine-initial-v1	visual-balanced-unicode-block-v1
𒅵	U+12175	CUNEIFORM SIGN KA TIMES ME PLUS DU	Lo	cuneiform	mu	3	i	细柱	s	1	w	宽展	muiw	cuneiform视觉聚类C3;状态组S1	true	0.024605	2.0000	0.2911	30_项目/个人Unicode音型输入法/数据/unicode全字符/plane-01-Supplementary Multilingual Plane/block-u12000-u123ff-cuneiform.md	machine-initial-v1	visual-balanced-unicode-block-v1
𒅶	U+12176	CUNEIFORM SIGN KA TIMES ME PLUS GI	Lo	cuneiform	mu	3	i	细柱	s	2	s	对称	muis	cuneiform视觉聚类C3;状态组S2	false	0.040502	2.0000	0.3030	30_项目/个人Unicode音型输入法/数据/unicode全字符/plane-01-Supplementary Multilingual Plane/block-u12000-u123ff-cuneiform.md	machine-initial-v1	visual-balanced-unicode-block-v1
𒅷	U+12177	CUNEIFORM SIGN KA TIMES ME PLUS TE	Lo	cuneiform	mu	3	i	细柱	s	1	w	宽展	muiw	cuneiform视觉聚类C3;状态组S1	true	0.022588	2.0000	0.2899	30_项目/个人Unicode音型输入法/数据/unicode全字符/plane-01-Supplementary Multilingual Plane/block-u12000-u123ff-cuneiform.md	machine-initial-v1	visual-balanced-unicode-block-v1
𒅸	U+12178	CUNEIFORM SIGN KA TIMES MI	Lo	cuneiform	mu	3	i	细柱	s	0	h	横向	muih	cuneiform视觉聚类C3;状态组S0	true	0.027744	2.0000	0.3110	30_项目/个人Unicode音型输入法/数据/unicode全字符/plane-01-Supplementary Multilingual Plane/block-u12000-u123ff-cuneiform.md	machine-initial-v1	visual-balanced-unicode-block-v1
𒅹	U+12179	CUNEIFORM SIGN KA TIMES MI PLUS NUNUZ	Lo	cuneiform	mu	17	j	钩弯	s	0	h	横向	mujh	cuneiform视觉聚类C17;状态组S0	true	0.040796	2.0000	0.3099	30_项目/个人Unicode音型输入法/数据/unicode全字符/plane-01-Supplementary Multilingual Plane/block-u12000-u123ff-cuneiform.md	machine-initial-v1	visual-balanced-unicode-block-v1
𒅺	U+1217A	CUNEIFORM SIGN KA TIMES NE	Lo	cuneiform	mu	3	i	细柱	s	1	w	宽展	muiw	cuneiform视觉聚类C3;状态组S1	true	0.027370	2.0000	0.2947	30_项目/个人Unicode音型输入法/数据/unicode全字符/plane-01-Supplementary Multilingual Plane/block-u12000-u123ff-cuneiform.md	machine-initial-v1	visual-balanced-unicode-block-v1
𒅻	U+1217B	CUNEIFORM SIGN KA TIMES NUN	Lo	cuneiform	mu	17	j	钩弯	s	1	w	宽展	mujw	cuneiform视觉聚类C17;状态组S1	true	0.025768	2.0000	0.2917	30_项目/个人Unicode音型输入法/数据/unicode全字符/plane-01-Supplementary Multilingual Plane/block-u12000-u123ff-cuneiform.md	machine-initial-v1	visual-balanced-unicode-block-v1
𒅼	U+1217C	CUNEIFORM SIGN KA TIMES PI	Lo	cuneiform	mu	8	m	复合	s	1	s	对称	mums	cuneiform视觉聚类C8;状态组S1	false	0.026314	2.0000	0.2749	30_项目/个人Unicode音型输入法/数据/unicode全字符/plane-01-Supplementary Multilingual Plane/block-u12000-u123ff-cuneiform.md	machine-initial-v1	visual-balanced-unicode-block-v1
𒅽	U+1217D	CUNEIFORM SIGN KA TIMES RU	Lo	cuneiform	mu	13	v	开口V形	s	0	s	对称	muvs	cuneiform视觉聚类C13;状态组S0	false	0.049947	1.9718	0.2771	30_项目/个人Unicode音型输入法/数据/unicode全字符/plane-01-Supplementary Multilingual Plane/block-u12000-u123ff-cuneiform.md	machine-initial-v1	visual-balanced-unicode-block-v1
𒅾	U+1217E	CUNEIFORM SIGN KA TIMES SA	Lo	cuneiform	mu	17	j	钩弯	s	1	w	宽展	mujw	cuneiform视觉聚类C17;状态组S1	true	0.032943	2.0000	0.3128	30_项目/个人Unicode音型输入法/数据/unicode全字符/plane-01-Supplementary Multilingual Plane/block-u12000-u123ff-cuneiform.md	machine-initial-v1	visual-balanced-unicode-block-v1
𒅿	U+1217F	CUNEIFORM SIGN KA TIMES SAR	Lo	cuneiform	mu	24	c	曲弧	s	2	s	对称	mucs	cuneiform视觉聚类C24;状态组S2	false	0.068544	2.0000	0.2711	30_项目/个人Unicode音型输入法/数据/unicode全字符/plane-01-Supplementary Multilingual Plane/block-u12000-u123ff-cuneiform.md	machine-initial-v1	visual-balanced-unicode-block-v1
𒆀	U+12180	CUNEIFORM SIGN KA TIMES SHA	Lo	cuneiform	mu	7	r	放射星芒	s	2	w	宽展	murw	cuneiform视觉聚类C7;状态组S2	true	0.455090	2.0000	0.2805	30_项目/个人Unicode音型输入法/数据/unicode全字符/plane-01-Supplementary Multilingual Plane/block-u12000-u123ff-cuneiform.md	machine-initial-v1	visual-balanced-unicode-block-v1
𒆁	U+12181	CUNEIFORM SIGN KA TIMES SHE	Lo	cuneiform	mu	17	j	钩弯	s	0	h	横向	mujh	cuneiform视觉聚类C17;状态组S0	true	0.031448	2.0000	0.3034	30_项目/个人Unicode音型输入法/数据/unicode全字符/plane-01-Supplementary Multilingual Plane/block-u12000-u123ff-cuneiform.md	machine-initial-v1	visual-balanced-unicode-block-v1
𒆂	U+12182	CUNEIFORM SIGN KA TIMES SHID	Lo	cuneiform	mu	12	k	绳结	s	2	w	宽展	mukw	cuneiform视觉聚类C12;状态组S2	true	0.408288	2.0000	0.3060	30_项目/个人Unicode音型输入法/数据/unicode全字符/plane-01-Supplementary Multilingual Plane/block-u12000-u123ff-cuneiform.md	machine-initial-v1	visual-balanced-unicode-block-v1
𒆃	U+12183	CUNEIFORM SIGN KA TIMES SHU	Lo	cuneiform	mu	15	u	容器U形	s	2	x	穿过交叠	muux	cuneiform视觉聚类C15;状态组S2	true	0.404597	2.0000	0.2847	30_项目/个人Unicode音型输入法/数据/unicode全字符/plane-01-Supplementary Multilingual Plane/block-u12000-u123ff-cuneiform.md	machine-initial-v1	visual-balanced-unicode-block-v1
𒆄	U+12184	CUNEIFORM SIGN KA TIMES SIG	Lo	cuneiform	mu	6	z	阶梯锯齿	s	2	x	穿过交叠	muzx	cuneiform视觉聚类C6;状态组S2	true	0.417752	2.0000	0.2762	30_项目/个人Unicode音型输入法/数据/unicode全字符/plane-01-Supplementary Multilingual Plane/block-u12000-u123ff-cuneiform.md	machine-initial-v1	visual-balanced-unicode-block-v1
𒆅	U+12185	CUNEIFORM SIGN KA TIMES SUHUR	Lo	cuneiform	mu	24	c	曲弧	s	2	s	对称	mucs	cuneiform视觉聚类C24;状态组S2	false	0.098308	2.0000	0.3030	30_项目/个人Unicode音型输入法/数据/unicode全字符/plane-01-Supplementary Multilingual Plane/block-u12000-u123ff-cuneiform.md	machine-initial-v1	visual-balanced-unicode-block-v1
𒆆	U+12186	CUNEIFORM SIGN KA TIMES TAR	Lo	cuneiform	mu	13	v	开口V形	s	0	s	对称	muvs	cuneiform视觉聚类C13;状态组S0	false	0.026904	2.0000	0.2653	30_项目/个人Unicode音型输入法/数据/unicode全字符/plane-01-Supplementary Multilingual Plane/block-u12000-u123ff-cuneiform.md	machine-initial-v1	visual-balanced-unicode-block-v1
𒆇	U+12187	CUNEIFORM SIGN KA TIMES U	Lo	cuneiform	mu	13	v	开口V形	s	0	s	对称	muvs	cuneiform视觉聚类C13;状态组S0	false	0.036348	2.0000	0.2669	30_项目/个人Unicode音型输入法/数据/unicode全字符/plane-01-Supplementary Multilingual Plane/block-u12000-u123ff-cuneiform.md	machine-initial-v1	visual-balanced-unicode-block-v1
𒆈	U+12188	CUNEIFORM SIGN KA TIMES U2	Lo	cuneiform	mu	17	j	钩弯	s	1	w	宽展	mujw	cuneiform视觉聚类C17;状态组S1	true	0.026814	2.0000	0.3000	30_项目/个人Unicode音型输入法/数据/unicode全字符/plane-01-Supplementary Multilingual Plane/block-u12000-u123ff-cuneiform.md	machine-initial-v1	visual-balanced-unicode-block-v1
𒆉	U+12189	CUNEIFORM SIGN KA TIMES UD	Lo	cuneiform	mu	7	r	放射星芒	s	2	w	宽展	murw	cuneiform视觉聚类C7;状态组S2	true	0.476446	2.0000	0.2748	30_项目/个人Unicode音型输入法/数据/unicode全字符/plane-01-Supplementary Multilingual Plane/block-u12000-u123ff-cuneiform.md	machine-initial-v1	visual-balanced-unicode-block-v1
𒆊	U+1218A	CUNEIFORM SIGN KA TIMES UMUM TIMES PA	Lo	cuneiform	mu	3	i	细柱	s	1	w	宽展	muiw	cuneiform视觉聚类C3;状态组S1	true	0.022789	2.0000	0.2916	30_项目/个人Unicode音型输入法/数据/unicode全字符/plane-01-Supplementary Multilingual Plane/block-u12000-u123ff-cuneiform.md	machine-initial-v1	visual-balanced-unicode-block-v1
𒆋	U+1218B	CUNEIFORM SIGN KA TIMES USH	Lo	cuneiform	mu	8	m	复合	s	0	w	宽展	mumw	cuneiform视觉聚类C8;状态组S0	true	0.048077	2.0000	0.3030	30_项目/个人Unicode音型输入法/数据/unicode全字符/plane-01-Supplementary Multilingual Plane/block-u12000-u123ff-cuneiform.md	machine-initial-v1	visual-balanced-unicode-block-v1
𒆌	U+1218C	CUNEIFORM SIGN KA TIMES ZI	Lo	cuneiform	mu	3	i	细柱	s	0	h	横向	muih	cuneiform视觉聚类C3;状态组S0	true	0.028596	2.0000	0.3183	30_项目/个人Unicode音型输入法/数据/unicode全字符/plane-01-Supplementary Multilingual Plane/block-u12000-u123ff-cuneiform.md	machine-initial-v1	visual-balanced-unicode-block-v1
𒆍	U+1218D	CUNEIFORM SIGN KA2	Lo	cuneiform	mu	19	a	角折	s	2	x	穿过交叠	muax	cuneiform视觉聚类C19;状态组S2	true	0.437378	1.3733	0.2901	30_项目/个人Unicode音型输入法/数据/unicode全字符/plane-01-Supplementary Multilingual Plane/block-u12000-u123ff-cuneiform.md	machine-initial-v1	visual-balanced-unicode-block-v1
𒆎	U+1218E	CUNEIFORM SIGN KA2 CROSSING KA2	Lo	cuneiform	mu	15	u	容器U形	s	2	x	穿过交叠	muux	cuneiform视觉聚类C15;状态组S2	true	0.690224	1.1084	0.2787	30_项目/个人Unicode音型输入法/数据/unicode全字符/plane-01-Supplementary Multilingual Plane/block-u12000-u123ff-cuneiform.md	machine-initial-v1	visual-balanced-unicode-block-v1
𒆏	U+1218F	CUNEIFORM SIGN KAB	Lo	cuneiform	mu	19	a	角折	s	2	x	穿过交叠	muax	cuneiform视觉聚类C19;状态组S2	true	0.415150	1.6528	0.2578	30_项目/个人Unicode音型输入法/数据/unicode全字符/plane-01-Supplementary Multilingual Plane/block-u12000-u123ff-cuneiform.md	machine-initial-v1	visual-balanced-unicode-block-v1
𒆐	U+12190	CUNEIFORM SIGN KAD2	Lo	cuneiform	mu	16	d	点状	s	0	x	穿过交叠	mudx	cuneiform视觉聚类C16;状态组S0	true	0.872089	0.7386	0.1591	30_项目/个人Unicode音型输入法/数据/unicode全字符/plane-01-Supplementary Multilingual Plane/block-u12000-u123ff-cuneiform.md	machine-initial-v1	visual-balanced-unicode-block-v1
𒆑	U+12191	CUNEIFORM SIGN KAD3	Lo	cuneiform	mu	7	r	放射星芒	s	1	s	对称	murs	cuneiform视觉聚类C7;状态组S1	false	1.493214	1.1023	0.2297	30_项目/个人Unicode音型输入法/数据/unicode全字符/plane-01-Supplementary Multilingual Plane/block-u12000-u123ff-cuneiform.md	machine-initial-v1	visual-balanced-unicode-block-v1
𒆒	U+12192	CUNEIFORM SIGN KAD4	Lo	cuneiform	mu	14	f	人物轮廓	s	2	s	对称	mufs	cuneiform视觉聚类C14;状态组S2	false	0.269190	2.0132	0.2079	30_项目/个人Unicode音型输入法/数据/unicode全字符/plane-01-Supplementary Multilingual Plane/block-u12000-u123ff-cuneiform.md	machine-initial-v1	visual-balanced-unicode-block-v1
𒆓	U+12193	CUNEIFORM SIGN KAD5	Lo	cuneiform	mu	14	f	人物轮廓	s	2	s	对称	mufs	cuneiform视觉聚类C14;状态组S2	false	0.303132	1.9136	0.2688	30_项目/个人Unicode音型输入法/数据/unicode全字符/plane-01-Supplementary Multilingual Plane/block-u12000-u123ff-cuneiform.md	machine-initial-v1	visual-balanced-unicode-block-v1
𒆔	U+12194	CUNEIFORM SIGN KAD5 OVER KAD5	Lo	cuneiform	mu	20	e	椭圆	m	0	m	重复多部件	muem	cuneiform视觉聚类C20;状态组S0	false	1.016011	1.1089	0.2774	30_项目/个人Unicode音型输入法/数据/unicode全字符/plane-01-Supplementary Multilingual Plane/block-u12000-u123ff-cuneiform.md	machine-initial-v1	visual-balanced-unicode-block-v1
𒆕	U+12195	CUNEIFORM SIGN KAK	Lo	cuneiform	mu	22	s	方框	s	1	o	外包	muso	cuneiform视觉聚类C22;状态组S1	true	0.272204	1.4286	0.1771	30_项目/个人Unicode音型输入法/数据/unicode全字符/plane-01-Supplementary Multilingual Plane/block-u12000-u123ff-cuneiform.md	machine-initial-v1	visual-balanced-unicode-block-v1
𒆖	U+12196	CUNEIFORM SIGN KAK TIMES IGI GUNU	Lo	cuneiform	mu	22	s	方框	s	1	o	外包	muso	cuneiform视觉聚类C22;状态组S1	true	0.251930	1.4286	0.2142	30_项目/个人Unicode音型输入法/数据/unicode全字符/plane-01-Supplementary Multilingual Plane/block-u12000-u123ff-cuneiform.md	machine-initial-v1	visual-balanced-unicode-block-v1
𒆗	U+12197	CUNEIFORM SIGN KAL	Lo	cuneiform	mu	4	n	成列成排	s	0	o	外包	muno	cuneiform视觉聚类C4;状态组S0	true	0.421562	1.4474	0.2006	30_项目/个人Unicode音型输入法/数据/unicode全字符/plane-01-Supplementary Multilingual Plane/block-u12000-u123ff-cuneiform.md	machine-initial-v1	visual-balanced-unicode-block-v1
𒆘	U+12198	CUNEIFORM SIGN KAL TIMES BAD	Lo	cuneiform	mu	4	n	成列成排	s	0	o	外包	muno	cuneiform视觉聚类C4;状态组S0	true	0.435711	1.4474	0.2273	30_项目/个人Unicode音型输入法/数据/unicode全字符/plane-01-Supplementary Multilingual Plane/block-u12000-u123ff-cuneiform.md	machine-initial-v1	visual-balanced-unicode-block-v1
𒆙	U+12199	CUNEIFORM SIGN KAL CROSSING KAL	Lo	cuneiform	mu	4	n	成列成排	s	2	s	对称	muns	cuneiform视觉聚类C4;状态组S2	false	1.088554	1.1154	0.2782	30_项目/个人Unicode音型输入法/数据/unicode全字符/plane-01-Supplementary Multilingual Plane/block-u12000-u123ff-cuneiform.md	machine-initial-v1	visual-balanced-unicode-block-v1
𒆚	U+1219A	CUNEIFORM SIGN KAM2	Lo	cuneiform	mu	6	z	阶梯锯齿	s	0	g	缺口开放	muzg	cuneiform视觉聚类C6;状态组S0	true	0.479828	1.2809	0.1684	30_项目/个人Unicode音型输入法/数据/unicode全字符/plane-01-Supplementary Multilingual Plane/block-u12000-u123ff-cuneiform.md	machine-initial-v1	visual-balanced-unicode-block-v1
𒆛	U+1219B	CUNEIFORM SIGN KAM4	Lo	cuneiform	mu	7	r	放射星芒	s	2	w	宽展	murw	cuneiform视觉聚类C7;状态组S2	true	0.599949	2.6111	0.2047	30_项目/个人Unicode音型输入法/数据/unicode全字符/plane-01-Supplementary Multilingual Plane/block-u12000-u123ff-cuneiform.md	machine-initial-v1	visual-balanced-unicode-block-v1
𒆜	U+1219C	CUNEIFORM SIGN KASKAL	Lo	cuneiform	mu	4	n	成列成排	s	2	s	对称	muns	cuneiform视觉聚类C4;状态组S2	false	0.891608	1.1149	0.2374	30_项目/个人Unicode音型输入法/数据/unicode全字符/plane-01-Supplementary Multilingual Plane/block-u12000-u123ff-cuneiform.md	machine-initial-v1	visual-balanced-unicode-block-v1
𒆝	U+1219D	CUNEIFORM SIGN KASKAL LAGAB TIMES U OVER LAGAB TIMES U	Lo	cuneiform	mu	0	x	交叉	s	2	o	外包	muxo	cuneiform视觉聚类C0;状态组S2	true	0.809399	1.2871	0.2123	30_项目/个人Unicode音型输入法/数据/unicode全字符/plane-01-Supplementary Multilingual Plane/block-u12000-u123ff-cuneiform.md	machine-initial-v1	visual-balanced-unicode-block-v1
𒆞	U+1219E	CUNEIFORM SIGN KASKAL OVER KASKAL LAGAB TIMES U OVER LAGAB TIMES U	Lo	cuneiform	mu	20	e	椭圆	s	2	o	外包	mueo	cuneiform视觉聚类C20;状态组S2	true	0.757453	1.1038	0.2542	30_项目/个人Unicode音型输入法/数据/unicode全字符/plane-01-Supplementary Multilingual Plane/block-u12000-u123ff-cuneiform.md	machine-initial-v1	visual-balanced-unicode-block-v1
𒆟	U+1219F	CUNEIFORM SIGN KESH2	Lo	cuneiform	mu	4	n	成列成排	s	1	x	穿过交叠	munx	cuneiform视觉聚类C4;状态组S1	true	0.463745	1.5426	0.3419	30_项目/个人Unicode音型输入法/数据/unicode全字符/plane-01-Supplementary Multilingual Plane/block-u12000-u123ff-cuneiform.md	machine-initial-v1	visual-balanced-unicode-block-v1
𒆠	U+121A0	CUNEIFORM SIGN KI	Lo	cuneiform	mu	12	k	绳结	s	0	s	对称	muks	cuneiform视觉聚类C12;状态组S0	false	0.348932	1.2024	0.1882	30_项目/个人Unicode音型输入法/数据/unicode全字符/plane-01-Supplementary Multilingual Plane/block-u12000-u123ff-cuneiform.md	machine-initial-v1	visual-balanced-unicode-block-v1
𒆡	U+121A1	CUNEIFORM SIGN KI TIMES BAD	Lo	cuneiform	mu	12	k	绳结	s	0	s	对称	muks	cuneiform视觉聚类C12;状态组S0	false	0.358405	1.2024	0.1939	30_项目/个人Unicode音型输入法/数据/unicode全字符/plane-01-Supplementary Multilingual Plane/block-u12000-u123ff-cuneiform.md	machine-initial-v1	visual-balanced-unicode-block-v1
𒆢	U+121A2	CUNEIFORM SIGN KI TIMES U	Lo	cuneiform	mu	12	k	绳结	s	0	s	对称	muks	cuneiform视觉聚类C12;状态组S0	false	0.355172	1.2024	0.2092	30_项目/个人Unicode音型输入法/数据/unicode全字符/plane-01-Supplementary Multilingual Plane/block-u12000-u123ff-cuneiform.md	machine-initial-v1	visual-balanced-unicode-block-v1
𒆣	U+121A3	CUNEIFORM SIGN KI TIMES UD	Lo	cuneiform	mu	12	k	绳结	s	0	s	对称	muks	cuneiform视觉聚类C12;状态组S0	false	0.338965	1.2024	0.2066	30_项目/个人Unicode音型输入法/数据/unicode全字符/plane-01-Supplementary Multilingual Plane/block-u12000-u123ff-cuneiform.md	machine-initial-v1	visual-balanced-unicode-block-v1
𒆤	U+121A4	CUNEIFORM SIGN KID	Lo	cuneiform	mu	19	a	角折	s	1	s	对称	muas	cuneiform视觉聚类C19;状态组S1	false	0.331858	1.4857	0.3363	30_项目/个人Unicode音型输入法/数据/unicode全字符/plane-01-Supplementary Multilingual Plane/block-u12000-u123ff-cuneiform.md	machine-initial-v1	visual-balanced-unicode-block-v1
𒆥	U+121A5	CUNEIFORM SIGN KIN	Lo	cuneiform	mu	6	z	阶梯锯齿	s	0	g	缺口开放	muzg	cuneiform视觉聚类C6;状态组S0	true	0.354340	1.7326	0.2434	30_项目/个人Unicode音型输入法/数据/unicode全字符/plane-01-Supplementary Multilingual Plane/block-u12000-u123ff-cuneiform.md	machine-initial-v1	visual-balanced-unicode-block-v1
𒆦	U+121A6	CUNEIFORM SIGN KISAL	Lo	cuneiform	mu	19	a	角折	s	1	s	对称	muas	cuneiform视觉聚类C19;状态组S1	false	0.311561	1.4857	0.2727	30_项目/个人Unicode音型输入法/数据/unicode全字符/plane-01-Supplementary Multilingual Plane/block-u12000-u123ff-cuneiform.md	machine-initial-v1	visual-balanced-unicode-block-v1
𒆧	U+121A7	CUNEIFORM SIGN KISH	Lo	cuneiform	mu	12	k	绳结	s	1	o	外包	muko	cuneiform视觉聚类C12;状态组S1	true	0.377069	1.6279	0.2491	30_项目/个人Unicode音型输入法/数据/unicode全字符/plane-01-Supplementary Multilingual Plane/block-u12000-u123ff-cuneiform.md	machine-initial-v1	visual-balanced-unicode-block-v1
𒆨	U+121A8	CUNEIFORM SIGN KISIM5	Lo	cuneiform	mu	22	s	方框	s	0	s	对称	muss	cuneiform视觉聚类C22;状态组S0	false	0.358322	1.6786	0.1552	30_项目/个人Unicode音型输入法/数据/unicode全字符/plane-01-Supplementary Multilingual Plane/block-u12000-u123ff-cuneiform.md	machine-initial-v1	visual-balanced-unicode-block-v1
𒆩	U+121A9	CUNEIFORM SIGN KISIM5 OVER KISIM5	Lo	cuneiform	mu	15	u	容器U形	s	0	s	对称	muus	cuneiform视觉聚类C15;状态组S0	false	0.725848	0.9615	0.1537	30_项目/个人Unicode音型输入法/数据/unicode全字符/plane-01-Supplementary Multilingual Plane/block-u12000-u123ff-cuneiform.md	machine-initial-v1	visual-balanced-unicode-block-v1
𒆪	U+121AA	CUNEIFORM SIGN KU	Lo	cuneiform	mu	1	l	线条	i	2	c	闭合	mulc	cuneiform视觉聚类C1;状态组S2	true	0.839725	1.0141	0.2246	30_项目/个人Unicode音型输入法/数据/unicode全字符/plane-01-Supplementary Multilingual Plane/block-u12000-u123ff-cuneiform.md	machine-initial-v1	visual-balanced-unicode-block-v1
𒆫	U+121AB	CUNEIFORM SIGN KU OVER HI TIMES ASH2 KU OVER HI TIMES ASH2	Lo	cuneiform	mu	20	e	椭圆	s	2	o	外包	mueo	cuneiform视觉聚类C20;状态组S2	true	0.638624	1.2222	0.2633	30_项目/个人Unicode音型输入法/数据/unicode全字符/plane-01-Supplementary Multilingual Plane/block-u12000-u123ff-cuneiform.md	machine-initial-v1	visual-balanced-unicode-block-v1
𒆬	U+121AC	CUNEIFORM SIGN KU3	Lo	cuneiform	mu	6	z	阶梯锯齿	s	2	x	穿过交叠	muzx	cuneiform视觉聚类C6;状态组S2	true	0.485923	0.8796	0.1517	30_项目/个人Unicode音型输入法/数据/unicode全字符/plane-01-Supplementary Multilingual Plane/block-u12000-u123ff-cuneiform.md	machine-initial-v1	visual-balanced-unicode-block-v1
𒆭	U+121AD	CUNEIFORM SIGN KU4	Lo	cuneiform	mu	19	a	角折	s	2	x	穿过交叠	muax	cuneiform视觉聚类C19;状态组S2	true	0.560763	1.6429	0.2928	30_项目/个人Unicode音型输入法/数据/unicode全字符/plane-01-Supplementary Multilingual Plane/block-u12000-u123ff-cuneiform.md	machine-initial-v1	visual-balanced-unicode-block-v1
𒆮	U+121AE	CUNEIFORM SIGN KU4 VARIANT FORM	Lo	cuneiform	mu	10	t	三角尖形	p	2	p	成对	mutp	cuneiform视觉聚类C10;状态组S2	false	0.715577	1.3182	0.2649	30_项目/个人Unicode音型输入法/数据/unicode全字符/plane-01-Supplementary Multilingual Plane/block-u12000-u123ff-cuneiform.md	machine-initial-v1	visual-balanced-unicode-block-v1
𒆯	U+121AF	CUNEIFORM SIGN KU7	Lo	cuneiform	mu	4	n	成列成排	s	0	o	外包	muno	cuneiform视觉聚类C4;状态组S0	true	0.511136	1.6000	0.2004	30_项目/个人Unicode音型输入法/数据/unicode全字符/plane-01-Supplementary Multilingual Plane/block-u12000-u123ff-cuneiform.md	machine-initial-v1	visual-balanced-unicode-block-v1
𒆰	U+121B0	CUNEIFORM SIGN KUL	Lo	cuneiform	mu	2	y	分叉翼形	s	0	h	横向	muyh	cuneiform视觉聚类C2;状态组S0	true	0.148112	2.5714	0.1699	30_项目/个人Unicode音型输入法/数据/unicode全字符/plane-01-Supplementary Multilingual Plane/block-u12000-u123ff-cuneiform.md	machine-initial-v1	visual-balanced-unicode-block-v1
𒆱	U+121B1	CUNEIFORM SIGN KUL GUNU	Lo	cuneiform	mu	2	y	分叉翼形	s	0	h	横向	muyh	cuneiform视觉聚类C2;状态组S0	true	0.168245	2.4407	0.2394	30_项目/个人Unicode音型输入法/数据/unicode全字符/plane-01-Supplementary Multilingual Plane/block-u12000-u123ff-cuneiform.md	machine-initial-v1	visual-balanced-unicode-block-v1
𒆲	U+121B2	CUNEIFORM SIGN KUN	Lo	cuneiform	mu	2	y	分叉翼形	s	0	h	横向	muyh	cuneiform视觉聚类C2;状态组S0	true	0.383011	1.5974	0.1930	30_项目/个人Unicode音型输入法/数据/unicode全字符/plane-01-Supplementary Multilingual Plane/block-u12000-u123ff-cuneiform.md	machine-initial-v1	visual-balanced-unicode-block-v1
𒆳	U+121B3	CUNEIFORM SIGN KUR	Lo	cuneiform	mu	6	z	阶梯锯齿	s	0	g	缺口开放	muzg	cuneiform视觉聚类C6;状态组S0	true	0.823033	1.2373	0.1558	30_项目/个人Unicode音型输入法/数据/unicode全字符/plane-01-Supplementary Multilingual Plane/block-u12000-u123ff-cuneiform.md	machine-initial-v1	visual-balanced-unicode-block-v1
𒆴	U+121B4	CUNEIFORM SIGN KUR OPPOSING KUR	Lo	cuneiform	mu	14	f	人物轮廓	s	0	w	宽展	mufw	cuneiform视觉聚类C14;状态组S0	true	0.342370	2.1186	0.1833	30_项目/个人Unicode音型输入法/数据/unicode全字符/plane-01-Supplementary Multilingual Plane/block-u12000-u123ff-cuneiform.md	machine-initial-v1	visual-balanced-unicode-block-v1
𒆵	U+121B5	CUNEIFORM SIGN KUSHU2	Lo	cuneiform	mu	19	a	角折	s	2	x	穿过交叠	muax	cuneiform视觉聚类C19;状态组S2	true	0.729932	1.1628	0.2103	30_项目/个人Unicode音型输入法/数据/unicode全字符/plane-01-Supplementary Multilingual Plane/block-u12000-u123ff-cuneiform.md	machine-initial-v1	visual-balanced-unicode-block-v1
𒆶	U+121B6	CUNEIFORM SIGN KWU318	Lo	cuneiform	mu	14	f	人物轮廓	s	2	s	对称	mufs	cuneiform视觉聚类C14;状态组S2	false	0.281141	1.7326	0.2472	30_项目/个人Unicode音型输入法/数据/unicode全字符/plane-01-Supplementary Multilingual Plane/block-u12000-u123ff-cuneiform.md	machine-initial-v1	visual-balanced-unicode-block-v1
𒆷	U+121B7	CUNEIFORM SIGN LA	Lo	cuneiform	mu	0	x	交叉	s	1	x	穿过交叠	muxx	cuneiform视觉聚类C0;状态组S1	true	0.656306	1.4125	0.2741	30_项目/个人Unicode音型输入法/数据/unicode全字符/plane-01-Supplementary Multilingual Plane/block-u12000-u123ff-cuneiform.md	machine-initial-v1	visual-balanced-unicode-block-v1
𒆸	U+121B8	CUNEIFORM SIGN LAGAB	Lo	cuneiform	mu	1	l	线条	i	0	o	外包	mulo	cuneiform视觉聚类C1;状态组S0	true	0.075422	1.1571	0.2074	30_项目/个人Unicode音型输入法/数据/unicode全字符/plane-01-Supplementary Multilingual Plane/block-u12000-u123ff-cuneiform.md	machine-initial-v1	visual-balanced-unicode-block-v1
𒆹	U+121B9	CUNEIFORM SIGN LAGAB TIMES A	Lo	cuneiform	mu	21	b	块面	i	2	i	内含	mubi	cuneiform视觉聚类C21;状态组S2	false	0.117959	1.1571	0.2487	30_项目/个人Unicode音型输入法/数据/unicode全字符/plane-01-Supplementary Multilingual Plane/block-u12000-u123ff-cuneiform.md	machine-initial-v1	visual-balanced-unicode-block-v1
𒆺	U+121BA	CUNEIFORM SIGN LAGAB TIMES A PLUS DA PLUS HA	Lo	cuneiform	mu	18	p	螺旋回环	s	2	c	闭合	mupc	cuneiform视觉聚类C18;状态组S2	true	0.093850	1.1571	0.2646	30_项目/个人Unicode音型输入法/数据/unicode全字符/plane-01-Supplementary Multilingual Plane/block-u12000-u123ff-cuneiform.md	machine-initial-v1	visual-balanced-unicode-block-v1
𒆻	U+121BB	CUNEIFORM SIGN LAGAB TIMES A PLUS GAR	Lo	cuneiform	mu	21	b	块面	i	1	o	外包	mubo	cuneiform视觉聚类C21;状态组S1	true	0.151704	1.1571	0.2878	30_项目/个人Unicode音型输入法/数据/unicode全字符/plane-01-Supplementary Multilingual Plane/block-u12000-u123ff-cuneiform.md	machine-initial-v1	visual-balanced-unicode-block-v1
𒆼	U+121BC	CUNEIFORM SIGN LAGAB TIMES A PLUS LAL	Lo	cuneiform	mu	21	b	块面	i	1	o	外包	mubo	cuneiform视觉聚类C21;状态组S1	true	0.135739	1.1571	0.2688	30_项目/个人Unicode音型输入法/数据/unicode全字符/plane-01-Supplementary Multilingual Plane/block-u12000-u123ff-cuneiform.md	machine-initial-v1	visual-balanced-unicode-block-v1
𒆽	U+121BD	CUNEIFORM SIGN LAGAB TIMES AL	Lo	cuneiform	mu	23	h	枝杈	s	0	s	对称	muhs	cuneiform视觉聚类C23;状态组S0	false	0.143539	1.1571	0.2647	30_项目/个人Unicode音型输入法/数据/unicode全字符/plane-01-Supplementary Multilingual Plane/block-u12000-u123ff-cuneiform.md	machine-initial-v1	visual-balanced-unicode-block-v1
𒆾	U+121BE	CUNEIFORM SIGN LAGAB TIMES AN	Lo	cuneiform	mu	21	b	块面	i	2	i	内含	mubi	cuneiform视觉聚类C21;状态组S2	false	0.101012	1.1571	0.2619	30_项目/个人Unicode音型输入法/数据/unicode全字符/plane-01-Supplementary Multilingual Plane/block-u12000-u123ff-cuneiform.md	machine-initial-v1	visual-balanced-unicode-block-v1
𒆿	U+121BF	CUNEIFORM SIGN LAGAB TIMES ASH ZIDA TENU	Lo	cuneiform	mu	1	l	线条	i	1	i	内含	muli	cuneiform视觉聚类C1;状态组S1	false	0.065697	1.1571	0.2229	30_项目/个人Unicode音型输入法/数据/unicode全字符/plane-01-Supplementary Multilingual Plane/block-u12000-u123ff-cuneiform.md	machine-initial-v1	visual-balanced-unicode-block-v1
𒇀	U+121C0	CUNEIFORM SIGN LAGAB TIMES BAD	Lo	cuneiform	mu	1	l	线条	i	0	o	外包	mulo	cuneiform视觉聚类C1;状态组S0	true	0.084745	1.1571	0.2319	30_项目/个人Unicode音型输入法/数据/unicode全字符/plane-01-Supplementary Multilingual Plane/block-u12000-u123ff-cuneiform.md	machine-initial-v1	visual-balanced-unicode-block-v1
𒇁	U+121C1	CUNEIFORM SIGN LAGAB TIMES BI	Lo	cuneiform	mu	18	p	螺旋回环	s	1	o	外包	mupo	cuneiform视觉聚类C18;状态组S1	true	0.097712	1.1571	0.2656	30_项目/个人Unicode音型输入法/数据/unicode全字符/plane-01-Supplementary Multilingual Plane/block-u12000-u123ff-cuneiform.md	machine-initial-v1	visual-balanced-unicode-block-v1
𒇂	U+121C2	CUNEIFORM SIGN LAGAB TIMES DAR	Lo	cuneiform	mu	11	w	波浪流线	i	1	c	闭合	muwc	cuneiform视觉聚类C11;状态组S1	true	0.199847	1.1571	0.2991	30_项目/个人Unicode音型输入法/数据/unicode全字符/plane-01-Supplementary Multilingual Plane/block-u12000-u123ff-cuneiform.md	machine-initial-v1	visual-balanced-unicode-block-v1
𒇃	U+121C3	CUNEIFORM SIGN LAGAB TIMES EN	Lo	cuneiform	mu	23	h	枝杈	i	2	c	闭合	muhc	cuneiform视觉聚类C23;状态组S2	true	0.115243	1.1571	0.2591	30_项目/个人Unicode音型输入法/数据/unicode全字符/plane-01-Supplementary Multilingual Plane/block-u12000-u123ff-cuneiform.md	machine-initial-v1	visual-balanced-unicode-block-v1
𒇄	U+121C4	CUNEIFORM SIGN LAGAB TIMES GA	Lo	cuneiform	mu	18	p	螺旋回环	s	1	o	外包	mupo	cuneiform视觉聚类C18;状态组S1	true	0.082101	1.1571	0.2780	30_项目/个人Unicode音型输入法/数据/unicode全字符/plane-01-Supplementary Multilingual Plane/block-u12000-u123ff-cuneiform.md	machine-initial-v1	visual-balanced-unicode-block-v1
𒇅	U+121C5	CUNEIFORM SIGN LAGAB TIMES GAR	Lo	cuneiform	mu	21	b	块面	i	2	i	内含	mubi	cuneiform视觉聚类C21;状态组S2	false	0.110196	1.1571	0.2517	30_项目/个人Unicode音型输入法/数据/unicode全字符/plane-01-Supplementary Multilingual Plane/block-u12000-u123ff-cuneiform.md	machine-initial-v1	visual-balanced-unicode-block-v1
𒇆	U+121C6	CUNEIFORM SIGN LAGAB TIMES GUD	Lo	cuneiform	mu	18	p	螺旋回环	s	2	c	闭合	mupc	cuneiform视觉聚类C18;状态组S2	true	0.097848	1.1571	0.2471	30_项目/个人Unicode音型输入法/数据/unicode全字符/plane-01-Supplementary Multilingual Plane/block-u12000-u123ff-cuneiform.md	machine-initial-v1	visual-balanced-unicode-block-v1
𒇇	U+121C7	CUNEIFORM SIGN LAGAB TIMES GUD PLUS GUD	Lo	cuneiform	mu	23	h	枝杈	s	0	s	对称	muhs	cuneiform视觉聚类C23;状态组S0	false	0.110338	1.1571	0.2580	30_项目/个人Unicode音型输入法/数据/unicode全字符/plane-01-Supplementary Multilingual Plane/block-u12000-u123ff-cuneiform.md	machine-initial-v1	visual-balanced-unicode-block-v1
𒇈	U+121C8	CUNEIFORM SIGN LAGAB TIMES HA	Lo	cuneiform	mu	21	b	块面	i	2	i	内含	mubi	cuneiform视觉聚类C21;状态组S2	false	0.090178	1.1571	0.2510	30_项目/个人Unicode音型输入法/数据/unicode全字符/plane-01-Supplementary Multilingual Plane/block-u12000-u123ff-cuneiform.md	machine-initial-v1	visual-balanced-unicode-block-v1
𒇉	U+121C9	CUNEIFORM SIGN LAGAB TIMES HAL	Lo	cuneiform	mu	1	l	线条	i	1	i	内含	muli	cuneiform视觉聚类C1;状态组S1	false	0.089423	1.1571	0.2450	30_项目/个人Unicode音型输入法/数据/unicode全字符/plane-01-Supplementary Multilingual Plane/block-u12000-u123ff-cuneiform.md	machine-initial-v1	visual-balanced-unicode-block-v1
𒇊	U+121CA	CUNEIFORM SIGN LAGAB TIMES HI TIMES NUN	Lo	cuneiform	mu	11	w	波浪流线	i	1	c	闭合	muwc	cuneiform视觉聚类C11;状态组S1	true	0.113779	1.1571	0.2568	30_项目/个人Unicode音型输入法/数据/unicode全字符/plane-01-Supplementary Multilingual Plane/block-u12000-u123ff-cuneiform.md	machine-initial-v1	visual-balanced-unicode-block-v1
𒇋	U+121CB	CUNEIFORM SIGN LAGAB TIMES IGI GUNU	Lo	cuneiform	mu	7	r	放射星芒	s	1	s	对称	murs	cuneiform视觉聚类C7;状态组S1	false	0.627515	1.1571	0.2538	30_项目/个人Unicode音型输入法/数据/unicode全字符/plane-01-Supplementary Multilingual Plane/block-u12000-u123ff-cuneiform.md	machine-initial-v1	visual-balanced-unicode-block-v1
𒇌	U+121CC	CUNEIFORM SIGN LAGAB TIMES IM	Lo	cuneiform	mu	11	w	波浪流线	i	1	c	闭合	muwc	cuneiform视觉聚类C11;状态组S1	true	0.183155	1.2000	0.2480	30_项目/个人Unicode音型输入法/数据/unicode全字符/plane-01-Supplementary Multilingual Plane/block-u12000-u123ff-cuneiform.md	machine-initial-v1	visual-balanced-unicode-block-v1
𒇍	U+121CD	CUNEIFORM SIGN LAGAB TIMES IM PLUS HA	Lo	cuneiform	mu	7	r	放射星芒	s	1	s	对称	murs	cuneiform视觉聚类C7;状态组S1	false	0.654931	1.1857	0.2518	30_项目/个人Unicode音型输入法/数据/unicode全字符/plane-01-Supplementary Multilingual Plane/block-u12000-u123ff-cuneiform.md	machine-initial-v1	visual-balanced-unicode-block-v1
𒇎	U+121CE	CUNEIFORM SIGN LAGAB TIMES IM PLUS LU	Lo	cuneiform	mu	7	r	放射星芒	s	1	s	对称	murs	cuneiform视觉聚类C7;状态组S1	false	0.609477	1.1571	0.2515	30_项目/个人Unicode音型输入法/数据/unicode全字符/plane-01-Supplementary Multilingual Plane/block-u12000-u123ff-cuneiform.md	machine-initial-v1	visual-balanced-unicode-block-v1
𒇏	U+121CF	CUNEIFORM SIGN LAGAB TIMES KI	Lo	cuneiform	mu	11	w	波浪流线	i	1	c	闭合	muwc	cuneiform视觉聚类C11;状态组S1	true	0.095845	1.1571	0.2594	30_项目/个人Unicode音型输入法/数据/unicode全字符/plane-01-Supplementary Multilingual Plane/block-u12000-u123ff-cuneiform.md	machine-initial-v1	visual-balanced-unicode-block-v1
𒇐	U+121D0	CUNEIFORM SIGN LAGAB TIMES KIN	Lo	cuneiform	mu	18	p	螺旋回环	s	1	o	外包	mupo	cuneiform视觉聚类C18;状态组S1	true	0.115289	1.1571	0.2750	30_项目/个人Unicode音型输入法/数据/unicode全字符/plane-01-Supplementary Multilingual Plane/block-u12000-u123ff-cuneiform.md	machine-initial-v1	visual-balanced-unicode-block-v1
𒇑	U+121D1	CUNEIFORM SIGN LAGAB TIMES KU3	Lo	cuneiform	mu	23	h	枝杈	s	0	s	对称	muhs	cuneiform视觉聚类C23;状态组S0	false	0.103992	1.1571	0.2568	30_项目/个人Unicode音型输入法/数据/unicode全字符/plane-01-Supplementary Multilingual Plane/block-u12000-u123ff-cuneiform.md	machine-initial-v1	visual-balanced-unicode-block-v1
𒇒	U+121D2	CUNEIFORM SIGN LAGAB TIMES KUL	Lo	cuneiform	mu	1	l	线条	i	1	i	内含	muli	cuneiform视觉聚类C1;状态组S1	false	0.080747	1.1571	0.2418	30_项目/个人Unicode音型输入法/数据/unicode全字符/plane-01-Supplementary Multilingual Plane/block-u12000-u123ff-cuneiform.md	machine-initial-v1	visual-balanced-unicode-block-v1
𒇓	U+121D3	CUNEIFORM SIGN LAGAB TIMES KUL PLUS HI PLUS A	Lo	cuneiform	mu	18	p	螺旋回环	s	0	s	对称	mups	cuneiform视觉聚类C18;状态组S0	false	1.023557	1.2143	0.2450	30_项目/个人Unicode音型输入法/数据/unicode全字符/plane-01-Supplementary Multilingual Plane/block-u12000-u123ff-cuneiform.md	machine-initial-v1	visual-balanced-unicode-block-v1
𒇔	U+121D4	CUNEIFORM SIGN LAGAB TIMES LAGAB	Lo	cuneiform	mu	11	w	波浪流线	s	0	s	对称	muws	cuneiform视觉聚类C11;状态组S0	false	0.110274	1.1571	0.2550	30_项目/个人Unicode音型输入法/数据/unicode全字符/plane-01-Supplementary Multilingual Plane/block-u12000-u123ff-cuneiform.md	machine-initial-v1	visual-balanced-unicode-block-v1
𒇕	U+121D5	CUNEIFORM SIGN LAGAB TIMES LISH	Lo	cuneiform	mu	1	l	线条	i	0	o	外包	mulo	cuneiform视觉聚类C1;状态组S0	true	0.090276	1.1571	0.2277	30_项目/个人Unicode音型输入法/数据/unicode全字符/plane-01-Supplementary Multilingual Plane/block-u12000-u123ff-cuneiform.md	machine-initial-v1	visual-balanced-unicode-block-v1
𒇖	U+121D6	CUNEIFORM SIGN LAGAB TIMES LU	Lo	cuneiform	mu	11	w	波浪流线	s	0	s	对称	muws	cuneiform视觉聚类C11;状态组S0	false	0.097313	1.1571	0.2638	30_项目/个人Unicode音型输入法/数据/unicode全字符/plane-01-Supplementary Multilingual Plane/block-u12000-u123ff-cuneiform.md	machine-initial-v1	visual-balanced-unicode-block-v1
𒇗	U+121D7	CUNEIFORM SIGN LAGAB TIMES LUL	Lo	cuneiform	mu	21	b	块面	i	0	c	闭合	mubc	cuneiform视觉聚类C21;状态组S0	true	0.133241	1.1571	0.2494	30_项目/个人Unicode音型输入法/数据/unicode全字符/plane-01-Supplementary Multilingual Plane/block-u12000-u123ff-cuneiform.md	machine-initial-v1	visual-balanced-unicode-block-v1
𒇘	U+121D8	CUNEIFORM SIGN LAGAB TIMES ME	Lo	cuneiform	mu	1	l	线条	i	1	i	内含	muli	cuneiform视觉聚类C1;状态组S1	false	0.079933	1.1571	0.2390	30_项目/个人Unicode音型输入法/数据/unicode全字符/plane-01-Supplementary Multilingual Plane/block-u12000-u123ff-cuneiform.md	machine-initial-v1	visual-balanced-unicode-block-v1
𒇙	U+121D9	CUNEIFORM SIGN LAGAB TIMES ME PLUS EN	Lo	cuneiform	mu	23	h	枝杈	s	0	s	对称	muhs	cuneiform视觉聚类C23;状态组S0	false	0.165838	1.1571	0.2810	30_项目/个人Unicode音型输入法/数据/unicode全字符/plane-01-Supplementary Multilingual Plane/block-u12000-u123ff-cuneiform.md	machine-initial-v1	visual-balanced-unicode-block-v1
𒇚	U+121DA	CUNEIFORM SIGN LAGAB TIMES MUSH	Lo	cuneiform	mu	1	l	线条	i	0	o	外包	mulo	cuneiform视觉聚类C1;状态组S0	true	0.091335	1.1571	0.2464	30_项目/个人Unicode音型输入法/数据/unicode全字符/plane-01-Supplementary Multilingual Plane/block-u12000-u123ff-cuneiform.md	machine-initial-v1	visual-balanced-unicode-block-v1
𒇛	U+121DB	CUNEIFORM SIGN LAGAB TIMES NE	Lo	cuneiform	mu	18	p	螺旋回环	s	2	c	闭合	mupc	cuneiform视觉聚类C18;状态组S2	true	0.128476	1.1571	0.2642	30_项目/个人Unicode音型输入法/数据/unicode全字符/plane-01-Supplementary Multilingual Plane/block-u12000-u123ff-cuneiform.md	machine-initial-v1	visual-balanced-unicode-block-v1
𒇜	U+121DC	CUNEIFORM SIGN LAGAB TIMES SHE PLUS SUM	Lo	cuneiform	mu	18	p	螺旋回环	s	1	o	外包	mupo	cuneiform视觉聚类C18;状态组S1	true	0.132105	1.1571	0.2938	30_项目/个人Unicode音型输入法/数据/unicode全字符/plane-01-Supplementary Multilingual Plane/block-u12000-u123ff-cuneiform.md	machine-initial-v1	visual-balanced-unicode-block-v1
𒇝	U+121DD	CUNEIFORM SIGN LAGAB TIMES SHITA PLUS GISH PLUS ERIN2	Lo	cuneiform	mu	11	w	波浪流线	s	0	s	对称	muws	cuneiform视觉聚类C11;状态组S0	false	0.281108	1.1714	0.2730	30_项目/个人Unicode音型输入法/数据/unicode全字符/plane-01-Supplementary Multilingual Plane/block-u12000-u123ff-cuneiform.md	machine-initial-v1	visual-balanced-unicode-block-v1
𒇞	U+121DE	CUNEIFORM SIGN LAGAB TIMES SHITA PLUS GISH TENU	Lo	cuneiform	mu	18	p	螺旋回环	s	1	o	外包	mupo	cuneiform视觉聚类C18;状态组S1	true	0.242236	1.1571	0.2914	30_项目/个人Unicode音型输入法/数据/unicode全字符/plane-01-Supplementary Multilingual Plane/block-u12000-u123ff-cuneiform.md	machine-initial-v1	visual-balanced-unicode-block-v1
𒇟	U+121DF	CUNEIFORM SIGN LAGAB TIMES SHU2	Lo	cuneiform	mu	23	h	枝杈	i	1	i	内含	muhi	cuneiform视觉聚类C23;状态组S1	false	0.136406	1.1571	0.2356	30_项目/个人Unicode音型输入法/数据/unicode全字符/plane-01-Supplementary Multilingual Plane/block-u12000-u123ff-cuneiform.md	machine-initial-v1	visual-balanced-unicode-block-v1
𒇠	U+121E0	CUNEIFORM SIGN LAGAB TIMES SHU2 PLUS SHU2	Lo	cuneiform	mu	23	h	枝杈	i	2	c	闭合	muhc	cuneiform视觉聚类C23;状态组S2	true	0.176256	1.1571	0.2635	30_项目/个人Unicode音型输入法/数据/unicode全字符/plane-01-Supplementary Multilingual Plane/block-u12000-u123ff-cuneiform.md	machine-initial-v1	visual-balanced-unicode-block-v1
𒇡	U+121E1	CUNEIFORM SIGN LAGAB TIMES SUM	Lo	cuneiform	mu	11	w	波浪流线	i	1	c	闭合	muwc	cuneiform视觉聚类C11;状态组S1	true	0.092600	1.1571	0.2686	30_项目/个人Unicode音型输入法/数据/unicode全字符/plane-01-Supplementary Multilingual Plane/block-u12000-u123ff-cuneiform.md	machine-initial-v1	visual-balanced-unicode-block-v1
𒇢	U+121E2	CUNEIFORM SIGN LAGAB TIMES TAG	Lo	cuneiform	mu	18	p	螺旋回环	s	2	c	闭合	mupc	cuneiform视觉聚类C18;状态组S2	true	0.093418	1.1571	0.2501	30_项目/个人Unicode音型输入法/数据/unicode全字符/plane-01-Supplementary Multilingual Plane/block-u12000-u123ff-cuneiform.md	machine-initial-v1	visual-balanced-unicode-block-v1
𒇣	U+121E3	CUNEIFORM SIGN LAGAB TIMES TAK4	Lo	cuneiform	mu	11	w	波浪流线	i	2	i	内含	muwi	cuneiform视觉聚类C11;状态组S2	false	0.095486	1.1571	0.2674	30_项目/个人Unicode音型输入法/数据/unicode全字符/plane-01-Supplementary Multilingual Plane/block-u12000-u123ff-cuneiform.md	machine-initial-v1	visual-balanced-unicode-block-v1
𒇤	U+121E4	CUNEIFORM SIGN LAGAB TIMES TE PLUS A PLUS SU PLUS NA	Lo	cuneiform	mu	19	a	角折	s	1	s	对称	muas	cuneiform视觉聚类C19;状态组S1	false	0.415480	1.6000	0.2849	30_项目/个人Unicode音型输入法/数据/unicode全字符/plane-01-Supplementary Multilingual Plane/block-u12000-u123ff-cuneiform.md	machine-initial-v1	visual-balanced-unicode-block-v1
𒇥	U+121E5	CUNEIFORM SIGN LAGAB TIMES U	Lo	cuneiform	mu	1	l	线条	i	1	i	内含	muli	cuneiform视觉聚类C1;状态组S1	false	0.087949	1.1571	0.2310	30_项目/个人Unicode音型输入法/数据/unicode全字符/plane-01-Supplementary Multilingual Plane/block-u12000-u123ff-cuneiform.md	machine-initial-v1	visual-balanced-unicode-block-v1
𒇦	U+121E6	CUNEIFORM SIGN LAGAB TIMES U PLUS A	Lo	cuneiform	mu	21	b	块面	i	2	i	内含	mubi	cuneiform视觉聚类C21;状态组S2	false	0.121428	1.1571	0.2658	30_项目/个人Unicode音型输入法/数据/unicode全字符/plane-01-Supplementary Multilingual Plane/block-u12000-u123ff-cuneiform.md	machine-initial-v1	visual-balanced-unicode-block-v1
𒇧	U+121E7	CUNEIFORM SIGN LAGAB TIMES U PLUS U PLUS U	Lo	cuneiform	mu	21	b	块面	i	0	c	闭合	mubc	cuneiform视觉聚类C21;状态组S0	true	0.170036	1.1571	0.2790	30_项目/个人Unicode音型输入法/数据/unicode全字符/plane-01-Supplementary Multilingual Plane/block-u12000-u123ff-cuneiform.md	machine-initial-v1	visual-balanced-unicode-block-v1
𒇨	U+121E8	CUNEIFORM SIGN LAGAB TIMES U2 PLUS ASH	Lo	cuneiform	mu	21	b	块面	i	0	c	闭合	mubc	cuneiform视觉聚类C21;状态组S0	true	0.647765	1.2429	0.2696	30_项目/个人Unicode音型输入法/数据/unicode全字符/plane-01-Supplementary Multilingual Plane/block-u12000-u123ff-cuneiform.md	machine-initial-v1	visual-balanced-unicode-block-v1
𒇩	U+121E9	CUNEIFORM SIGN LAGAB TIMES UD	Lo	cuneiform	mu	11	w	波浪流线	i	2	i	内含	muwi	cuneiform视觉聚类C11;状态组S2	false	0.139209	1.1571	0.2608	30_项目/个人Unicode音型输入法/数据/unicode全字符/plane-01-Supplementary Multilingual Plane/block-u12000-u123ff-cuneiform.md	machine-initial-v1	visual-balanced-unicode-block-v1
𒇪	U+121EA	CUNEIFORM SIGN LAGAB TIMES USH	Lo	cuneiform	mu	23	h	枝杈	i	2	c	闭合	muhc	cuneiform视觉聚类C23;状态组S2	true	0.198046	1.1571	0.2753	30_项目/个人Unicode音型输入法/数据/unicode全字符/plane-01-Supplementary Multilingual Plane/block-u12000-u123ff-cuneiform.md	machine-initial-v1	visual-balanced-unicode-block-v1
𒇫	U+121EB	CUNEIFORM SIGN LAGAB SQUARED	Lo	cuneiform	mu	25	q	其他	s	0	w	宽展	muqw	cuneiform视觉聚类C25;状态组S0	true	0.798586	1.1531	0.1344	30_项目/个人Unicode音型输入法/数据/unicode全字符/plane-01-Supplementary Multilingual Plane/block-u12000-u123ff-cuneiform.md	machine-initial-v1	visual-balanced-unicode-block-v1
𒇬	U+121EC	CUNEIFORM SIGN LAGAR	Lo	cuneiform	mu	9	o	圆环	s	1	s	对称	muos	cuneiform视觉聚类C9;状态组S1	false	0.469870	1.1600	0.2222	30_项目/个人Unicode音型输入法/数据/unicode全字符/plane-01-Supplementary Multilingual Plane/block-u12000-u123ff-cuneiform.md	machine-initial-v1	visual-balanced-unicode-block-v1
𒇭	U+121ED	CUNEIFORM SIGN LAGAR TIMES SHE	Lo	cuneiform	mu	9	o	圆环	s	1	s	对称	muos	cuneiform视觉聚类C9;状态组S1	false	0.386597	1.1600	0.2929	30_项目/个人Unicode音型输入法/数据/unicode全字符/plane-01-Supplementary Multilingual Plane/block-u12000-u123ff-cuneiform.md	machine-initial-v1	visual-balanced-unicode-block-v1
𒇮	U+121EE	CUNEIFORM SIGN LAGAR TIMES SHE PLUS SUM	Lo	cuneiform	mu	9	o	圆环	s	0	x	穿过交叠	muox	cuneiform视觉聚类C9;状态组S0	true	0.514706	1.1600	0.3292	30_项目/个人Unicode音型输入法/数据/unicode全字符/plane-01-Supplementary Multilingual Plane/block-u12000-u123ff-cuneiform.md	machine-initial-v1	visual-balanced-unicode-block-v1
𒇯	U+121EF	CUNEIFORM SIGN LAGAR GUNU	Lo	cuneiform	mu	9	o	圆环	s	1	s	对称	muos	cuneiform视觉聚类C9;状态组S1	false	0.379130	1.1600	0.2708	30_项目/个人Unicode音型输入法/数据/unicode全字符/plane-01-Supplementary Multilingual Plane/block-u12000-u123ff-cuneiform.md	machine-initial-v1	visual-balanced-unicode-block-v1
𒇰	U+121F0	CUNEIFORM SIGN LAGAR GUNU OVER LAGAR GUNU SHE	Lo	cuneiform	mu	19	a	角折	s	2	x	穿过交叠	muax	cuneiform视觉聚类C19;状态组S2	true	0.497935	1.3294	0.2554	30_项目/个人Unicode音型输入法/数据/unicode全字符/plane-01-Supplementary Multilingual Plane/block-u12000-u123ff-cuneiform.md	machine-initial-v1	visual-balanced-unicode-block-v1
𒇱	U+121F1	CUNEIFORM SIGN LAHSHU	Lo	cuneiform	mu	24	c	曲弧	s	1	w	宽展	mucw	cuneiform视觉聚类C24;状态组S1	true	0.307109	2.0571	0.1877	30_项目/个人Unicode音型输入法/数据/unicode全字符/plane-01-Supplementary Multilingual Plane/block-u12000-u123ff-cuneiform.md	machine-initial-v1	visual-balanced-unicode-block-v1
𒇲	U+121F2	CUNEIFORM SIGN LAL	Lo	cuneiform	mu	15	u	容器U形	s	0	s	对称	muus	cuneiform视觉聚类C15;状态组S0	false	0.567189	1.0282	0.1206	30_项目/个人Unicode音型输入法/数据/unicode全字符/plane-01-Supplementary Multilingual Plane/block-u12000-u123ff-cuneiform.md	machine-initial-v1	visual-balanced-unicode-block-v1
𒇳	U+121F3	CUNEIFORM SIGN LAL TIMES LAL	Lo	cuneiform	mu	15	u	容器U形	s	0	s	对称	muus	cuneiform视觉聚类C15;状态组S0	false	0.674324	1.0282	0.2103	30_项目/个人Unicode音型输入法/数据/unicode全字符/plane-01-Supplementary Multilingual Plane/block-u12000-u123ff-cuneiform.md	machine-initial-v1	visual-balanced-unicode-block-v1
𒇴	U+121F4	CUNEIFORM SIGN LAM	Lo	cuneiform	mu	10	t	三角尖形	s	1	x	穿过交叠	mutx	cuneiform视觉聚类C10;状态组S1	true	0.573123	1.2703	0.2477	30_项目/个人Unicode音型输入法/数据/unicode全字符/plane-01-Supplementary Multilingual Plane/block-u12000-u123ff-cuneiform.md	machine-initial-v1	visual-balanced-unicode-block-v1
𒇵	U+121F5	CUNEIFORM SIGN LAM TIMES KUR	Lo	cuneiform	mu	10	t	三角尖形	s	1	x	穿过交叠	mutx	cuneiform视觉聚类C10;状态组S1	true	0.618707	1.2703	0.2583	30_项目/个人Unicode音型输入法/数据/unicode全字符/plane-01-Supplementary Multilingual Plane/block-u12000-u123ff-cuneiform.md	machine-initial-v1	visual-balanced-unicode-block-v1
𒇶	U+121F6	CUNEIFORM SIGN LAM TIMES KUR PLUS RU	Lo	cuneiform	mu	10	t	三角尖形	s	1	x	穿过交叠	mutx	cuneiform视觉聚类C10;状态组S1	true	0.719803	1.2703	0.2872	30_项目/个人Unicode音型输入法/数据/unicode全字符/plane-01-Supplementary Multilingual Plane/block-u12000-u123ff-cuneiform.md	machine-initial-v1	visual-balanced-unicode-block-v1
𒇷	U+121F7	CUNEIFORM SIGN LI	Lo	cuneiform	mu	24	c	曲弧	s	0	h	横向	much	cuneiform视觉聚类C24;状态组S0	true	0.208014	2.0714	0.2633	30_项目/个人Unicode音型输入法/数据/unicode全字符/plane-01-Supplementary Multilingual Plane/block-u12000-u123ff-cuneiform.md	machine-initial-v1	visual-balanced-unicode-block-v1
𒇸	U+121F8	CUNEIFORM SIGN LIL	Lo	cuneiform	mu	22	s	方框	s	0	s	对称	muss	cuneiform视觉聚类C22;状态组S0	false	0.365746	1.7805	0.2012	30_项目/个人Unicode音型输入法/数据/unicode全字符/plane-01-Supplementary Multilingual Plane/block-u12000-u123ff-cuneiform.md	machine-initial-v1	visual-balanced-unicode-block-v1
𒇹	U+121F9	CUNEIFORM SIGN LIMMU2	Lo	cuneiform	mu	20	e	椭圆	s	1	s	对称	mues	cuneiform视觉聚类C20;状态组S1	false	1.072756	1.4074	0.2037	30_项目/个人Unicode音型输入法/数据/unicode全字符/plane-01-Supplementary Multilingual Plane/block-u12000-u123ff-cuneiform.md	machine-initial-v1	visual-balanced-unicode-block-v1
𒇺	U+121FA	CUNEIFORM SIGN LISH	Lo	cuneiform	mu	16	d	点状	s	0	x	穿过交叠	mudx	cuneiform视觉聚类C16;状态组S0	true	0.465292	0.6667	0.1248	30_项目/个人Unicode音型输入法/数据/unicode全字符/plane-01-Supplementary Multilingual Plane/block-u12000-u123ff-cuneiform.md	machine-initial-v1	visual-balanced-unicode-block-v1
𒇻	U+121FB	CUNEIFORM SIGN LU	Lo	cuneiform	mu	23	h	枝杈	s	0	s	对称	muhs	cuneiform视觉聚类C23;状态组S0	false	0.115993	1.1571	0.2422	30_项目/个人Unicode音型输入法/数据/unicode全字符/plane-01-Supplementary Multilingual Plane/block-u12000-u123ff-cuneiform.md	machine-initial-v1	visual-balanced-unicode-block-v1
𒇼	U+121FC	CUNEIFORM SIGN LU TIMES BAD	Lo	cuneiform	mu	23	h	枝杈	i	1	i	内含	muhi	cuneiform视觉聚类C23;状态组S1	false	0.141948	1.1571	0.2665	30_项目/个人Unicode音型输入法/数据/unicode全字符/plane-01-Supplementary Multilingual Plane/block-u12000-u123ff-cuneiform.md	machine-initial-v1	visual-balanced-unicode-block-v1
𒇽	U+121FD	CUNEIFORM SIGN LU2	Lo	cuneiform	mu	22	s	方框	s	1	o	外包	muso	cuneiform视觉聚类C22;状态组S1	true	0.200090	1.7222	0.2065	30_项目/个人Unicode音型输入法/数据/unicode全字符/plane-01-Supplementary Multilingual Plane/block-u12000-u123ff-cuneiform.md	machine-initial-v1	visual-balanced-unicode-block-v1
𒇾	U+121FE	CUNEIFORM SIGN LU2 TIMES AL	Lo	cuneiform	mu	22	s	方框	s	1	o	外包	muso	cuneiform视觉聚类C22;状态组S1	true	0.276285	1.7778	0.2766	30_项目/个人Unicode音型输入法/数据/unicode全字符/plane-01-Supplementary Multilingual Plane/block-u12000-u123ff-cuneiform.md	machine-initial-v1	visual-balanced-unicode-block-v1
𒇿	U+121FF	CUNEIFORM SIGN LU2 TIMES BAD	Lo	cuneiform	mu	22	s	方框	s	1	o	外包	muso	cuneiform视觉聚类C22;状态组S1	true	0.204092	1.7222	0.2219	30_项目/个人Unicode音型输入法/数据/unicode全字符/plane-01-Supplementary Multilingual Plane/block-u12000-u123ff-cuneiform.md	machine-initial-v1	visual-balanced-unicode-block-v1
𒈀	U+12200	CUNEIFORM SIGN LU2 TIMES ESH2	Lo	cuneiform	mn	3	i	细柱	s	2	w	宽展	mniw	cuneiform视觉聚类C3;状态组S2	true	0.050345	1.7222	0.2621	30_项目/个人Unicode音型输入法/数据/unicode全字符/plane-01-Supplementary Multilingual Plane/block-u12000-u123ff-cuneiform.md	machine-initial-v1	visual-balanced-unicode-block-v1
𒈁	U+12201	CUNEIFORM SIGN LU2 TIMES ESH2 TENU	Lo	cuneiform	mn	3	i	细柱	s	2	w	宽展	mniw	cuneiform视觉聚类C3;状态组S2	true	0.037941	1.7222	0.2563	30_项目/个人Unicode音型输入法/数据/unicode全字符/plane-01-Supplementary Multilingual Plane/block-u12000-u123ff-cuneiform.md	machine-initial-v1	visual-balanced-unicode-block-v1
𒈂	U+12202	CUNEIFORM SIGN LU2 TIMES GAN2 TENU	Lo	cuneiform	mn	3	i	细柱	s	0	s	对称	mnis	cuneiform视觉聚类C3;状态组S0	false	0.092286	1.7222	0.2652	30_项目/个人Unicode音型输入法/数据/unicode全字符/plane-01-Supplementary Multilingual Plane/block-u12000-u123ff-cuneiform.md	machine-initial-v1	visual-balanced-unicode-block-v1
𒈃	U+12203	CUNEIFORM SIGN LU2 TIMES HI TIMES BAD	Lo	cuneiform	mn	3	i	细柱	s	2	w	宽展	mniw	cuneiform视觉聚类C3;状态组S2	true	0.052502	1.7222	0.2415	30_项目/个人Unicode音型输入法/数据/unicode全字符/plane-01-Supplementary Multilingual Plane/block-u12000-u123ff-cuneiform.md	machine-initial-v1	visual-balanced-unicode-block-v1
𒈄	U+12204	CUNEIFORM SIGN LU2 TIMES IM	Lo	cuneiform	mn	25	q	其他	s	1	x	穿过交叠	mnqx	cuneiform视觉聚类C25;状态组S1	true	0.556447	1.6986	0.2546	30_项目/个人Unicode音型输入法/数据/unicode全字符/plane-01-Supplementary Multilingual Plane/block-u12000-u123ff-cuneiform.md	machine-initial-v1	visual-balanced-unicode-block-v1
𒈅	U+12205	CUNEIFORM SIGN LU2 TIMES KAD2	Lo	cuneiform	mn	3	i	细柱	s	2	w	宽展	mniw	cuneiform视觉聚类C3;状态组S2	true	0.059802	1.7222	0.2415	30_项目/个人Unicode音型输入法/数据/unicode全字符/plane-01-Supplementary Multilingual Plane/block-u12000-u123ff-cuneiform.md	machine-initial-v1	visual-balanced-unicode-block-v1
𒈆	U+12206	CUNEIFORM SIGN LU2 TIMES KAD3	Lo	cuneiform	mn	3	i	细柱	s	1	x	穿过交叠	mnix	cuneiform视觉聚类C3;状态组S1	true	0.119867	1.7222	0.2835	30_项目/个人Unicode音型输入法/数据/unicode全字符/plane-01-Supplementary Multilingual Plane/block-u12000-u123ff-cuneiform.md	machine-initial-v1	visual-balanced-unicode-block-v1
𒈇	U+12207	CUNEIFORM SIGN LU2 TIMES KAD3 PLUS ASH	Lo	cuneiform	mn	3	i	细柱	s	1	x	穿过交叠	mnix	cuneiform视觉聚类C3;状态组S1	true	0.125871	1.7222	0.2877	30_项目/个人Unicode音型输入法/数据/unicode全字符/plane-01-Supplementary Multilingual Plane/block-u12000-u123ff-cuneiform.md	machine-initial-v1	visual-balanced-unicode-block-v1
𒈈	U+12208	CUNEIFORM SIGN LU2 TIMES KI	Lo	cuneiform	mn	3	i	细柱	s	0	s	对称	mnis	cuneiform视觉聚类C3;状态组S0	false	0.054241	1.7222	0.2492	30_项目/个人Unicode音型输入法/数据/unicode全字符/plane-01-Supplementary Multilingual Plane/block-u12000-u123ff-cuneiform.md	machine-initial-v1	visual-balanced-unicode-block-v1
𒈉	U+12209	CUNEIFORM SIGN LU2 TIMES LA PLUS ASH	Lo	cuneiform	mn	15	u	容器U形	s	2	w	宽展	mnuw	cuneiform视觉聚类C15;状态组S2	true	0.176654	2.0556	0.2462	30_项目/个人Unicode音型输入法/数据/unicode全字符/plane-01-Supplementary Multilingual Plane/block-u12000-u123ff-cuneiform.md	machine-initial-v1	visual-balanced-unicode-block-v1
𒈊	U+1220A	CUNEIFORM SIGN LU2 TIMES LAGAB	Lo	cuneiform	mn	15	u	容器U形	s	1	o	外包	mnuo	cuneiform视觉聚类C15;状态组S1	true	0.200177	1.7222	0.2531	30_项目/个人Unicode音型输入法/数据/unicode全字符/plane-01-Supplementary Multilingual Plane/block-u12000-u123ff-cuneiform.md	machine-initial-v1	visual-balanced-unicode-block-v1
𒈋	U+1220B	CUNEIFORM SIGN LU2 TIMES ME PLUS EN	Lo	cuneiform	mn	3	i	细柱	s	0	s	对称	mnis	cuneiform视觉聚类C3;状态组S0	false	0.069809	1.7222	0.2451	30_项目/个人Unicode音型输入法/数据/unicode全字符/plane-01-Supplementary Multilingual Plane/block-u12000-u123ff-cuneiform.md	machine-initial-v1	visual-balanced-unicode-block-v1
𒈌	U+1220C	CUNEIFORM SIGN LU2 TIMES NE	Lo	cuneiform	mn	15	u	容器U形	s	2	w	宽展	mnuw	cuneiform视觉聚类C15;状态组S2	true	0.265425	1.7500	0.2684	30_项目/个人Unicode音型输入法/数据/unicode全字符/plane-01-Supplementary Multilingual Plane/block-u12000-u123ff-cuneiform.md	machine-initial-v1	visual-balanced-unicode-block-v1
𒈍	U+1220D	CUNEIFORM SIGN LU2 TIMES NU	Lo	cuneiform	mn	3	i	细柱	s	2	w	宽展	mniw	cuneiform视觉聚类C3;状态组S2	true	0.059017	1.7222	0.2341	30_项目/个人Unicode音型输入法/数据/unicode全字符/plane-01-Supplementary Multilingual Plane/block-u12000-u123ff-cuneiform.md	machine-initial-v1	visual-balanced-unicode-block-v1
𒈎	U+1220E	CUNEIFORM SIGN LU2 TIMES SI PLUS ASH	Lo	cuneiform	mn	15	u	容器U形	s	2	w	宽展	mnuw	cuneiform视觉聚类C15;状态组S2	true	0.191574	2.0556	0.2173	30_项目/个人Unicode音型输入法/数据/unicode全字符/plane-01-Supplementary Multilingual Plane/block-u12000-u123ff-cuneiform.md	machine-initial-v1	visual-balanced-unicode-block-v1
𒈏	U+1220F	CUNEIFORM SIGN LU2 TIMES SIK2 PLUS BU	Lo	cuneiform	mn	15	u	容器U形	s	2	w	宽展	mnuw	cuneiform视觉聚类C15;状态组S2	true	0.175476	1.8667	0.2473	30_项目/个人Unicode音型输入法/数据/unicode全字符/plane-01-Supplementary Multilingual Plane/block-u12000-u123ff-cuneiform.md	machine-initial-v1	visual-balanced-unicode-block-v1
𒈐	U+12210	CUNEIFORM SIGN LU2 TIMES TUG2	Lo	cuneiform	mn	15	u	容器U形	s	1	o	外包	mnuo	cuneiform视觉聚类C15;状态组S1	true	0.248699	1.6986	0.2473	30_项目/个人Unicode音型输入法/数据/unicode全字符/plane-01-Supplementary Multilingual Plane/block-u12000-u123ff-cuneiform.md	machine-initial-v1	visual-balanced-unicode-block-v1
𒈑	U+12211	CUNEIFORM SIGN LU2 TENU	Lo	cuneiform	mn	10	t	三角尖形	s	0	w	宽展	mntw	cuneiform视觉聚类C10;状态组S0	true	0.900075	1.3146	0.1770	30_项目/个人Unicode音型输入法/数据/unicode全字符/plane-01-Supplementary Multilingual Plane/block-u12000-u123ff-cuneiform.md	machine-initial-v1	visual-balanced-unicode-block-v1
𒈒	U+12212	CUNEIFORM SIGN LU2 CROSSING LU2	Lo	cuneiform	mn	18	p	螺旋回环	s	0	x	穿过交叠	mnpx	cuneiform视觉聚类C18;状态组S0	true	0.853161	1.2299	0.2512	30_项目/个人Unicode音型输入法/数据/unicode全字符/plane-01-Supplementary Multilingual Plane/block-u12000-u123ff-cuneiform.md	machine-initial-v1	visual-balanced-unicode-block-v1
𒈓	U+12213	CUNEIFORM SIGN LU2 OPPOSING LU2	Lo	cuneiform	mn	13	v	开口V形	s	1	w	宽展	mnvw	cuneiform视觉聚类C13;状态组S1	true	0.597368	2.1705	0.2195	30_项目/个人Unicode音型输入法/数据/unicode全字符/plane-01-Supplementary Multilingual Plane/block-u12000-u123ff-cuneiform.md	machine-initial-v1	visual-balanced-unicode-block-v1
𒈔	U+12214	CUNEIFORM SIGN LU2 SQUARED	Lo	cuneiform	mn	19	a	角折	s	0	x	穿过交叠	mnax	cuneiform视觉聚类C19;状态组S0	true	0.547942	1.0943	0.1403	30_项目/个人Unicode音型输入法/数据/unicode全字符/plane-01-Supplementary Multilingual Plane/block-u12000-u123ff-cuneiform.md	machine-initial-v1	visual-balanced-unicode-block-v1
𒈕	U+12215	CUNEIFORM SIGN LU2 SHESHIG	Lo	cuneiform	mn	13	v	开口V形	s	1	w	宽展	mnvw	cuneiform视觉聚类C13;状态组S1	true	0.879196	1.6104	0.2340	30_项目/个人Unicode音型输入法/数据/unicode全字符/plane-01-Supplementary Multilingual Plane/block-u12000-u123ff-cuneiform.md	machine-initial-v1	visual-balanced-unicode-block-v1
𒈖	U+12216	CUNEIFORM SIGN LU3	Lo	cuneiform	mn	18	p	螺旋回环	s	0	x	穿过交叠	mnpx	cuneiform视觉聚类C18;状态组S0	true	0.742222	1.4143	0.2672	30_项目/个人Unicode音型输入法/数据/unicode全字符/plane-01-Supplementary Multilingual Plane/block-u12000-u123ff-cuneiform.md	machine-initial-v1	visual-balanced-unicode-block-v1
𒈗	U+12217	CUNEIFORM SIGN LUGAL	Lo	cuneiform	mn	2	y	分叉翼形	s	2	h	横向	mnyh	cuneiform视觉聚类C2;状态组S2	true	0.184928	2.4167	0.2359	30_项目/个人Unicode音型输入法/数据/unicode全字符/plane-01-Supplementary Multilingual Plane/block-u12000-u123ff-cuneiform.md	machine-initial-v1	visual-balanced-unicode-block-v1
𒈘	U+12218	CUNEIFORM SIGN LUGAL OVER LUGAL	Lo	cuneiform	mn	12	k	绳结	s	0	o	外包	mnko	cuneiform视觉聚类C12;状态组S0	true	0.446664	1.4040	0.2570	30_项目/个人Unicode音型输入法/数据/unicode全字符/plane-01-Supplementary Multilingual Plane/block-u12000-u123ff-cuneiform.md	machine-initial-v1	visual-balanced-unicode-block-v1
𒈙	U+12219	CUNEIFORM SIGN LUGAL OPPOSING LUGAL	Lo	cuneiform	mn	19	a	角折	s	1	w	宽展	mnaw	cuneiform视觉聚类C19;状态组S1	true	0.278604	3.5476	0.2355	30_项目/个人Unicode音型输入法/数据/unicode全字符/plane-01-Supplementary Multilingual Plane/block-u12000-u123ff-cuneiform.md	machine-initial-v1	visual-balanced-unicode-block-v1
𒈚	U+1221A	CUNEIFORM SIGN LUGAL SHESHIG	Lo	cuneiform	mn	15	u	容器U形	s	1	o	外包	mnuo	cuneiform视觉聚类C15;状态组S1	true	0.301719	2.2597	0.2495	30_项目/个人Unicode音型输入法/数据/unicode全字符/plane-01-Supplementary Multilingual Plane/block-u12000-u123ff-cuneiform.md	machine-initial-v1	visual-balanced-unicode-block-v1
𒈛	U+1221B	CUNEIFORM SIGN LUH	Lo	cuneiform	mn	0	x	交叉	s	2	o	外包	mnxo	cuneiform视觉聚类C0;状态组S2	true	1.025903	1.3030	0.2704	30_项目/个人Unicode音型输入法/数据/unicode全字符/plane-01-Supplementary Multilingual Plane/block-u12000-u123ff-cuneiform.md	machine-initial-v1	visual-balanced-unicode-block-v1
𒈜	U+1221C	CUNEIFORM SIGN LUL	Lo	cuneiform	mn	5	g	动物有机体	s	2	w	宽展	mngw	cuneiform视觉聚类C5;状态组S2	true	0.347396	1.4000	0.1666	30_项目/个人Unicode音型输入法/数据/unicode全字符/plane-01-Supplementary Multilingual Plane/block-u12000-u123ff-cuneiform.md	machine-initial-v1	visual-balanced-unicode-block-v1
𒈝	U+1221D	CUNEIFORM SIGN LUM	Lo	cuneiform	mn	2	y	分叉翼形	s	2	h	横向	mnyh	cuneiform视觉聚类C2;状态组S2	true	0.141348	2.4583	0.2250	30_项目/个人Unicode音型输入法/数据/unicode全字符/plane-01-Supplementary Multilingual Plane/block-u12000-u123ff-cuneiform.md	machine-initial-v1	visual-balanced-unicode-block-v1
𒈞	U+1221E	CUNEIFORM SIGN LUM OVER LUM	Lo	cuneiform	mn	12	k	绳结	s	2	x	穿过交叠	mnkx	cuneiform视觉聚类C12;状态组S2	true	0.321892	1.5172	0.2541	30_项目/个人Unicode音型输入法/数据/unicode全字符/plane-01-Supplementary Multilingual Plane/block-u12000-u123ff-cuneiform.md	machine-initial-v1	visual-balanced-unicode-block-v1
𒈟	U+1221F	CUNEIFORM SIGN LUM OVER LUM GAR OVER GAR	Lo	cuneiform	mn	12	k	绳结	s	2	x	穿过交叠	mnkx	cuneiform视觉聚类C12;状态组S2	true	0.484187	1.7300	0.2469	30_项目/个人Unicode音型输入法/数据/unicode全字符/plane-01-Supplementary Multilingual Plane/block-u12000-u123ff-cuneiform.md	machine-initial-v1	visual-balanced-unicode-block-v1
𒈠	U+12220	CUNEIFORM SIGN MA	Lo	cuneiform	mn	21	b	块面	s	0	w	宽展	mnbw	cuneiform视觉聚类C21;状态组S0	true	0.292700	1.5217	0.2101	30_项目/个人Unicode音型输入法/数据/unicode全字符/plane-01-Supplementary Multilingual Plane/block-u12000-u123ff-cuneiform.md	machine-initial-v1	visual-balanced-unicode-block-v1
𒈡	U+12221	CUNEIFORM SIGN MA TIMES TAK4	Lo	cuneiform	mn	21	b	块面	s	0	w	宽展	mnbw	cuneiform视觉聚类C21;状态组S0	true	0.289402	1.5217	0.2552	30_项目/个人Unicode音型输入法/数据/unicode全字符/plane-01-Supplementary Multilingual Plane/block-u12000-u123ff-cuneiform.md	machine-initial-v1	visual-balanced-unicode-block-v1
𒈢	U+12222	CUNEIFORM SIGN MA GUNU	Lo	cuneiform	mn	21	b	块面	s	0	w	宽展	mnbw	cuneiform视觉聚类C21;状态组S0	true	0.325094	1.5217	0.2685	30_项目/个人Unicode音型输入法/数据/unicode全字符/plane-01-Supplementary Multilingual Plane/block-u12000-u123ff-cuneiform.md	machine-initial-v1	visual-balanced-unicode-block-v1
𒈣	U+12223	CUNEIFORM SIGN MA2	Lo	cuneiform	mn	13	v	开口V形	s	2	g	缺口开放	mnvg	cuneiform视觉聚类C13;状态组S2	true	1.514265	1.0633	0.2147	30_项目/个人Unicode音型输入法/数据/unicode全字符/plane-01-Supplementary Multilingual Plane/block-u12000-u123ff-cuneiform.md	machine-initial-v1	visual-balanced-unicode-block-v1
𒈤	U+12224	CUNEIFORM SIGN MAH	Lo	cuneiform	mn	13	v	开口V形	s	1	w	宽展	mnvw	cuneiform视觉聚类C13;状态组S1	true	0.686597	1.6163	0.1422	30_项目/个人Unicode音型输入法/数据/unicode全字符/plane-01-Supplementary Multilingual Plane/block-u12000-u123ff-cuneiform.md	machine-initial-v1	visual-balanced-unicode-block-v1
𒈥	U+12225	CUNEIFORM SIGN MAR	Lo	cuneiform	mn	5	g	动物有机体	s	2	w	宽展	mngw	cuneiform视觉聚类C5;状态组S2	true	0.366984	1.6429	0.2036	30_项目/个人Unicode音型输入法/数据/unicode全字符/plane-01-Supplementary Multilingual Plane/block-u12000-u123ff-cuneiform.md	machine-initial-v1	visual-balanced-unicode-block-v1
𒈦	U+12226	CUNEIFORM SIGN MASH	Lo	cuneiform	mn	10	t	三角尖形	s	1	s	对称	mnts	cuneiform视觉聚类C10;状态组S1	false	0.676009	1.1857	0.1260	30_项目/个人Unicode音型输入法/数据/unicode全字符/plane-01-Supplementary Multilingual Plane/block-u12000-u123ff-cuneiform.md	machine-initial-v1	visual-balanced-unicode-block-v1
𒈧	U+12227	CUNEIFORM SIGN MASH2	Lo	cuneiform	mn	6	z	阶梯锯齿	s	1	o	外包	mnzo	cuneiform视觉聚类C6;状态组S1	true	0.328447	1.7532	0.1560	30_项目/个人Unicode音型输入法/数据/unicode全字符/plane-01-Supplementary Multilingual Plane/block-u12000-u123ff-cuneiform.md	machine-initial-v1	visual-balanced-unicode-block-v1
𒈨	U+12228	CUNEIFORM SIGN ME	Lo	cuneiform	mn	8	m	复合	s	2	x	穿过交叠	mnmx	cuneiform视觉聚类C8;状态组S2	true	1.007294	0.9857	0.1300	30_项目/个人Unicode音型输入法/数据/unicode全字符/plane-01-Supplementary Multilingual Plane/block-u12000-u123ff-cuneiform.md	machine-initial-v1	visual-balanced-unicode-block-v1
𒈩	U+12229	CUNEIFORM SIGN MES	Lo	cuneiform	mn	24	c	曲弧	s	2	x	穿过交叠	mncx	cuneiform视觉聚类C24;状态组S2	true	0.390905	1.5658	0.2956	30_项目/个人Unicode音型输入法/数据/unicode全字符/plane-01-Supplementary Multilingual Plane/block-u12000-u123ff-cuneiform.md	machine-initial-v1	visual-balanced-unicode-block-v1
𒈪	U+1222A	CUNEIFORM SIGN MI	Lo	cuneiform	mn	15	u	容器U形	s	0	s	对称	mnus	cuneiform视觉聚类C15;状态组S0	false	0.432082	1.9583	0.3007	30_项目/个人Unicode音型输入法/数据/unicode全字符/plane-01-Supplementary Multilingual Plane/block-u12000-u123ff-cuneiform.md	machine-initial-v1	visual-balanced-unicode-block-v1
𒈫	U+1222B	CUNEIFORM SIGN MIN	Lo	cuneiform	mn	10	t	三角尖形	s	2	x	穿过交叠	mntx	cuneiform视觉聚类C10;状态组S2	true	1.355020	0.7571	0.2013	30_项目/个人Unicode音型输入法/数据/unicode全字符/plane-01-Supplementary Multilingual Plane/block-u12000-u123ff-cuneiform.md	machine-initial-v1	visual-balanced-unicode-block-v1
𒈬	U+1222C	CUNEIFORM SIGN MU	Lo	cuneiform	mn	6	z	阶梯锯齿	s	0	s	对称	mnzs	cuneiform视觉聚类C6;状态组S0	false	0.827390	1.4026	0.2130	30_项目/个人Unicode音型输入法/数据/unicode全字符/plane-01-Supplementary Multilingual Plane/block-u12000-u123ff-cuneiform.md	machine-initial-v1	visual-balanced-unicode-block-v1
𒈭	U+1222D	CUNEIFORM SIGN MU OVER MU	Lo	cuneiform	mn	8	m	复合	s	0	s	对称	mnms	cuneiform视觉聚类C8;状态组S0	false	1.081148	0.8529	0.2274	30_项目/个人Unicode音型输入法/数据/unicode全字符/plane-01-Supplementary Multilingual Plane/block-u12000-u123ff-cuneiform.md	machine-initial-v1	visual-balanced-unicode-block-v1
𒈮	U+1222E	CUNEIFORM SIGN MUG	Lo	cuneiform	mn	10	t	三角尖形	s	1	s	对称	mnts	cuneiform视觉聚类C10;状态组S1	false	0.501098	1.1818	0.1753	30_项目/个人Unicode音型输入法/数据/unicode全字符/plane-01-Supplementary Multilingual Plane/block-u12000-u123ff-cuneiform.md	machine-initial-v1	visual-balanced-unicode-block-v1
𒈯	U+1222F	CUNEIFORM SIGN MUG GUNU	Lo	cuneiform	mn	10	t	三角尖形	s	1	s	对称	mnts	cuneiform视觉聚类C10;状态组S1	false	0.568502	1.1818	0.2085	30_项目/个人Unicode音型输入法/数据/unicode全字符/plane-01-Supplementary Multilingual Plane/block-u12000-u123ff-cuneiform.md	machine-initial-v1	visual-balanced-unicode-block-v1
𒈰	U+12230	CUNEIFORM SIGN MUNSUB	Lo	cuneiform	mn	6	z	阶梯锯齿	s	1	o	外包	mnzo	cuneiform视觉聚类C6;状态组S1	true	0.291609	1.6990	0.2062	30_项目/个人Unicode音型输入法/数据/unicode全字符/plane-01-Supplementary Multilingual Plane/block-u12000-u123ff-cuneiform.md	machine-initial-v1	visual-balanced-unicode-block-v1
𒈱	U+12231	CUNEIFORM SIGN MURGU2	Lo	cuneiform	mn	2	y	分叉翼形	s	2	h	横向	mnyh	cuneiform视觉聚类C2;状态组S2	true	0.134568	2.4583	0.1141	30_项目/个人Unicode音型输入法/数据/unicode全字符/plane-01-Supplementary Multilingual Plane/block-u12000-u123ff-cuneiform.md	machine-initial-v1	visual-balanced-unicode-block-v1
𒈲	U+12232	CUNEIFORM SIGN MUSH	Lo	cuneiform	mn	6	z	阶梯锯齿	s	2	h	横向	mnzh	cuneiform视觉聚类C6;状态组S2	true	0.125429	2.4844	0.2145	30_项目/个人Unicode音型输入法/数据/unicode全字符/plane-01-Supplementary Multilingual Plane/block-u12000-u123ff-cuneiform.md	machine-initial-v1	visual-balanced-unicode-block-v1
𒈳	U+12233	CUNEIFORM SIGN MUSH TIMES A	Lo	cuneiform	mn	6	z	阶梯锯齿	s	2	h	横向	mnzh	cuneiform视觉聚类C6;状态组S2	true	0.128245	2.4844	0.2352	30_项目/个人Unicode音型输入法/数据/unicode全字符/plane-01-Supplementary Multilingual Plane/block-u12000-u123ff-cuneiform.md	machine-initial-v1	visual-balanced-unicode-block-v1
𒈴	U+12234	CUNEIFORM SIGN MUSH TIMES KUR	Lo	cuneiform	mn	6	z	阶梯锯齿	s	2	h	横向	mnzh	cuneiform视觉聚类C6;状态组S2	true	0.127927	2.4844	0.2312	30_项目/个人Unicode音型输入法/数据/unicode全字符/plane-01-Supplementary Multilingual Plane/block-u12000-u123ff-cuneiform.md	machine-initial-v1	visual-balanced-unicode-block-v1
𒈵	U+12235	CUNEIFORM SIGN MUSH TIMES ZA	Lo	cuneiform	mn	6	z	阶梯锯齿	s	2	h	横向	mnzh	cuneiform视觉聚类C6;状态组S2	true	0.132137	2.4844	0.2366	30_项目/个人Unicode音型输入法/数据/unicode全字符/plane-01-Supplementary Multilingual Plane/block-u12000-u123ff-cuneiform.md	machine-initial-v1	visual-balanced-unicode-block-v1
𒈶	U+12236	CUNEIFORM SIGN MUSH OVER MUSH	Lo	cuneiform	mn	12	k	绳结	s	0	o	外包	mnko	cuneiform视觉聚类C12;状态组S0	true	0.488451	1.3011	0.2048	30_项目/个人Unicode音型输入法/数据/unicode全字符/plane-01-Supplementary Multilingual Plane/block-u12000-u123ff-cuneiform.md	machine-initial-v1	visual-balanced-unicode-block-v1
𒈷	U+12237	CUNEIFORM SIGN MUSH OVER MUSH TIMES A PLUS NA	Lo	cuneiform	mn	12	k	绳结	s	0	o	外包	mnko	cuneiform视觉聚类C12;状态组S0	true	0.458630	1.3011	0.2522	30_项目/个人Unicode音型输入法/数据/unicode全字符/plane-01-Supplementary Multilingual Plane/block-u12000-u123ff-cuneiform.md	machine-initial-v1	visual-balanced-unicode-block-v1
𒈸	U+12238	CUNEIFORM SIGN MUSH CROSSING MUSH	Lo	cuneiform	mn	12	k	绳结	s	1	s	对称	mnks	cuneiform视觉聚类C12;状态组S1	false	1.148195	1.1262	0.1972	30_项目/个人Unicode音型输入法/数据/unicode全字符/plane-01-Supplementary Multilingual Plane/block-u12000-u123ff-cuneiform.md	machine-initial-v1	visual-balanced-unicode-block-v1
𒈹	U+12239	CUNEIFORM SIGN MUSH3	Lo	cuneiform	mn	20	e	椭圆	s	0	x	穿过交叠	mnex	cuneiform视觉聚类C20;状态组S0	true	0.205833	1.4507	0.2490	30_项目/个人Unicode音型输入法/数据/unicode全字符/plane-01-Supplementary Multilingual Plane/block-u12000-u123ff-cuneiform.md	machine-initial-v1	visual-balanced-unicode-block-v1
𒈺	U+1223A	CUNEIFORM SIGN MUSH3 TIMES A	Lo	cuneiform	mn	20	e	椭圆	s	2	g	缺口开放	mneg	cuneiform视觉聚类C20;状态组S2	true	0.323593	1.3553	0.2597	30_项目/个人Unicode音型输入法/数据/unicode全字符/plane-01-Supplementary Multilingual Plane/block-u12000-u123ff-cuneiform.md	machine-initial-v1	visual-balanced-unicode-block-v1
𒈻	U+1223B	CUNEIFORM SIGN MUSH3 TIMES A PLUS DI	Lo	cuneiform	mn	20	e	椭圆	s	2	g	缺口开放	mneg	cuneiform视觉聚类C20;状态组S2	true	0.426426	1.3947	0.2783	30_项目/个人Unicode音型输入法/数据/unicode全字符/plane-01-Supplementary Multilingual Plane/block-u12000-u123ff-cuneiform.md	machine-initial-v1	visual-balanced-unicode-block-v1
𒈼	U+1223C	CUNEIFORM SIGN MUSH3 TIMES DI	Lo	cuneiform	mn	20	e	椭圆	s	0	x	穿过交叠	mnex	cuneiform视觉聚类C20;状态组S0	true	0.275474	1.4507	0.2798	30_项目/个人Unicode音型输入法/数据/unicode全字符/plane-01-Supplementary Multilingual Plane/block-u12000-u123ff-cuneiform.md	machine-initial-v1	visual-balanced-unicode-block-v1
𒈽	U+1223D	CUNEIFORM SIGN MUSH3 GUNU	Lo	cuneiform	mn	20	e	椭圆	s	0	x	穿过交叠	mnex	cuneiform视觉聚类C20;状态组S0	true	0.343887	1.4928	0.2914	30_项目/个人Unicode音型输入法/数据/unicode全字符/plane-01-Supplementary Multilingual Plane/block-u12000-u123ff-cuneiform.md	machine-initial-v1	visual-balanced-unicode-block-v1
𒈾	U+1223E	CUNEIFORM SIGN NA	Lo	cuneiform	mn	19	a	角折	s	2	s	对称	mnas	cuneiform视觉聚类C19;状态组S2	false	0.509833	1.4143	0.1722	30_项目/个人Unicode音型输入法/数据/unicode全字符/plane-01-Supplementary Multilingual Plane/block-u12000-u123ff-cuneiform.md	machine-initial-v1	visual-balanced-unicode-block-v1
𒈿	U+1223F	CUNEIFORM SIGN NA2	Lo	cuneiform	mn	8	m	复合	s	0	s	对称	mnms	cuneiform视觉聚类C8;状态组S0	false	0.659214	1.6714	0.2416	30_项目/个人Unicode音型输入法/数据/unicode全字符/plane-01-Supplementary Multilingual Plane/block-u12000-u123ff-cuneiform.md	machine-initial-v1	visual-balanced-unicode-block-v1
𒉀	U+12240	CUNEIFORM SIGN NAGA	Lo	cuneiform	mn	8	m	复合	s	0	s	对称	mnms	cuneiform视觉聚类C8;状态组S0	false	0.293733	1.4342	0.1760	30_项目/个人Unicode音型输入法/数据/unicode全字符/plane-01-Supplementary Multilingual Plane/block-u12000-u123ff-cuneiform.md	machine-initial-v1	visual-balanced-unicode-block-v1
𒉁	U+12241	CUNEIFORM SIGN NAGA INVERTED	Lo	cuneiform	mn	2	y	分叉翼形	s	2	h	横向	mnyh	cuneiform视觉聚类C2;状态组S2	true	0.607829	1.4342	0.1748	30_项目/个人Unicode音型输入法/数据/unicode全字符/plane-01-Supplementary Multilingual Plane/block-u12000-u123ff-cuneiform.md	machine-initial-v1	visual-balanced-unicode-block-v1
𒉂	U+12242	CUNEIFORM SIGN NAGA TIMES SHU TENU	Lo	cuneiform	mn	8	m	复合	s	0	s	对称	mnms	cuneiform视觉聚类C8;状态组S0	false	0.365090	1.4342	0.2198	30_项目/个人Unicode音型输入法/数据/unicode全字符/plane-01-Supplementary Multilingual Plane/block-u12000-u123ff-cuneiform.md	machine-initial-v1	visual-balanced-unicode-block-v1
𒉃	U+12243	CUNEIFORM SIGN NAGA OPPOSING NAGA	Lo	cuneiform	mn	13	v	开口V形	s	1	w	宽展	mnvw	cuneiform视觉聚类C13;状态组S1	true	0.566341	2.0238	0.1548	30_项目/个人Unicode音型输入法/数据/unicode全字符/plane-01-Supplementary Multilingual Plane/block-u12000-u123ff-cuneiform.md	machine-initial-v1	visual-balanced-unicode-block-v1
𒉄	U+12244	CUNEIFORM SIGN NAGAR	Lo	cuneiform	mn	13	v	开口V形	s	1	w	宽展	mnvw	cuneiform视觉聚类C13;状态组S1	true	0.669607	2.2083	0.1837	30_项目/个人Unicode音型输入法/数据/unicode全字符/plane-01-Supplementary Multilingual Plane/block-u12000-u123ff-cuneiform.md	machine-initial-v1	visual-balanced-unicode-block-v1
𒉅	U+12245	CUNEIFORM SIGN NAM NUTILLU	Lo	cuneiform	mn	20	e	椭圆	s	2	g	缺口开放	mneg	cuneiform视觉聚类C20;状态组S2	true	0.466353	1.3553	0.2675	30_项目/个人Unicode音型输入法/数据/unicode全字符/plane-01-Supplementary Multilingual Plane/block-u12000-u123ff-cuneiform.md	machine-initial-v1	visual-balanced-unicode-block-v1
𒉆	U+12246	CUNEIFORM SIGN NAM	Lo	cuneiform	mn	18	p	螺旋回环	s	0	x	穿过交叠	mnpx	cuneiform视觉聚类C18;状态组S0	true	0.822942	1.4494	0.2976	30_项目/个人Unicode音型输入法/数据/unicode全字符/plane-01-Supplementary Multilingual Plane/block-u12000-u123ff-cuneiform.md	machine-initial-v1	visual-balanced-unicode-block-v1
𒉇	U+12247	CUNEIFORM SIGN NAM2	Lo	cuneiform	mn	7	r	放射星芒	s	0	s	对称	mnrs	cuneiform视觉聚类C7;状态组S0	false	1.214471	1.0141	0.2525	30_项目/个人Unicode音型输入法/数据/unicode全字符/plane-01-Supplementary Multilingual Plane/block-u12000-u123ff-cuneiform.md	machine-initial-v1	visual-balanced-unicode-block-v1
𒉈	U+12248	CUNEIFORM SIGN NE	Lo	cuneiform	mn	16	d	点状	s	2	z	层叠错列	mndz	cuneiform视觉聚类C16;状态组S2	true	0.193200	1.8356	0.2508	30_项目/个人Unicode音型输入法/数据/unicode全字符/plane-01-Supplementary Multilingual Plane/block-u12000-u123ff-cuneiform.md	machine-initial-v1	visual-balanced-unicode-block-v1
𒉉	U+12249	CUNEIFORM SIGN NE TIMES A	Lo	cuneiform	mn	16	d	点状	s	2	z	层叠错列	mndz	cuneiform视觉聚类C16;状态组S2	true	0.181156	1.8356	0.2764	30_项目/个人Unicode音型输入法/数据/unicode全字符/plane-01-Supplementary Multilingual Plane/block-u12000-u123ff-cuneiform.md	machine-initial-v1	visual-balanced-unicode-block-v1
𒉊	U+1224A	CUNEIFORM SIGN NE TIMES UD	Lo	cuneiform	mn	16	d	点状	s	2	z	层叠错列	mndz	cuneiform视觉聚类C16;状态组S2	true	0.203862	1.8356	0.2849	30_项目/个人Unicode音型输入法/数据/unicode全字符/plane-01-Supplementary Multilingual Plane/block-u12000-u123ff-cuneiform.md	machine-initial-v1	visual-balanced-unicode-block-v1
𒉋	U+1224B	CUNEIFORM SIGN NE SHESHIG	Lo	cuneiform	mn	16	d	点状	s	2	z	层叠错列	mndz	cuneiform视觉聚类C16;状态组S2	true	0.244680	1.7792	0.2690	30_项目/个人Unicode音型输入法/数据/unicode全字符/plane-01-Supplementary Multilingual Plane/block-u12000-u123ff-cuneiform.md	machine-initial-v1	visual-balanced-unicode-block-v1
𒉌	U+1224C	CUNEIFORM SIGN NI	Lo	cuneiform	mn	14	f	人物轮廓	s	0	s	对称	mnfs	cuneiform视觉聚类C14;状态组S0	false	0.458955	1.2500	0.1815	30_项目/个人Unicode音型输入法/数据/unicode全字符/plane-01-Supplementary Multilingual Plane/block-u12000-u123ff-cuneiform.md	machine-initial-v1	visual-balanced-unicode-block-v1
𒉍	U+1224D	CUNEIFORM SIGN NI TIMES E	Lo	cuneiform	mn	14	f	人物轮廓	s	1	x	穿过交叠	mnfx	cuneiform视觉聚类C14;状态组S1	true	0.637051	1.3214	0.2208	30_项目/个人Unicode音型输入法/数据/unicode全字符/plane-01-Supplementary Multilingual Plane/block-u12000-u123ff-cuneiform.md	machine-initial-v1	visual-balanced-unicode-block-v1
𒉎	U+1224E	CUNEIFORM SIGN NI2	Lo	cuneiform	mn	9	o	圆环	s	1	c	闭合	mnoc	cuneiform视觉聚类C9;状态组S1	true	0.959620	1.4894	0.1877	30_项目/个人Unicode音型输入法/数据/unicode全字符/plane-01-Supplementary Multilingual Plane/block-u12000-u123ff-cuneiform.md	machine-initial-v1	visual-balanced-unicode-block-v1
𒉏	U+1224F	CUNEIFORM SIGN NIM	Lo	cuneiform	mn	22	s	方框	s	1	s	对称	mnss	cuneiform视觉聚类C22;状态组S1	false	0.200860	1.8333	0.1745	30_项目/个人Unicode音型输入法/数据/unicode全字符/plane-01-Supplementary Multilingual Plane/block-u12000-u123ff-cuneiform.md	machine-initial-v1	visual-balanced-unicode-block-v1
𒉐	U+12250	CUNEIFORM SIGN NIM TIMES GAN2 TENU	Lo	cuneiform	mn	22	s	方框	s	1	s	对称	mnss	cuneiform视觉聚类C22;状态组S1	false	0.163888	1.8333	0.2202	30_项目/个人Unicode音型输入法/数据/unicode全字符/plane-01-Supplementary Multilingual Plane/block-u12000-u123ff-cuneiform.md	machine-initial-v1	visual-balanced-unicode-block-v1
𒉑	U+12251	CUNEIFORM SIGN NIM TIMES GAR PLUS GAN2 TENU	Lo	cuneiform	mn	22	s	方框	s	1	s	对称	mnss	cuneiform视觉聚类C22;状态组S1	false	0.160324	1.8333	0.2399	30_项目/个人Unicode音型输入法/数据/unicode全字符/plane-01-Supplementary Multilingual Plane/block-u12000-u123ff-cuneiform.md	machine-initial-v1	visual-balanced-unicode-block-v1
𒉒	U+12252	CUNEIFORM SIGN NINDA2	Lo	cuneiform	mn	17	j	钩弯	s	0	w	宽展	mnjw	cuneiform视觉聚类C17;状态组S0	true	0.053388	1.7639	0.1680	30_项目/个人Unicode音型输入法/数据/unicode全字符/plane-01-Supplementary Multilingual Plane/block-u12000-u123ff-cuneiform.md	machine-initial-v1	visual-balanced-unicode-block-v1
𒉓	U+12253	CUNEIFORM SIGN NINDA2 TIMES AN	Lo	cuneiform	mn	17	j	钩弯	s	1	x	穿过交叠	mnjx	cuneiform视觉聚类C17;状态组S1	true	0.031919	1.7639	0.2010	30_项目/个人Unicode音型输入法/数据/unicode全字符/plane-01-Supplementary Multilingual Plane/block-u12000-u123ff-cuneiform.md	machine-initial-v1	visual-balanced-unicode-block-v1
𒉔	U+12254	CUNEIFORM SIGN NINDA2 TIMES ASH	Lo	cuneiform	mn	17	j	钩弯	s	0	w	宽展	mnjw	cuneiform视觉聚类C17;状态组S0	true	0.040230	1.7639	0.1826	30_项目/个人Unicode音型输入法/数据/unicode全字符/plane-01-Supplementary Multilingual Plane/block-u12000-u123ff-cuneiform.md	machine-initial-v1	visual-balanced-unicode-block-v1
𒉕	U+12255	CUNEIFORM SIGN NINDA2 TIMES ASH PLUS ASH	Lo	cuneiform	mn	17	j	钩弯	s	0	w	宽展	mnjw	cuneiform视觉聚类C17;状态组S0	true	0.056194	1.7639	0.1970	30_项目/个人Unicode音型输入法/数据/unicode全字符/plane-01-Supplementary Multilingual Plane/block-u12000-u123ff-cuneiform.md	machine-initial-v1	visual-balanced-unicode-block-v1
𒉖	U+12256	CUNEIFORM SIGN NINDA2 TIMES GUD	Lo	cuneiform	mn	17	j	钩弯	s	1	x	穿过交叠	mnjx	cuneiform视觉聚类C17;状态组S1	true	0.049687	1.7639	0.2063	30_项目/个人Unicode音型输入法/数据/unicode全字符/plane-01-Supplementary Multilingual Plane/block-u12000-u123ff-cuneiform.md	machine-initial-v1	visual-balanced-unicode-block-v1
𒉗	U+12257	CUNEIFORM SIGN NINDA2 TIMES ME PLUS GAN2 TENU	Lo	cuneiform	mn	24	c	曲弧	s	0	s	对称	mncs	cuneiform视觉聚类C24;状态组S0	false	0.314829	1.7639	0.2395	30_项目/个人Unicode音型输入法/数据/unicode全字符/plane-01-Supplementary Multilingual Plane/block-u12000-u123ff-cuneiform.md	machine-initial-v1	visual-balanced-unicode-block-v1
𒉘	U+12258	CUNEIFORM SIGN NINDA2 TIMES NE	Lo	cuneiform	mn	24	c	曲弧	s	0	s	对称	mncs	cuneiform视觉聚类C24;状态组S0	false	0.288059	1.7639	0.2293	30_项目/个人Unicode音型输入法/数据/unicode全字符/plane-01-Supplementary Multilingual Plane/block-u12000-u123ff-cuneiform.md	machine-initial-v1	visual-balanced-unicode-block-v1
𒉙	U+12259	CUNEIFORM SIGN NINDA2 TIMES NUN	Lo	cuneiform	mn	17	j	钩弯	s	0	w	宽展	mnjw	cuneiform视觉聚类C17;状态组S0	true	0.050573	1.7639	0.2103	30_项目/个人Unicode音型输入法/数据/unicode全字符/plane-01-Supplementary Multilingual Plane/block-u12000-u123ff-cuneiform.md	machine-initial-v1	visual-balanced-unicode-block-v1
𒉚	U+1225A	CUNEIFORM SIGN NINDA2 TIMES SHE	Lo	cuneiform	mn	17	j	钩弯	s	2	s	对称	mnjs	cuneiform视觉聚类C17;状态组S2	false	0.059056	1.7639	0.2264	30_项目/个人Unicode音型输入法/数据/unicode全字符/plane-01-Supplementary Multilingual Plane/block-u12000-u123ff-cuneiform.md	machine-initial-v1	visual-balanced-unicode-block-v1
𒉛	U+1225B	CUNEIFORM SIGN NINDA2 TIMES SHE PLUS A AN	Lo	cuneiform	mn	19	a	角折	s	1	w	宽展	mnaw	cuneiform视觉聚类C19;状态组S1	true	0.349064	2.5417	0.2880	30_项目/个人Unicode音型输入法/数据/unicode全字符/plane-01-Supplementary Multilingual Plane/block-u12000-u123ff-cuneiform.md	machine-initial-v1	visual-balanced-unicode-block-v1
𒉜	U+1225C	CUNEIFORM SIGN NINDA2 TIMES SHE PLUS ASH	Lo	cuneiform	mn	17	j	钩弯	s	2	s	对称	mnjs	cuneiform视觉聚类C17;状态组S2	false	0.077776	1.7639	0.2410	30_项目/个人Unicode音型输入法/数据/unicode全字符/plane-01-Supplementary Multilingual Plane/block-u12000-u123ff-cuneiform.md	machine-initial-v1	visual-balanced-unicode-block-v1
𒉝	U+1225D	CUNEIFORM SIGN NINDA2 TIMES SHE PLUS ASH PLUS ASH	Lo	cuneiform	mn	20	e	椭圆	s	1	s	对称	mnes	cuneiform视觉聚类C20;状态组S1	false	0.673306	2.0000	0.2257	30_项目/个人Unicode音型输入法/数据/unicode全字符/plane-01-Supplementary Multilingual Plane/block-u12000-u123ff-cuneiform.md	machine-initial-v1	visual-balanced-unicode-block-v1
𒉞	U+1225E	CUNEIFORM SIGN NINDA2 TIMES U2 PLUS ASH	Lo	cuneiform	mn	17	j	钩弯	s	0	w	宽展	mnjw	cuneiform视觉聚类C17;状态组S0	true	0.058615	1.7639	0.2359	30_项目/个人Unicode音型输入法/数据/unicode全字符/plane-01-Supplementary Multilingual Plane/block-u12000-u123ff-cuneiform.md	machine-initial-v1	visual-balanced-unicode-block-v1
𒉟	U+1225F	CUNEIFORM SIGN NINDA2 TIMES USH	Lo	cuneiform	mn	17	j	钩弯	s	1	x	穿过交叠	mnjx	cuneiform视觉聚类C17;状态组S1	true	0.055854	1.7639	0.2136	30_项目/个人Unicode音型输入法/数据/unicode全字符/plane-01-Supplementary Multilingual Plane/block-u12000-u123ff-cuneiform.md	machine-initial-v1	visual-balanced-unicode-block-v1
𒉠	U+12260	CUNEIFORM SIGN NISAG	Lo	cuneiform	mn	24	c	曲弧	s	2	x	穿过交叠	mncx	cuneiform视觉聚类C24;状态组S2	true	0.474944	1.6056	0.3042	30_项目/个人Unicode音型输入法/数据/unicode全字符/plane-01-Supplementary Multilingual Plane/block-u12000-u123ff-cuneiform.md	machine-initial-v1	visual-balanced-unicode-block-v1
𒉡	U+12261	CUNEIFORM SIGN NU	Lo	cuneiform	mn	8	m	复合	s	2	x	穿过交叠	mnmx	cuneiform视觉聚类C8;状态组S2	true	0.419708	1.4068	0.1538	30_项目/个人Unicode音型输入法/数据/unicode全字符/plane-01-Supplementary Multilingual Plane/block-u12000-u123ff-cuneiform.md	machine-initial-v1	visual-balanced-unicode-block-v1
𒉢	U+12262	CUNEIFORM SIGN NU11	Lo	cuneiform	mn	2	y	分叉翼形	s	0	s	对称	mnys	cuneiform视觉聚类C2;状态组S0	false	0.203354	1.7051	0.1629	30_项目/个人Unicode音型输入法/数据/unicode全字符/plane-01-Supplementary Multilingual Plane/block-u12000-u123ff-cuneiform.md	machine-initial-v1	visual-balanced-unicode-block-v1
𒉣	U+12263	CUNEIFORM SIGN NUN	Lo	cuneiform	mn	21	b	块面	s	1	x	穿过交叠	mnbx	cuneiform视觉聚类C21;状态组S1	true	0.467527	1.4783	0.2246	30_项目/个人Unicode音型输入法/数据/unicode全字符/plane-01-Supplementary Multilingual Plane/block-u12000-u123ff-cuneiform.md	machine-initial-v1	visual-balanced-unicode-block-v1
𒉤	U+12264	CUNEIFORM SIGN NUN LAGAR TIMES GAR	Lo	cuneiform	mn	16	d	点状	s	0	s	对称	mnds	cuneiform视觉聚类C16;状态组S0	false	0.171605	2.0390	0.2661	30_项目/个人Unicode音型输入法/数据/unicode全字符/plane-01-Supplementary Multilingual Plane/block-u12000-u123ff-cuneiform.md	machine-initial-v1	visual-balanced-unicode-block-v1
𒉥	U+12265	CUNEIFORM SIGN NUN LAGAR TIMES MASH	Lo	cuneiform	mn	16	d	点状	s	0	s	对称	mnds	cuneiform视觉聚类C16;状态组S0	false	0.171032	2.0390	0.2630	30_项目/个人Unicode音型输入法/数据/unicode全字符/plane-01-Supplementary Multilingual Plane/block-u12000-u123ff-cuneiform.md	machine-initial-v1	visual-balanced-unicode-block-v1
𒉦	U+12266	CUNEIFORM SIGN NUN LAGAR TIMES SAL	Lo	cuneiform	mn	16	d	点状	s	0	s	对称	mnds	cuneiform视觉聚类C16;状态组S0	false	0.165609	2.0390	0.2678	30_项目/个人Unicode音型输入法/数据/unicode全字符/plane-01-Supplementary Multilingual Plane/block-u12000-u123ff-cuneiform.md	machine-initial-v1	visual-balanced-unicode-block-v1
𒉧	U+12267	CUNEIFORM SIGN NUN LAGAR TIMES SAL OVER NUN LAGAR TIMES SAL	Lo	cuneiform	mn	18	p	螺旋回环	s	0	x	穿过交叠	mnpx	cuneiform视觉聚类C18;状态组S0	true	0.762701	1.2039	0.2872	30_项目/个人Unicode音型输入法/数据/unicode全字符/plane-01-Supplementary Multilingual Plane/block-u12000-u123ff-cuneiform.md	machine-initial-v1	visual-balanced-unicode-block-v1
𒉨	U+12268	CUNEIFORM SIGN NUN LAGAR TIMES USH	Lo	cuneiform	mn	16	d	点状	s	0	s	对称	mnds	cuneiform视觉聚类C16;状态组S0	false	0.171018	2.0921	0.2656	30_项目/个人Unicode音型输入法/数据/unicode全字符/plane-01-Supplementary Multilingual Plane/block-u12000-u123ff-cuneiform.md	machine-initial-v1	visual-balanced-unicode-block-v1
𒉩	U+12269	CUNEIFORM SIGN NUN TENU	Lo	cuneiform	mn	8	m	复合	s	1	g	缺口开放	mnmg	cuneiform视觉聚类C8;状态组S1	true	0.391928	1.3750	0.1736	30_项目/个人Unicode音型输入法/数据/unicode全字符/plane-01-Supplementary Multilingual Plane/block-u12000-u123ff-cuneiform.md	machine-initial-v1	visual-balanced-unicode-block-v1
𒉪	U+1226A	CUNEIFORM SIGN NUN OVER NUN	Lo	cuneiform	mn	7	r	放射星芒	s	1	x	穿过交叠	mnrx	cuneiform视觉聚类C7;状态组S1	true	0.737282	0.9529	0.2299	30_项目/个人Unicode音型输入法/数据/unicode全字符/plane-01-Supplementary Multilingual Plane/block-u12000-u123ff-cuneiform.md	machine-initial-v1	visual-balanced-unicode-block-v1
𒉫	U+1226B	CUNEIFORM SIGN NUN CROSSING NUN	Lo	cuneiform	mn	14	f	人物轮廓	s	2	g	缺口开放	mnfg	cuneiform视觉聚类C14;状态组S2	true	0.700531	1.1010	0.2123	30_项目/个人Unicode音型输入法/数据/unicode全字符/plane-01-Supplementary Multilingual Plane/block-u12000-u123ff-cuneiform.md	machine-initial-v1	visual-balanced-unicode-block-v1
𒉬	U+1226C	CUNEIFORM SIGN NUN CROSSING NUN LAGAR OVER LAGAR	Lo	cuneiform	mn	18	p	螺旋回环	s	0	x	穿过交叠	mnpx	cuneiform视觉聚类C18;状态组S0	true	0.603350	1.2959	0.2406	30_项目/个人Unicode音型输入法/数据/unicode全字符/plane-01-Supplementary Multilingual Plane/block-u12000-u123ff-cuneiform.md	machine-initial-v1	visual-balanced-unicode-block-v1
𒉭	U+1226D	CUNEIFORM SIGN NUNUZ	Lo	cuneiform	mn	19	a	角折	s	1	w	宽展	mnaw	cuneiform视觉聚类C19;状态组S1	true	0.461487	0.6226	0.1582	30_项目/个人Unicode音型输入法/数据/unicode全字符/plane-01-Supplementary Multilingual Plane/block-u12000-u123ff-cuneiform.md	machine-initial-v1	visual-balanced-unicode-block-v1
𒉮	U+1226E	CUNEIFORM SIGN NUNUZ AB2 TIMES ASHGAB	Lo	cuneiform	mn	1	l	线条	s	1	z	层叠错列	mnlz	cuneiform视觉聚类C1;状态组S1	true	0.188660	1.5189	0.2255	30_项目/个人Unicode音型输入法/数据/unicode全字符/plane-01-Supplementary Multilingual Plane/block-u12000-u123ff-cuneiform.md	machine-initial-v1	visual-balanced-unicode-block-v1
𒉯	U+1226F	CUNEIFORM SIGN NUNUZ AB2 TIMES BI	Lo	cuneiform	mn	1	l	线条	s	0	s	对称	mnls	cuneiform视觉聚类C1;状态组S0	false	0.138444	1.5849	0.1965	30_项目/个人Unicode音型输入法/数据/unicode全字符/plane-01-Supplementary Multilingual Plane/block-u12000-u123ff-cuneiform.md	machine-initial-v1	visual-balanced-unicode-block-v1
𒉰	U+12270	CUNEIFORM SIGN NUNUZ AB2 TIMES DUG	Lo	cuneiform	mn	1	l	线条	s	2	o	外包	mnlo	cuneiform视觉聚类C1;状态组S2	true	0.046038	1.5566	0.2103	30_项目/个人Unicode音型输入法/数据/unicode全字符/plane-01-Supplementary Multilingual Plane/block-u12000-u123ff-cuneiform.md	machine-initial-v1	visual-balanced-unicode-block-v1
𒉱	U+12271	CUNEIFORM SIGN NUNUZ AB2 TIMES GUD	Lo	cuneiform	mn	1	l	线条	s	2	o	外包	mnlo	cuneiform视觉聚类C1;状态组S2	true	0.045252	1.5566	0.1882	30_项目/个人Unicode音型输入法/数据/unicode全字符/plane-01-Supplementary Multilingual Plane/block-u12000-u123ff-cuneiform.md	machine-initial-v1	visual-balanced-unicode-block-v1
𒉲	U+12272	CUNEIFORM SIGN NUNUZ AB2 TIMES IGI GUNU	Lo	cuneiform	mn	1	l	线条	s	1	z	层叠错列	mnlz	cuneiform视觉聚类C1;状态组S1	true	0.070059	1.5566	0.2069	30_项目/个人Unicode音型输入法/数据/unicode全字符/plane-01-Supplementary Multilingual Plane/block-u12000-u123ff-cuneiform.md	machine-initial-v1	visual-balanced-unicode-block-v1
𒉳	U+12273	CUNEIFORM SIGN NUNUZ AB2 TIMES KAD3	Lo	cuneiform	mn	1	l	线条	s	2	o	外包	mnlo	cuneiform视觉聚类C1;状态组S2	true	0.078367	1.5566	0.2027	30_项目/个人Unicode音型输入法/数据/unicode全字符/plane-01-Supplementary Multilingual Plane/block-u12000-u123ff-cuneiform.md	machine-initial-v1	visual-balanced-unicode-block-v1
𒉴	U+12274	CUNEIFORM SIGN NUNUZ AB2 TIMES LA	Lo	cuneiform	mn	1	l	线条	s	1	z	层叠错列	mnlz	cuneiform视觉聚类C1;状态组S1	true	0.059215	1.5566	0.2218	30_项目/个人Unicode音型输入法/数据/unicode全字符/plane-01-Supplementary Multilingual Plane/block-u12000-u123ff-cuneiform.md	machine-initial-v1	visual-balanced-unicode-block-v1
𒉵	U+12275	CUNEIFORM SIGN NUNUZ AB2 TIMES NE	Lo	cuneiform	mn	1	l	线条	s	1	z	层叠错列	mnlz	cuneiform视觉聚类C1;状态组S1	true	0.053990	1.5566	0.2014	30_项目/个人Unicode音型输入法/数据/unicode全字符/plane-01-Supplementary Multilingual Plane/block-u12000-u123ff-cuneiform.md	machine-initial-v1	visual-balanced-unicode-block-v1
𒉶	U+12276	CUNEIFORM SIGN NUNUZ AB2 TIMES SILA3	Lo	cuneiform	mn	1	l	线条	s	2	o	外包	mnlo	cuneiform视觉聚类C1;状态组S2	true	0.045203	1.5566	0.1734	30_项目/个人Unicode音型输入法/数据/unicode全字符/plane-01-Supplementary Multilingual Plane/block-u12000-u123ff-cuneiform.md	machine-initial-v1	visual-balanced-unicode-block-v1
𒉷	U+12277	CUNEIFORM SIGN NUNUZ AB2 TIMES U2	Lo	cuneiform	mn	1	l	线条	s	1	z	层叠错列	mnlz	cuneiform视觉聚类C1;状态组S1	true	0.039749	1.5566	0.2022	30_项目/个人Unicode音型输入法/数据/unicode全字符/plane-01-Supplementary Multilingual Plane/block-u12000-u123ff-cuneiform.md	machine-initial-v1	visual-balanced-unicode-block-v1
𒉸	U+12278	CUNEIFORM SIGN NUNUZ KISIM5 TIMES BI	Lo	cuneiform	mn	15	u	容器U形	s	1	o	外包	mnuo	cuneiform视觉聚类C15;状态组S1	true	0.252302	1.6038	0.1908	30_项目/个人Unicode音型输入法/数据/unicode全字符/plane-01-Supplementary Multilingual Plane/block-u12000-u123ff-cuneiform.md	machine-initial-v1	visual-balanced-unicode-block-v1
𒉹	U+12279	CUNEIFORM SIGN NUNUZ KISIM5 TIMES BI U	Lo	cuneiform	mn	20	e	椭圆	s	1	s	对称	mnes	cuneiform视觉聚类C20;状态组S1	false	0.559350	1.8302	0.1952	30_项目/个人Unicode音型输入法/数据/unicode全字符/plane-01-Supplementary Multilingual Plane/block-u12000-u123ff-cuneiform.md	machine-initial-v1	visual-balanced-unicode-block-v1
𒉺	U+1227A	CUNEIFORM SIGN PA	Lo	cuneiform	mn	12	k	绳结	s	0	o	外包	mnko	cuneiform视觉聚类C12;状态组S0	true	0.672231	1.3286	0.1946	30_项目/个人Unicode音型输入法/数据/unicode全字符/plane-01-Supplementary Multilingual Plane/block-u12000-u123ff-cuneiform.md	machine-initial-v1	visual-balanced-unicode-block-v1
𒉻	U+1227B	CUNEIFORM SIGN PAD	Lo	cuneiform	mn	5	g	动物有机体	s	0	s	对称	mngs	cuneiform视觉聚类C5;状态组S0	false	0.468225	1.3750	0.2232	30_项目/个人Unicode音型输入法/数据/unicode全字符/plane-01-Supplementary Multilingual Plane/block-u12000-u123ff-cuneiform.md	machine-initial-v1	visual-balanced-unicode-block-v1
𒉼	U+1227C	CUNEIFORM SIGN PAN	Lo	cuneiform	mn	2	y	分叉翼形	s	1	w	宽展	mnyw	cuneiform视觉聚类C2;状态组S1	true	0.213119	2.3273	0.1175	30_项目/个人Unicode音型输入法/数据/unicode全字符/plane-01-Supplementary Multilingual Plane/block-u12000-u123ff-cuneiform.md	machine-initial-v1	visual-balanced-unicode-block-v1
𒉽	U+1227D	CUNEIFORM SIGN PAP	Lo	cuneiform	mn	4	n	成列成排	s	0	x	穿过交叠	mnnx	cuneiform视觉聚类C4;状态组S0	true	0.979859	1.1613	0.1741	30_项目/个人Unicode音型输入法/数据/unicode全字符/plane-01-Supplementary Multilingual Plane/block-u12000-u123ff-cuneiform.md	machine-initial-v1	visual-balanced-unicode-block-v1
𒉾	U+1227E	CUNEIFORM SIGN PESH2	Lo	cuneiform	mn	8	m	复合	s	0	s	对称	mnms	cuneiform视觉聚类C8;状态组S0	false	0.470757	1.4211	0.1558	30_项目/个人Unicode音型输入法/数据/unicode全字符/plane-01-Supplementary Multilingual Plane/block-u12000-u123ff-cuneiform.md	machine-initial-v1	visual-balanced-unicode-block-v1
𒉿	U+1227F	CUNEIFORM SIGN PI	Lo	cuneiform	mn	4	n	成列成排	s	2	s	对称	mnns	cuneiform视觉聚类C4;状态组S2	false	0.419135	1.1644	0.1687	30_项目/个人Unicode音型输入法/数据/unicode全字符/plane-01-Supplementary Multilingual Plane/block-u12000-u123ff-cuneiform.md	machine-initial-v1	visual-balanced-unicode-block-v1
𒊀	U+12280	CUNEIFORM SIGN PI TIMES A	Lo	cuneiform	mn	4	n	成列成排	s	2	s	对称	mnns	cuneiform视觉聚类C4;状态组S2	false	0.531717	1.1644	0.2164	30_项目/个人Unicode音型输入法/数据/unicode全字符/plane-01-Supplementary Multilingual Plane/block-u12000-u123ff-cuneiform.md	machine-initial-v1	visual-balanced-unicode-block-v1
𒊁	U+12281	CUNEIFORM SIGN PI TIMES AB	Lo	cuneiform	mn	4	n	成列成排	s	1	g	缺口开放	mnng	cuneiform视觉聚类C4;状态组S1	true	0.417568	1.2329	0.2247	30_项目/个人Unicode音型输入法/数据/unicode全字符/plane-01-Supplementary Multilingual Plane/block-u12000-u123ff-cuneiform.md	machine-initial-v1	visual-balanced-unicode-block-v1
𒊂	U+12282	CUNEIFORM SIGN PI TIMES BI	Lo	cuneiform	mn	14	f	人物轮廓	s	2	g	缺口开放	mnfg	cuneiform视觉聚类C14;状态组S2	true	0.500025	1.4110	0.2053	30_项目/个人Unicode音型输入法/数据/unicode全字符/plane-01-Supplementary Multilingual Plane/block-u12000-u123ff-cuneiform.md	machine-initial-v1	visual-balanced-unicode-block-v1
𒊃	U+12283	CUNEIFORM SIGN PI TIMES BU	Lo	cuneiform	mn	8	m	复合	s	2	x	穿过交叠	mnmx	cuneiform视觉聚类C8;状态组S2	true	0.386875	1.5342	0.1837	30_项目/个人Unicode音型输入法/数据/unicode全字符/plane-01-Supplementary Multilingual Plane/block-u12000-u123ff-cuneiform.md	machine-initial-v1	visual-balanced-unicode-block-v1
𒊄	U+12284	CUNEIFORM SIGN PI TIMES E	Lo	cuneiform	mn	4	n	成列成排	s	0	x	穿过交叠	mnnx	cuneiform视觉聚类C4;状态组S0	true	0.425865	1.2603	0.2397	30_项目/个人Unicode音型输入法/数据/unicode全字符/plane-01-Supplementary Multilingual Plane/block-u12000-u123ff-cuneiform.md	machine-initial-v1	visual-balanced-unicode-block-v1
𒊅	U+12285	CUNEIFORM SIGN PI TIMES I	Lo	cuneiform	mn	4	n	成列成排	s	0	x	穿过交叠	mnnx	cuneiform视觉聚类C4;状态组S0	true	0.301584	1.2603	0.2107	30_项目/个人Unicode音型输入法/数据/unicode全字符/plane-01-Supplementary Multilingual Plane/block-u12000-u123ff-cuneiform.md	machine-initial-v1	visual-balanced-unicode-block-v1
𒊆	U+12286	CUNEIFORM SIGN PI TIMES IB	Lo	cuneiform	mn	4	n	成列成排	s	0	x	穿过交叠	mnnx	cuneiform视觉聚类C4;状态组S0	true	0.775834	1.2632	0.2333	30_项目/个人Unicode音型输入法/数据/unicode全字符/plane-01-Supplementary Multilingual Plane/block-u12000-u123ff-cuneiform.md	machine-initial-v1	visual-balanced-unicode-block-v1
𒊇	U+12287	CUNEIFORM SIGN PI TIMES U	Lo	cuneiform	mn	4	n	成列成排	s	2	s	对称	mnns	cuneiform视觉聚类C4;状态组S2	false	0.687840	1.1644	0.2058	30_项目/个人Unicode音型输入法/数据/unicode全字符/plane-01-Supplementary Multilingual Plane/block-u12000-u123ff-cuneiform.md	machine-initial-v1	visual-balanced-unicode-block-v1
𒊈	U+12288	CUNEIFORM SIGN PI TIMES U2	Lo	cuneiform	mn	4	n	成列成排	s	0	x	穿过交叠	mnnx	cuneiform视觉聚类C4;状态组S0	true	0.368493	1.2877	0.2418	30_项目/个人Unicode音型输入法/数据/unicode全字符/plane-01-Supplementary Multilingual Plane/block-u12000-u123ff-cuneiform.md	machine-initial-v1	visual-balanced-unicode-block-v1
𒊉	U+12289	CUNEIFORM SIGN PI CROSSING PI	Lo	cuneiform	mn	14	f	人物轮廓	s	2	g	缺口开放	mnfg	cuneiform视觉聚类C14;状态组S2	true	0.665971	1.0309	0.1826	30_项目/个人Unicode音型输入法/数据/unicode全字符/plane-01-Supplementary Multilingual Plane/block-u12000-u123ff-cuneiform.md	machine-initial-v1	visual-balanced-unicode-block-v1
𒊊	U+1228A	CUNEIFORM SIGN PIRIG	Lo	cuneiform	mn	5	g	动物有机体	s	1	o	外包	mngo	cuneiform视觉聚类C5;状态组S1	true	0.119733	1.6452	0.1927	30_项目/个人Unicode音型输入法/数据/unicode全字符/plane-01-Supplementary Multilingual Plane/block-u12000-u123ff-cuneiform.md	machine-initial-v1	visual-balanced-unicode-block-v1
𒊋	U+1228B	CUNEIFORM SIGN PIRIG TIMES KAL	Lo	cuneiform	mn	5	g	动物有机体	s	1	o	外包	mngo	cuneiform视觉聚类C5;状态组S1	true	0.151353	1.6277	0.2241	30_项目/个人Unicode音型输入法/数据/unicode全字符/plane-01-Supplementary Multilingual Plane/block-u12000-u123ff-cuneiform.md	machine-initial-v1	visual-balanced-unicode-block-v1
𒊌	U+1228C	CUNEIFORM SIGN PIRIG TIMES UD	Lo	cuneiform	mn	5	g	动物有机体	s	1	o	外包	mngo	cuneiform视觉聚类C5;状态组S1	true	0.121675	1.5938	0.2030	30_项目/个人Unicode音型输入法/数据/unicode全字符/plane-01-Supplementary Multilingual Plane/block-u12000-u123ff-cuneiform.md	machine-initial-v1	visual-balanced-unicode-block-v1
𒊍	U+1228D	CUNEIFORM SIGN PIRIG TIMES ZA	Lo	cuneiform	mn	5	g	动物有机体	s	1	o	外包	mngo	cuneiform视觉聚类C5;状态组S1	true	0.122330	1.6452	0.2051	30_项目/个人Unicode音型输入法/数据/unicode全字符/plane-01-Supplementary Multilingual Plane/block-u12000-u123ff-cuneiform.md	machine-initial-v1	visual-balanced-unicode-block-v1
𒊎	U+1228E	CUNEIFORM SIGN PIRIG OPPOSING PIRIG	Lo	cuneiform	mn	19	a	角折	s	1	w	宽展	mnaw	cuneiform视觉聚类C19;状态组S1	true	0.296265	2.8158	0.2204	30_项目/个人Unicode音型输入法/数据/unicode全字符/plane-01-Supplementary Multilingual Plane/block-u12000-u123ff-cuneiform.md	machine-initial-v1	visual-balanced-unicode-block-v1
𒊏	U+1228F	CUNEIFORM SIGN RA	Lo	cuneiform	mn	0	x	交叉	s	0	s	对称	mnxs	cuneiform视觉聚类C0;状态组S0	false	0.629505	1.4143	0.2675	30_项目/个人Unicode音型输入法/数据/unicode全字符/plane-01-Supplementary Multilingual Plane/block-u12000-u123ff-cuneiform.md	machine-initial-v1	visual-balanced-unicode-block-v1
𒊐	U+12290	CUNEIFORM SIGN RAB	Lo	cuneiform	mn	0	x	交叉	s	1	w	宽展	mnxw	cuneiform视觉聚类C0;状态组S1	true	0.876882	2.0946	0.2219	30_项目/个人Unicode音型输入法/数据/unicode全字符/plane-01-Supplementary Multilingual Plane/block-u12000-u123ff-cuneiform.md	machine-initial-v1	visual-balanced-unicode-block-v1
𒊑	U+12291	CUNEIFORM SIGN RI	Lo	cuneiform	mn	20	e	椭圆	s	0	x	穿过交叠	mnex	cuneiform视觉聚类C20;状态组S0	true	0.270080	1.4928	0.2627	30_项目/个人Unicode音型输入法/数据/unicode全字符/plane-01-Supplementary Multilingual Plane/block-u12000-u123ff-cuneiform.md	machine-initial-v1	visual-balanced-unicode-block-v1
𒊒	U+12292	CUNEIFORM SIGN RU	Lo	cuneiform	mn	13	v	开口V形	s	0	s	对称	mnvs	cuneiform视觉聚类C13;状态组S0	false	1.252557	1.0405	0.1699	30_项目/个人Unicode音型输入法/数据/unicode全字符/plane-01-Supplementary Multilingual Plane/block-u12000-u123ff-cuneiform.md	machine-initial-v1	visual-balanced-unicode-block-v1
𒊓	U+12293	CUNEIFORM SIGN SA	Lo	cuneiform	mn	14	f	人物轮廓	s	0	s	对称	mnfs	cuneiform视觉聚类C14;状态组S0	false	0.506517	1.3857	0.2483	30_项目/个人Unicode音型输入法/数据/unicode全字符/plane-01-Supplementary Multilingual Plane/block-u12000-u123ff-cuneiform.md	machine-initial-v1	visual-balanced-unicode-block-v1
𒊔	U+12294	CUNEIFORM SIGN SAG NUTILLU	Lo	cuneiform	mn	22	s	方框	s	2	w	宽展	mnsw	cuneiform视觉聚类C22;状态组S2	true	0.251723	1.7246	0.1980	30_项目/个人Unicode音型输入法/数据/unicode全字符/plane-01-Supplementary Multilingual Plane/block-u12000-u123ff-cuneiform.md	machine-initial-v1	visual-balanced-unicode-block-v1
𒊕	U+12295	CUNEIFORM SIGN SAG	Lo	cuneiform	mn	11	w	波浪流线	s	1	s	对称	mnws	cuneiform视觉聚类C11;状态组S1	false	0.048249	1.7246	0.2209	30_项目/个人Unicode音型输入法/数据/unicode全字符/plane-01-Supplementary Multilingual Plane/block-u12000-u123ff-cuneiform.md	machine-initial-v1	visual-balanced-unicode-block-v1
𒊖	U+12296	CUNEIFORM SIGN SAG TIMES A	Lo	cuneiform	mn	11	w	波浪流线	s	1	s	对称	mnws	cuneiform视觉聚类C11;状态组S1	false	0.048242	1.7246	0.2465	30_项目/个人Unicode音型输入法/数据/unicode全字符/plane-01-Supplementary Multilingual Plane/block-u12000-u123ff-cuneiform.md	machine-initial-v1	visual-balanced-unicode-block-v1
𒊗	U+12297	CUNEIFORM SIGN SAG TIMES DU	Lo	cuneiform	mn	22	s	方框	s	0	o	外包	mnso	cuneiform视觉聚类C22;状态组S0	true	0.199573	1.7246	0.2522	30_项目/个人Unicode音型输入法/数据/unicode全字符/plane-01-Supplementary Multilingual Plane/block-u12000-u123ff-cuneiform.md	machine-initial-v1	visual-balanced-unicode-block-v1
𒊘	U+12298	CUNEIFORM SIGN SAG TIMES DUB	Lo	cuneiform	mn	21	b	块面	s	2	s	对称	mnbs	cuneiform视觉聚类C21;状态组S2	false	0.362814	1.7246	0.2885	30_项目/个人Unicode音型输入法/数据/unicode全字符/plane-01-Supplementary Multilingual Plane/block-u12000-u123ff-cuneiform.md	machine-initial-v1	visual-balanced-unicode-block-v1
𒊙	U+12299	CUNEIFORM SIGN SAG TIMES HA	Lo	cuneiform	mn	11	w	波浪流线	s	0	w	宽展	mnww	cuneiform视觉聚类C11;状态组S0	true	0.048481	1.7246	0.2651	30_项目/个人Unicode音型输入法/数据/unicode全字符/plane-01-Supplementary Multilingual Plane/block-u12000-u123ff-cuneiform.md	machine-initial-v1	visual-balanced-unicode-block-v1
𒊚	U+1229A	CUNEIFORM SIGN SAG TIMES KAK	Lo	cuneiform	mn	11	w	波浪流线	s	1	s	对称	mnws	cuneiform视觉聚类C11;状态组S1	false	0.033327	1.7246	0.2494	30_项目/个人Unicode音型输入法/数据/unicode全字符/plane-01-Supplementary Multilingual Plane/block-u12000-u123ff-cuneiform.md	machine-initial-v1	visual-balanced-unicode-block-v1
𒊛	U+1229B	CUNEIFORM SIGN SAG TIMES KUR	Lo	cuneiform	mn	22	s	方框	s	2	w	宽展	mnsw	cuneiform视觉聚类C22;状态组S2	true	0.205117	1.7246	0.2358	30_项目/个人Unicode音型输入法/数据/unicode全字符/plane-01-Supplementary Multilingual Plane/block-u12000-u123ff-cuneiform.md	machine-initial-v1	visual-balanced-unicode-block-v1
𒊜	U+1229C	CUNEIFORM SIGN SAG TIMES LUM	Lo	cuneiform	mn	22	s	方框	s	2	w	宽展	mnsw	cuneiform视觉聚类C22;状态组S2	true	0.207888	1.7536	0.2615	30_项目/个人Unicode音型输入法/数据/unicode全字符/plane-01-Supplementary Multilingual Plane/block-u12000-u123ff-cuneiform.md	machine-initial-v1	visual-balanced-unicode-block-v1
𒊝	U+1229D	CUNEIFORM SIGN SAG TIMES MI	Lo	cuneiform	mn	20	e	椭圆	s	0	x	穿过交叠	mnex	cuneiform视觉聚类C20;状态组S0	true	0.446340	1.7681	0.2840	30_项目/个人Unicode音型输入法/数据/unicode全字符/plane-01-Supplementary Multilingual Plane/block-u12000-u123ff-cuneiform.md	machine-initial-v1	visual-balanced-unicode-block-v1
𒊞	U+1229E	CUNEIFORM SIGN SAG TIMES NUN	Lo	cuneiform	mn	11	w	波浪流线	s	1	s	对称	mnws	cuneiform视觉聚类C11;状态组S1	false	0.036510	1.7246	0.2575	30_项目/个人Unicode音型输入法/数据/unicode全字符/plane-01-Supplementary Multilingual Plane/block-u12000-u123ff-cuneiform.md	machine-initial-v1	visual-balanced-unicode-block-v1
𒊟	U+1229F	CUNEIFORM SIGN SAG TIMES SAL	Lo	cuneiform	mn	11	w	波浪流线	s	1	s	对称	mnws	cuneiform视觉聚类C11;状态组S1	false	0.038945	1.7246	0.2572	30_项目/个人Unicode音型输入法/数据/unicode全字符/plane-01-Supplementary Multilingual Plane/block-u12000-u123ff-cuneiform.md	machine-initial-v1	visual-balanced-unicode-block-v1
𒊠	U+122A0	CUNEIFORM SIGN SAG TIMES SHID	Lo	cuneiform	mn	22	s	方框	s	0	o	外包	mnso	cuneiform视觉聚类C22;状态组S0	true	0.229989	1.7246	0.2807	30_项目/个人Unicode音型输入法/数据/unicode全字符/plane-01-Supplementary Multilingual Plane/block-u12000-u123ff-cuneiform.md	machine-initial-v1	visual-balanced-unicode-block-v1
𒊡	U+122A1	CUNEIFORM SIGN SAG TIMES TAB	Lo	cuneiform	mn	22	s	方框	s	0	o	外包	mnso	cuneiform视觉聚类C22;状态组S0	true	0.204851	1.7246	0.2469	30_项目/个人Unicode音型输入法/数据/unicode全字符/plane-01-Supplementary Multilingual Plane/block-u12000-u123ff-cuneiform.md	machine-initial-v1	visual-balanced-unicode-block-v1
𒊢	U+122A2	CUNEIFORM SIGN SAG TIMES U2	Lo	cuneiform	mn	21	b	块面	s	0	w	宽展	mnbw	cuneiform视觉聚类C21;状态组S0	true	0.392306	1.7246	0.2796	30_项目/个人Unicode音型输入法/数据/unicode全字符/plane-01-Supplementary Multilingual Plane/block-u12000-u123ff-cuneiform.md	machine-initial-v1	visual-balanced-unicode-block-v1
𒊣	U+122A3	CUNEIFORM SIGN SAG TIMES UB	Lo	cuneiform	mn	11	w	波浪流线	s	0	w	宽展	mnww	cuneiform视觉聚类C11;状态组S0	true	0.076537	1.7246	0.2693	30_项目/个人Unicode音型输入法/数据/unicode全字符/plane-01-Supplementary Multilingual Plane/block-u12000-u123ff-cuneiform.md	machine-initial-v1	visual-balanced-unicode-block-v1
𒊤	U+122A4	CUNEIFORM SIGN SAG TIMES UM	Lo	cuneiform	mn	11	w	波浪流线	s	2	o	外包	mnwo	cuneiform视觉聚类C11;状态组S2	true	0.045476	1.7246	0.2751	30_项目/个人Unicode音型输入法/数据/unicode全字符/plane-01-Supplementary Multilingual Plane/block-u12000-u123ff-cuneiform.md	machine-initial-v1	visual-balanced-unicode-block-v1
𒊥	U+122A5	CUNEIFORM SIGN SAG TIMES UR	Lo	cuneiform	mn	11	w	波浪流线	s	0	w	宽展	mnww	cuneiform视觉聚类C11;状态组S0	true	0.060518	1.7246	0.2670	30_项目/个人Unicode音型输入法/数据/unicode全字符/plane-01-Supplementary Multilingual Plane/block-u12000-u123ff-cuneiform.md	machine-initial-v1	visual-balanced-unicode-block-v1
𒊦	U+122A6	CUNEIFORM SIGN SAG TIMES USH	Lo	cuneiform	mn	11	w	波浪流线	s	0	w	宽展	mnww	cuneiform视觉聚类C11;状态组S0	true	0.049937	1.7246	0.2679	30_项目/个人Unicode音型输入法/数据/unicode全字符/plane-01-Supplementary Multilingual Plane/block-u12000-u123ff-cuneiform.md	machine-initial-v1	visual-balanced-unicode-block-v1
𒊧	U+122A7	CUNEIFORM SIGN SAG OVER SAG	Lo	cuneiform	mn	7	r	放射星芒	s	0	s	对称	mnrs	cuneiform视觉聚类C7;状态组S0	false	0.795961	0.9890	0.2194	30_项目/个人Unicode音型输入法/数据/unicode全字符/plane-01-Supplementary Multilingual Plane/block-u12000-u123ff-cuneiform.md	machine-initial-v1	visual-balanced-unicode-block-v1
𒊨	U+122A8	CUNEIFORM SIGN SAG GUNU	Lo	cuneiform	mn	22	s	方框	s	2	w	宽展	mnsw	cuneiform视觉聚类C22;状态组S2	true	0.262513	1.7246	0.2405	30_项目/个人Unicode音型输入法/数据/unicode全字符/plane-01-Supplementary Multilingual Plane/block-u12000-u123ff-cuneiform.md	machine-initial-v1	visual-balanced-unicode-block-v1
𒊩	U+122A9	CUNEIFORM SIGN SAL	Lo	cuneiform	mn	10	t	三角尖形	s	2	x	穿过交叠	mntx	cuneiform视觉聚类C10;状态组S2	true	0.472804	0.7632	0.1799	30_项目/个人Unicode音型输入法/数据/unicode全字符/plane-01-Supplementary Multilingual Plane/block-u12000-u123ff-cuneiform.md	machine-initial-v1	visual-balanced-unicode-block-v1
𒊪	U+122AA	CUNEIFORM SIGN SAL LAGAB TIMES ASH2	Lo	cuneiform	mn	24	c	曲弧	s	1	o	外包	mnco	cuneiform视觉聚类C24;状态组S1	true	0.389695	1.5000	0.2753	30_项目/个人Unicode音型输入法/数据/unicode全字符/plane-01-Supplementary Multilingual Plane/block-u12000-u123ff-cuneiform.md	machine-initial-v1	visual-balanced-unicode-block-v1
𒊫	U+122AB	CUNEIFORM SIGN SANGA2	Lo	cuneiform	mn	24	c	曲弧	s	0	s	对称	mncs	cuneiform视觉聚类C24;状态组S0	false	0.298397	1.9577	0.3093	30_项目/个人Unicode音型输入法/数据/unicode全字符/plane-01-Supplementary Multilingual Plane/block-u12000-u123ff-cuneiform.md	machine-initial-v1	visual-balanced-unicode-block-v1
𒊬	U+122AC	CUNEIFORM SIGN SAR	Lo	cuneiform	mn	24	c	曲弧	s	1	o	外包	mnco	cuneiform视觉聚类C24;状态组S1	true	0.345283	1.6286	0.2487	30_项目/个人Unicode音型输入法/数据/unicode全字符/plane-01-Supplementary Multilingual Plane/block-u12000-u123ff-cuneiform.md	machine-initial-v1	visual-balanced-unicode-block-v1
𒊭	U+122AD	CUNEIFORM SIGN SHA	Lo	cuneiform	mn	21	b	块面	s	2	s	对称	mnbs	cuneiform视觉聚类C21;状态组S2	false	0.298415	1.4638	0.2342	30_项目/个人Unicode音型输入法/数据/unicode全字符/plane-01-Supplementary Multilingual Plane/block-u12000-u123ff-cuneiform.md	machine-initial-v1	visual-balanced-unicode-block-v1
𒊮	U+122AE	CUNEIFORM SIGN SHA3	Lo	cuneiform	mn	9	o	圆环	s	2	s	对称	mnos	cuneiform视觉聚类C9;状态组S2	false	0.033501	1.1882	0.1542	30_项目/个人Unicode音型输入法/数据/unicode全字符/plane-01-Supplementary Multilingual Plane/block-u12000-u123ff-cuneiform.md	machine-initial-v1	visual-balanced-unicode-block-v1
𒊯	U+122AF	CUNEIFORM SIGN SHA3 TIMES A	Lo	cuneiform	mn	9	o	圆环	s	0	o	外包	mnoo	cuneiform视觉聚类C9;状态组S0	true	0.117558	1.1882	0.1760	30_项目/个人Unicode音型输入法/数据/unicode全字符/plane-01-Supplementary Multilingual Plane/block-u12000-u123ff-cuneiform.md	machine-initial-v1	visual-balanced-unicode-block-v1
𒊰	U+122B0	CUNEIFORM SIGN SHA3 TIMES BAD	Lo	cuneiform	mn	9	o	圆环	s	2	s	对称	mnos	cuneiform视觉聚类C9;状态组S2	false	0.054880	1.1882	0.1710	30_项目/个人Unicode音型输入法/数据/unicode全字符/plane-01-Supplementary Multilingual Plane/block-u12000-u123ff-cuneiform.md	machine-initial-v1	visual-balanced-unicode-block-v1
𒊱	U+122B1	CUNEIFORM SIGN SHA3 TIMES GISH	Lo	cuneiform	mn	9	o	圆环	s	2	s	对称	mnos	cuneiform视觉聚类C9;状态组S2	false	0.059596	1.1882	0.1731	30_项目/个人Unicode音型输入法/数据/unicode全字符/plane-01-Supplementary Multilingual Plane/block-u12000-u123ff-cuneiform.md	machine-initial-v1	visual-balanced-unicode-block-v1
𒊲	U+122B2	CUNEIFORM SIGN SHA3 TIMES NE	Lo	cuneiform	mn	9	o	圆环	s	2	s	对称	mnos	cuneiform视觉聚类C9;状态组S2	false	0.098384	1.1882	0.1916	30_项目/个人Unicode音型输入法/数据/unicode全字符/plane-01-Supplementary Multilingual Plane/block-u12000-u123ff-cuneiform.md	machine-initial-v1	visual-balanced-unicode-block-v1
𒊳	U+122B3	CUNEIFORM SIGN SHA3 TIMES SHU2	Lo	cuneiform	mn	9	o	圆环	s	0	o	外包	mnoo	cuneiform视觉聚类C9;状态组S0	true	0.057146	1.1882	0.1682	30_项目/个人Unicode音型输入法/数据/unicode全字符/plane-01-Supplementary Multilingual Plane/block-u12000-u123ff-cuneiform.md	machine-initial-v1	visual-balanced-unicode-block-v1
𒊴	U+122B4	CUNEIFORM SIGN SHA3 TIMES TUR	Lo	cuneiform	mn	9	o	圆环	s	0	o	外包	mnoo	cuneiform视觉聚类C9;状态组S0	true	0.081232	1.1882	0.1885	30_项目/个人Unicode音型输入法/数据/unicode全字符/plane-01-Supplementary Multilingual Plane/block-u12000-u123ff-cuneiform.md	machine-initial-v1	visual-balanced-unicode-block-v1
𒊵	U+122B5	CUNEIFORM SIGN SHA3 TIMES U	Lo	cuneiform	mn	9	o	圆环	s	0	o	外包	mnoo	cuneiform视觉聚类C9;状态组S0	true	0.059843	1.1882	0.1691	30_项目/个人Unicode音型输入法/数据/unicode全字符/plane-01-Supplementary Multilingual Plane/block-u12000-u123ff-cuneiform.md	machine-initial-v1	visual-balanced-unicode-block-v1
𒊶	U+122B6	CUNEIFORM SIGN SHA3 TIMES U PLUS A	Lo	cuneiform	mn	9	o	圆环	s	0	o	外包	mnoo	cuneiform视觉聚类C9;状态组S0	true	0.102829	1.1882	0.1893	30_项目/个人Unicode音型输入法/数据/unicode全字符/plane-01-Supplementary Multilingual Plane/block-u12000-u123ff-cuneiform.md	machine-initial-v1	visual-balanced-unicode-block-v1
𒊷	U+122B7	CUNEIFORM SIGN SHA6	Lo	cuneiform	mn	25	q	其他	s	2	w	宽展	mnqw	cuneiform视觉聚类C25;状态组S2	true	0.338078	2.0500	0.2998	30_项目/个人Unicode音型输入法/数据/unicode全字符/plane-01-Supplementary Multilingual Plane/block-u12000-u123ff-cuneiform.md	machine-initial-v1	visual-balanced-unicode-block-v1
𒊸	U+122B8	CUNEIFORM SIGN SHAB6	Lo	cuneiform	mn	2	y	分叉翼形	s	1	w	宽展	mnyw	cuneiform视觉聚类C2;状态组S1	true	0.219098	2.2031	0.1844	30_项目/个人Unicode音型输入法/数据/unicode全字符/plane-01-Supplementary Multilingual Plane/block-u12000-u123ff-cuneiform.md	machine-initial-v1	visual-balanced-unicode-block-v1
𒊹	U+122B9	CUNEIFORM SIGN SHAR2	Lo	cuneiform	mn	0	x	交叉	s	0	s	对称	mnxs	cuneiform视觉聚类C0;状态组S0	false	1.640121	1.0625	0.3856	30_项目/个人Unicode音型输入法/数据/unicode全字符/plane-01-Supplementary Multilingual Plane/block-u12000-u123ff-cuneiform.md	machine-initial-v1	visual-balanced-unicode-block-v1
𒊺	U+122BA	CUNEIFORM SIGN SHE	Lo	cuneiform	mn	18	p	螺旋回环	s	2	o	外包	mnpo	cuneiform视觉聚类C18;状态组S2	true	1.235601	1.1774	0.2503	30_项目/个人Unicode音型输入法/数据/unicode全字符/plane-01-Supplementary Multilingual Plane/block-u12000-u123ff-cuneiform.md	machine-initial-v1	visual-balanced-unicode-block-v1
𒊻	U+122BB	CUNEIFORM SIGN SHE HU	Lo	cuneiform	mn	6	z	阶梯锯齿	s	2	h	横向	mnzh	cuneiform视觉聚类C6;状态组S2	true	0.276574	1.9324	0.2417	30_项目/个人Unicode音型输入法/数据/unicode全字符/plane-01-Supplementary Multilingual Plane/block-u12000-u123ff-cuneiform.md	machine-initial-v1	visual-balanced-unicode-block-v1
𒊼	U+122BC	CUNEIFORM SIGN SHE OVER SHE GAD OVER GAD GAR OVER GAR	Lo	cuneiform	mn	18	p	螺旋回环	s	2	o	外包	mnpo	cuneiform视觉聚类C18;状态组S2	true	0.540482	1.4066	0.2700	30_项目/个人Unicode音型输入法/数据/unicode全字符/plane-01-Supplementary Multilingual Plane/block-u12000-u123ff-cuneiform.md	machine-initial-v1	visual-balanced-unicode-block-v1
𒊽	U+122BD	CUNEIFORM SIGN SHE OVER SHE TAB OVER TAB GAR OVER GAR	Lo	cuneiform	mn	24	c	曲弧	s	0	s	对称	mncs	cuneiform视觉聚类C24;状态组S0	false	0.308890	1.8022	0.2954	30_项目/个人Unicode音型输入法/数据/unicode全字符/plane-01-Supplementary Multilingual Plane/block-u12000-u123ff-cuneiform.md	machine-initial-v1	visual-balanced-unicode-block-v1
𒊾	U+122BE	CUNEIFORM SIGN SHEG9	Lo	cuneiform	mn	14	f	人物轮廓	s	0	s	对称	mnfs	cuneiform视觉聚类C14;状态组S0	false	0.412322	1.7188	0.2369	30_项目/个人Unicode音型输入法/数据/unicode全字符/plane-01-Supplementary Multilingual Plane/block-u12000-u123ff-cuneiform.md	machine-initial-v1	visual-balanced-unicode-block-v1
𒊿	U+122BF	CUNEIFORM SIGN SHEN	Lo	cuneiform	mn	12	k	绳结	s	0	o	外包	mnko	cuneiform视觉聚类C12;状态组S0	true	0.433173	1.6757	0.3010	30_项目/个人Unicode音型输入法/数据/unicode全字符/plane-01-Supplementary Multilingual Plane/block-u12000-u123ff-cuneiform.md	machine-initial-v1	visual-balanced-unicode-block-v1
𒋀	U+122C0	CUNEIFORM SIGN SHESH	Lo	cuneiform	mn	6	z	阶梯锯齿	s	1	o	外包	mnzo	cuneiform视觉聚类C6;状态组S1	true	0.382337	1.5897	0.1683	30_项目/个人Unicode音型输入法/数据/unicode全字符/plane-01-Supplementary Multilingual Plane/block-u12000-u123ff-cuneiform.md	machine-initial-v1	visual-balanced-unicode-block-v1
𒋁	U+122C1	CUNEIFORM SIGN SHESH2	Lo	cuneiform	mn	24	c	曲弧	s	1	o	外包	mnco	cuneiform视觉聚类C24;状态组S1	true	0.407078	1.7600	0.3216	30_项目/个人Unicode音型输入法/数据/unicode全字符/plane-01-Supplementary Multilingual Plane/block-u12000-u123ff-cuneiform.md	machine-initial-v1	visual-balanced-unicode-block-v1
𒋂	U+122C2	CUNEIFORM SIGN SHESHLAM	Lo	cuneiform	mn	7	r	放射星芒	s	1	x	穿过交叠	mnrx	cuneiform视觉聚类C7;状态组S1	true	1.342691	1.1714	0.2197	30_项目/个人Unicode音型输入法/数据/unicode全字符/plane-01-Supplementary Multilingual Plane/block-u12000-u123ff-cuneiform.md	machine-initial-v1	visual-balanced-unicode-block-v1
𒋃	U+122C3	CUNEIFORM SIGN SHID	Lo	cuneiform	mn	0	x	交叉	s	2	o	外包	mnxo	cuneiform视觉聚类C0;状态组S2	true	0.493571	1.2791	0.2581	30_项目/个人Unicode音型输入法/数据/unicode全字符/plane-01-Supplementary Multilingual Plane/block-u12000-u123ff-cuneiform.md	machine-initial-v1	visual-balanced-unicode-block-v1
𒋄	U+122C4	CUNEIFORM SIGN SHID TIMES A	Lo	cuneiform	mn	0	x	交叉	s	2	o	外包	mnxo	cuneiform视觉聚类C0;状态组S2	true	0.507613	1.2791	0.2925	30_项目/个人Unicode音型输入法/数据/unicode全字符/plane-01-Supplementary Multilingual Plane/block-u12000-u123ff-cuneiform.md	machine-initial-v1	visual-balanced-unicode-block-v1
𒋅	U+122C5	CUNEIFORM SIGN SHID TIMES IM	Lo	cuneiform	mn	0	x	交叉	s	2	o	外包	mnxo	cuneiform视觉聚类C0;状态组S2	true	0.462362	1.2907	0.2823	30_项目/个人Unicode音型输入法/数据/unicode全字符/plane-01-Supplementary Multilingual Plane/block-u12000-u123ff-cuneiform.md	machine-initial-v1	visual-balanced-unicode-block-v1
𒋆	U+122C6	CUNEIFORM SIGN SHIM	Lo	cuneiform	mn	23	h	枝杈	s	1	s	对称	mnhs	cuneiform视觉聚类C23;状态组S1	false	0.038521	2.0471	0.2260	30_项目/个人Unicode音型输入法/数据/unicode全字符/plane-01-Supplementary Multilingual Plane/block-u12000-u123ff-cuneiform.md	machine-initial-v1	visual-balanced-unicode-block-v1
𒋇	U+122C7	CUNEIFORM SIGN SHIM TIMES A	Lo	cuneiform	mn	23	h	枝杈	s	1	s	对称	mnhs	cuneiform视觉聚类C23;状态组S1	false	0.032472	2.0471	0.2437	30_项目/个人Unicode音型输入法/数据/unicode全字符/plane-01-Supplementary Multilingual Plane/block-u12000-u123ff-cuneiform.md	machine-initial-v1	visual-balanced-unicode-block-v1
𒋈	U+122C8	CUNEIFORM SIGN SHIM TIMES BAL	Lo	cuneiform	mn	23	h	枝杈	s	1	s	对称	mnhs	cuneiform视觉聚类C23;状态组S1	false	0.040107	2.0471	0.2602	30_项目/个人Unicode音型输入法/数据/unicode全字符/plane-01-Supplementary Multilingual Plane/block-u12000-u123ff-cuneiform.md	machine-initial-v1	visual-balanced-unicode-block-v1
𒋉	U+122C9	CUNEIFORM SIGN SHIM TIMES BULUG	Lo	cuneiform	mn	16	d	点状	s	1	w	宽展	mndw	cuneiform视觉聚类C16;状态组S1	true	0.219337	2.0471	0.2593	30_项目/个人Unicode音型输入法/数据/unicode全字符/plane-01-Supplementary Multilingual Plane/block-u12000-u123ff-cuneiform.md	machine-initial-v1	visual-balanced-unicode-block-v1
𒋊	U+122CA	CUNEIFORM SIGN SHIM TIMES DIN	Lo	cuneiform	mn	23	h	枝杈	s	0	h	横向	mnhh	cuneiform视觉聚类C23;状态组S0	true	0.128196	1.8316	0.2284	30_项目/个人Unicode音型输入法/数据/unicode全字符/plane-01-Supplementary Multilingual Plane/block-u12000-u123ff-cuneiform.md	machine-initial-v1	visual-balanced-unicode-block-v1
𒋋	U+122CB	CUNEIFORM SIGN SHIM TIMES GAR	Lo	cuneiform	mn	23	h	枝杈	s	2	w	宽展	mnhw	cuneiform视觉聚类C23;状态组S2	true	0.033341	2.0471	0.2501	30_项目/个人Unicode音型输入法/数据/unicode全字符/plane-01-Supplementary Multilingual Plane/block-u12000-u123ff-cuneiform.md	machine-initial-v1	visual-balanced-unicode-block-v1
𒋌	U+122CC	CUNEIFORM SIGN SHIM TIMES IGI	Lo	cuneiform	mn	23	h	枝杈	s	2	w	宽展	mnhw	cuneiform视觉聚类C23;状态组S2	true	0.033340	2.0471	0.2467	30_项目/个人Unicode音型输入法/数据/unicode全字符/plane-01-Supplementary Multilingual Plane/block-u12000-u123ff-cuneiform.md	machine-initial-v1	visual-balanced-unicode-block-v1
𒋍	U+122CD	CUNEIFORM SIGN SHIM TIMES IGI GUNU	Lo	cuneiform	mn	16	d	点状	s	1	w	宽展	mndw	cuneiform视觉聚类C16;状态组S1	true	0.207824	2.0471	0.2594	30_项目/个人Unicode音型输入法/数据/unicode全字符/plane-01-Supplementary Multilingual Plane/block-u12000-u123ff-cuneiform.md	machine-initial-v1	visual-balanced-unicode-block-v1
𒋎	U+122CE	CUNEIFORM SIGN SHIM TIMES KUSHU2	Lo	cuneiform	mn	23	h	枝杈	s	2	w	宽展	mnhw	cuneiform视觉聚类C23;状态组S2	true	0.043886	2.0233	0.2619	30_项目/个人Unicode音型输入法/数据/unicode全字符/plane-01-Supplementary Multilingual Plane/block-u12000-u123ff-cuneiform.md	machine-initial-v1	visual-balanced-unicode-block-v1
𒋏	U+122CF	CUNEIFORM SIGN SHIM TIMES LUL	Lo	cuneiform	mn	23	h	枝杈	s	2	w	宽展	mnhw	cuneiform视觉聚类C23;状态组S2	true	0.021000	2.0233	0.2513	30_项目/个人Unicode音型输入法/数据/unicode全字符/plane-01-Supplementary Multilingual Plane/block-u12000-u123ff-cuneiform.md	machine-initial-v1	visual-balanced-unicode-block-v1
𒋐	U+122D0	CUNEIFORM SIGN SHIM TIMES MUG	Lo	cuneiform	mn	23	h	枝杈	s	0	h	横向	mnhh	cuneiform视觉聚类C23;状态组S0	true	0.090239	1.9773	0.2404	30_项目/个人Unicode音型输入法/数据/unicode全字符/plane-01-Supplementary Multilingual Plane/block-u12000-u123ff-cuneiform.md	machine-initial-v1	visual-balanced-unicode-block-v1
𒋑	U+122D1	CUNEIFORM SIGN SHIM TIMES SAL	Lo	cuneiform	mn	23	h	枝杈	s	0	h	横向	mnhh	cuneiform视觉聚类C23;状态组S0	true	0.091164	1.9773	0.2382	30_项目/个人Unicode音型输入法/数据/unicode全字符/plane-01-Supplementary Multilingual Plane/block-u12000-u123ff-cuneiform.md	machine-initial-v1	visual-balanced-unicode-block-v1
𒋒	U+122D2	CUNEIFORM SIGN SHINIG	Lo	cuneiform	mn	10	t	三角尖形	s	2	x	穿过交叠	mntx	cuneiform视觉聚类C10;状态组S2	true	0.392264	1.8400	0.1869	30_项目/个人Unicode音型输入法/数据/unicode全字符/plane-01-Supplementary Multilingual Plane/block-u12000-u123ff-cuneiform.md	machine-initial-v1	visual-balanced-unicode-block-v1
𒋓	U+122D3	CUNEIFORM SIGN SHIR	Lo	cuneiform	mn	2	y	分叉翼形	s	0	s	对称	mnys	cuneiform视觉聚类C2;状态组S0	false	0.280421	1.5844	0.1197	30_项目/个人Unicode音型输入法/数据/unicode全字符/plane-01-Supplementary Multilingual Plane/block-u12000-u123ff-cuneiform.md	machine-initial-v1	visual-balanced-unicode-block-v1
𒋔	U+122D4	CUNEIFORM SIGN SHIR TENU	Lo	cuneiform	mn	12	k	绳结	s	2	x	穿过交叠	mnkx	cuneiform视觉聚类C12;状态组S2	true	1.010026	1.1566	0.1926	30_项目/个人Unicode音型输入法/数据/unicode全字符/plane-01-Supplementary Multilingual Plane/block-u12000-u123ff-cuneiform.md	machine-initial-v1	visual-balanced-unicode-block-v1
𒋕	U+122D5	CUNEIFORM SIGN SHIR OVER SHIR BUR OVER BUR	Lo	cuneiform	mn	18	p	螺旋回环	s	1	s	对称	mnps	cuneiform视觉聚类C18;状态组S1	false	0.455766	1.2900	0.1980	30_项目/个人Unicode音型输入法/数据/unicode全字符/plane-01-Supplementary Multilingual Plane/block-u12000-u123ff-cuneiform.md	machine-initial-v1	visual-balanced-unicode-block-v1
𒋖	U+122D6	CUNEIFORM SIGN SHITA	Lo	cuneiform	mn	7	r	放射星芒	s	0	s	对称	mnrs	cuneiform视觉聚类C7;状态组S0	false	1.177983	1.1205	0.2033	30_项目/个人Unicode音型输入法/数据/unicode全字符/plane-01-Supplementary Multilingual Plane/block-u12000-u123ff-cuneiform.md	machine-initial-v1	visual-balanced-unicode-block-v1
𒋗	U+122D7	CUNEIFORM SIGN SHU	Lo	cuneiform	mn	7	r	放射星芒	s	1	x	穿过交叠	mnrx	cuneiform视觉聚类C7;状态组S1	true	1.605667	1.1690	0.2581	30_项目/个人Unicode音型输入法/数据/unicode全字符/plane-01-Supplementary Multilingual Plane/block-u12000-u123ff-cuneiform.md	machine-initial-v1	visual-balanced-unicode-block-v1
𒋘	U+122D8	CUNEIFORM SIGN SHU OVER INVERTED SHU	Lo	cuneiform	mn	19	a	角折	s	0	x	穿过交叠	mnax	cuneiform视觉聚类C19;状态组S0	true	0.876893	0.7157	0.2243	30_项目/个人Unicode音型输入法/数据/unicode全字符/plane-01-Supplementary Multilingual Plane/block-u12000-u123ff-cuneiform.md	machine-initial-v1	visual-balanced-unicode-block-v1
𒋙	U+122D9	CUNEIFORM SIGN SHU2	Lo	cuneiform	mn	10	t	三角尖形	s	2	x	穿过交叠	mntx	cuneiform视觉聚类C10;状态组S2	true	0.764797	0.5915	0.1828	30_项目/个人Unicode音型输入法/数据/unicode全字符/plane-01-Supplementary Multilingual Plane/block-u12000-u123ff-cuneiform.md	machine-initial-v1	visual-balanced-unicode-block-v1
𒋚	U+122DA	CUNEIFORM SIGN SHUBUR	Lo	cuneiform	mn	6	z	阶梯锯齿	s	1	o	外包	mnzo	cuneiform视觉聚类C6;状态组S1	true	0.381671	1.4742	0.1773	30_项目/个人Unicode音型输入法/数据/unicode全字符/plane-01-Supplementary Multilingual Plane/block-u12000-u123ff-cuneiform.md	machine-initial-v1	visual-balanced-unicode-block-v1
𒋛	U+122DB	CUNEIFORM SIGN SI	Lo	cuneiform	mn	13	v	开口V形	s	0	s	对称	mnvs	cuneiform视觉聚类C13;状态组S0	false	1.672042	1.2162	0.2026	30_项目/个人Unicode音型输入法/数据/unicode全字符/plane-01-Supplementary Multilingual Plane/block-u12000-u123ff-cuneiform.md	machine-initial-v1	visual-balanced-unicode-block-v1
𒋜	U+122DC	CUNEIFORM SIGN SI GUNU	Lo	cuneiform	mn	13	v	开口V形	s	0	s	对称	mnvs	cuneiform视觉聚类C13;状态组S0	false	1.743904	1.2162	0.2562	30_项目/个人Unicode音型输入法/数据/unicode全字符/plane-01-Supplementary Multilingual Plane/block-u12000-u123ff-cuneiform.md	machine-initial-v1	visual-balanced-unicode-block-v1
𒋝	U+122DD	CUNEIFORM SIGN SIG	Lo	cuneiform	mn	19	a	角折	s	0	x	穿过交叠	mnax	cuneiform视觉聚类C19;状态组S0	true	0.544002	1.0000	0.1381	30_项目/个人Unicode音型输入法/数据/unicode全字符/plane-01-Supplementary Multilingual Plane/block-u12000-u123ff-cuneiform.md	machine-initial-v1	visual-balanced-unicode-block-v1
𒋞	U+122DE	CUNEIFORM SIGN SIG4	Lo	cuneiform	mn	2	y	分叉翼形	s	2	h	横向	mnyh	cuneiform视觉聚类C2;状态组S2	true	0.137965	1.9451	0.1127	30_项目/个人Unicode音型输入法/数据/unicode全字符/plane-01-Supplementary Multilingual Plane/block-u12000-u123ff-cuneiform.md	machine-initial-v1	visual-balanced-unicode-block-v1
𒋟	U+122DF	CUNEIFORM SIGN SIG4 OVER SIG4 SHU2	Lo	cuneiform	mn	13	v	开口V形	s	0	s	对称	mnvs	cuneiform视觉聚类C13;状态组S0	false	0.510717	1.3300	0.1352	30_项目/个人Unicode音型输入法/数据/unicode全字符/plane-01-Supplementary Multilingual Plane/block-u12000-u123ff-cuneiform.md	machine-initial-v1	visual-balanced-unicode-block-v1
𒋠	U+122E0	CUNEIFORM SIGN SIK2	Lo	cuneiform	mn	7	r	放射星芒	s	1	x	穿过交叠	mnrx	cuneiform视觉聚类C7;状态组S1	true	0.718817	1.0385	0.3169	30_项目/个人Unicode音型输入法/数据/unicode全字符/plane-01-Supplementary Multilingual Plane/block-u12000-u123ff-cuneiform.md	machine-initial-v1	visual-balanced-unicode-block-v1
𒋡	U+122E1	CUNEIFORM SIGN SILA3	Lo	cuneiform	mn	18	p	螺旋回环	s	1	s	对称	mnps	cuneiform视觉聚类C18;状态组S1	false	1.459751	0.9444	0.1871	30_项目/个人Unicode音型输入法/数据/unicode全字符/plane-01-Supplementary Multilingual Plane/block-u12000-u123ff-cuneiform.md	machine-initial-v1	visual-balanced-unicode-block-v1
𒋢	U+122E2	CUNEIFORM SIGN SU	Lo	cuneiform	mn	18	p	螺旋回环	s	2	o	外包	mnpo	cuneiform视觉聚类C18;状态组S2	true	1.197822	1.1923	0.2980	30_项目/个人Unicode音型输入法/数据/unicode全字符/plane-01-Supplementary Multilingual Plane/block-u12000-u123ff-cuneiform.md	machine-initial-v1	visual-balanced-unicode-block-v1
𒋣	U+122E3	CUNEIFORM SIGN SU OVER SU	Lo	cuneiform	mn	10	t	三角尖形	s	2	x	穿过交叠	mntx	cuneiform视觉聚类C10;状态组S2	true	0.882033	0.7347	0.2980	30_项目/个人Unicode音型输入法/数据/unicode全字符/plane-01-Supplementary Multilingual Plane/block-u12000-u123ff-cuneiform.md	machine-initial-v1	visual-balanced-unicode-block-v1
𒋤	U+122E4	CUNEIFORM SIGN SUD	Lo	cuneiform	mn	25	q	其他	s	0	s	对称	mnqs	cuneiform视觉聚类C25;状态组S0	false	0.313643	2.2656	0.2292	30_项目/个人Unicode音型输入法/数据/unicode全字符/plane-01-Supplementary Multilingual Plane/block-u12000-u123ff-cuneiform.md	machine-initial-v1	visual-balanced-unicode-block-v1
𒋥	U+122E5	CUNEIFORM SIGN SUD2	Lo	cuneiform	mn	5	g	动物有机体	s	2	w	宽展	mngw	cuneiform视觉聚类C5;状态组S2	true	0.274122	1.6286	0.1629	30_项目/个人Unicode音型输入法/数据/unicode全字符/plane-01-Supplementary Multilingual Plane/block-u12000-u123ff-cuneiform.md	machine-initial-v1	visual-balanced-unicode-block-v1
𒋦	U+122E6	CUNEIFORM SIGN SUHUR	Lo	cuneiform	mn	14	f	人物轮廓	s	0	s	对称	mnfs	cuneiform视觉聚类C14;状态组S0	false	0.391540	1.3084	0.2604	30_项目/个人Unicode音型输入法/数据/unicode全字符/plane-01-Supplementary Multilingual Plane/block-u12000-u123ff-cuneiform.md	machine-initial-v1	visual-balanced-unicode-block-v1
𒋧	U+122E7	CUNEIFORM SIGN SUM	Lo	cuneiform	mn	12	k	绳结	s	2	x	穿过交叠	mnkx	cuneiform视觉聚类C12;状态组S2	true	0.866463	1.3750	0.2724	30_项目/个人Unicode音型输入法/数据/unicode全字符/plane-01-Supplementary Multilingual Plane/block-u12000-u123ff-cuneiform.md	machine-initial-v1	visual-balanced-unicode-block-v1
𒋨	U+122E8	CUNEIFORM SIGN SUMASH	Lo	cuneiform	mn	14	f	人物轮廓	s	0	s	对称	mnfs	cuneiform视觉聚类C14;状态组S0	false	0.410296	1.3084	0.2303	30_项目/个人Unicode音型输入法/数据/unicode全字符/plane-01-Supplementary Multilingual Plane/block-u12000-u123ff-cuneiform.md	machine-initial-v1	visual-balanced-unicode-block-v1
𒋩	U+122E9	CUNEIFORM SIGN SUR	Lo	cuneiform	mn	5	g	动物有机体	s	2	w	宽展	mngw	cuneiform视觉聚类C5;状态组S2	true	0.377112	1.4930	0.1859	30_项目/个人Unicode音型输入法/数据/unicode全字符/plane-01-Supplementary Multilingual Plane/block-u12000-u123ff-cuneiform.md	machine-initial-v1	visual-balanced-unicode-block-v1
𒋪	U+122EA	CUNEIFORM SIGN SUR9	Lo	cuneiform	mn	10	t	三角尖形	s	0	w	宽展	mntw	cuneiform视觉聚类C10;状态组S0	true	0.585433	1.7250	0.2179	30_项目/个人Unicode音型输入法/数据/unicode全字符/plane-01-Supplementary Multilingual Plane/block-u12000-u123ff-cuneiform.md	machine-initial-v1	visual-balanced-unicode-block-v1
𒋫	U+122EB	CUNEIFORM SIGN TA	Lo	cuneiform	mn	21	b	块面	s	2	s	对称	mnbs	cuneiform视觉聚类C21;状态组S2	false	0.239278	1.3171	0.1935	30_项目/个人Unicode音型输入法/数据/unicode全字符/plane-01-Supplementary Multilingual Plane/block-u12000-u123ff-cuneiform.md	machine-initial-v1	visual-balanced-unicode-block-v1
𒋬	U+122EC	CUNEIFORM SIGN TA ASTERISK	Lo	cuneiform	mn	0	x	交叉	s	1	w	宽展	mnxw	cuneiform视觉聚类C0;状态组S1	true	0.667492	1.6143	0.2375	30_项目/个人Unicode音型输入法/数据/unicode全字符/plane-01-Supplementary Multilingual Plane/block-u12000-u123ff-cuneiform.md	machine-initial-v1	visual-balanced-unicode-block-v1
𒋭	U+122ED	CUNEIFORM SIGN TA TIMES HI	Lo	cuneiform	mn	21	b	块面	s	2	s	对称	mnbs	cuneiform视觉聚类C21;状态组S2	false	0.230699	1.3171	0.2060	30_项目/个人Unicode音型输入法/数据/unicode全字符/plane-01-Supplementary Multilingual Plane/block-u12000-u123ff-cuneiform.md	machine-initial-v1	visual-balanced-unicode-block-v1
𒋮	U+122EE	CUNEIFORM SIGN TA TIMES MI	Lo	cuneiform	mn	5	g	动物有机体	s	1	o	外包	mngo	cuneiform视觉聚类C5;状态组S1	true	0.539171	1.4512	0.2244	30_项目/个人Unicode音型输入法/数据/unicode全字符/plane-01-Supplementary Multilingual Plane/block-u12000-u123ff-cuneiform.md	machine-initial-v1	visual-balanced-unicode-block-v1
𒋯	U+122EF	CUNEIFORM SIGN TA GUNU	Lo	cuneiform	mn	21	b	块面	s	2	s	对称	mnbs	cuneiform视觉聚类C21;状态组S2	false	0.300931	1.3171	0.2781	30_项目/个人Unicode音型输入法/数据/unicode全字符/plane-01-Supplementary Multilingual Plane/block-u12000-u123ff-cuneiform.md	machine-initial-v1	visual-balanced-unicode-block-v1
𒋰	U+122F0	CUNEIFORM SIGN TAB	Lo	cuneiform	mn	15	u	容器U形	s	2	w	宽展	mnuw	cuneiform视觉聚类C15;状态组S2	true	0.395570	1.7660	0.1920	30_项目/个人Unicode音型输入法/数据/unicode全字符/plane-01-Supplementary Multilingual Plane/block-u12000-u123ff-cuneiform.md	machine-initial-v1	visual-balanced-unicode-block-v1
𒋱	U+122F1	CUNEIFORM SIGN TAB OVER TAB NI OVER NI DISH OVER DISH	Lo	cuneiform	mn	24	c	曲弧	s	0	s	对称	mncs	cuneiform视觉聚类C24;状态组S0	false	0.412006	1.6471	0.2615	30_项目/个人Unicode音型输入法/数据/unicode全字符/plane-01-Supplementary Multilingual Plane/block-u12000-u123ff-cuneiform.md	machine-initial-v1	visual-balanced-unicode-block-v1
𒋲	U+122F2	CUNEIFORM SIGN TAB SQUARED	Lo	cuneiform	mn	19	a	角折	s	0	x	穿过交叠	mnax	cuneiform视觉聚类C19;状态组S0	true	0.977689	1.1322	0.1094	30_项目/个人Unicode音型输入法/数据/unicode全字符/plane-01-Supplementary Multilingual Plane/block-u12000-u123ff-cuneiform.md	machine-initial-v1	visual-balanced-unicode-block-v1
𒋳	U+122F3	CUNEIFORM SIGN TAG	Lo	cuneiform	mn	25	q	其他	s	2	w	宽展	mnqw	cuneiform视觉聚类C25;状态组S2	true	0.050910	1.8312	0.1956	30_项目/个人Unicode音型输入法/数据/unicode全字符/plane-01-Supplementary Multilingual Plane/block-u12000-u123ff-cuneiform.md	machine-initial-v1	visual-balanced-unicode-block-v1
𒋴	U+122F4	CUNEIFORM SIGN TAG TIMES BI	Lo	cuneiform	mn	25	q	其他	s	0	s	对称	mnqs	cuneiform视觉聚类C25;状态组S0	false	0.048531	1.8312	0.2241	30_项目/个人Unicode音型输入法/数据/unicode全字符/plane-01-Supplementary Multilingual Plane/block-u12000-u123ff-cuneiform.md	machine-initial-v1	visual-balanced-unicode-block-v1
𒋵	U+122F5	CUNEIFORM SIGN TAG TIMES GUD	Lo	cuneiform	mn	25	q	其他	s	0	s	对称	mnqs	cuneiform视觉聚类C25;状态组S0	false	0.045636	1.8312	0.2187	30_项目/个人Unicode音型输入法/数据/unicode全字符/plane-01-Supplementary Multilingual Plane/block-u12000-u123ff-cuneiform.md	machine-initial-v1	visual-balanced-unicode-block-v1
𒋶	U+122F6	CUNEIFORM SIGN TAG TIMES SHE	Lo	cuneiform	mn	25	q	其他	s	2	w	宽展	mnqw	cuneiform视觉聚类C25;状态组S2	true	0.060818	1.8312	0.2306	30_项目/个人Unicode音型输入法/数据/unicode全字符/plane-01-Supplementary Multilingual Plane/block-u12000-u123ff-cuneiform.md	machine-initial-v1	visual-balanced-unicode-block-v1
𒋷	U+122F7	CUNEIFORM SIGN TAG TIMES SHU	Lo	cuneiform	mn	25	q	其他	s	0	s	对称	mnqs	cuneiform视觉聚类C25;状态组S0	false	0.050872	1.8312	0.2226	30_项目/个人Unicode音型输入法/数据/unicode全字符/plane-01-Supplementary Multilingual Plane/block-u12000-u123ff-cuneiform.md	machine-initial-v1	visual-balanced-unicode-block-v1
𒋸	U+122F8	CUNEIFORM SIGN TAG TIMES TUG2	Lo	cuneiform	mn	25	q	其他	s	2	w	宽展	mnqw	cuneiform视觉聚类C25;状态组S2	true	0.062918	1.8312	0.2312	30_项目/个人Unicode音型输入法/数据/unicode全字符/plane-01-Supplementary Multilingual Plane/block-u12000-u123ff-cuneiform.md	machine-initial-v1	visual-balanced-unicode-block-v1
𒋹	U+122F9	CUNEIFORM SIGN TAG TIMES UD	Lo	cuneiform	mn	25	q	其他	s	0	s	对称	mnqs	cuneiform视觉聚类C25;状态组S0	false	0.055768	1.8312	0.2221	30_项目/个人Unicode音型输入法/数据/unicode全字符/plane-01-Supplementary Multilingual Plane/block-u12000-u123ff-cuneiform.md	machine-initial-v1	visual-balanced-unicode-block-v1
𒋺	U+122FA	CUNEIFORM SIGN TAK4	Lo	cuneiform	mn	14	f	人物轮廓	s	1	x	穿过交叠	mnfx	cuneiform视觉聚类C14;状态组S1	true	1.634306	1.3333	0.2749	30_项目/个人Unicode音型输入法/数据/unicode全字符/plane-01-Supplementary Multilingual Plane/block-u12000-u123ff-cuneiform.md	machine-initial-v1	visual-balanced-unicode-block-v1
𒋻	U+122FB	CUNEIFORM SIGN TAR	Lo	cuneiform	mn	8	m	复合	s	2	x	穿过交叠	mnmx	cuneiform视觉聚类C8;状态组S2	true	0.381658	0.8675	0.1235	30_项目/个人Unicode音型输入法/数据/unicode全字符/plane-01-Supplementary Multilingual Plane/block-u12000-u123ff-cuneiform.md	machine-initial-v1	visual-balanced-unicode-block-v1
𒋼	U+122FC	CUNEIFORM SIGN TE	Lo	cuneiform	mn	0	x	交叉	s	0	s	对称	mnxs	cuneiform视觉聚类C0;状态组S0	false	0.761186	1.1818	0.1989	30_项目/个人Unicode音型输入法/数据/unicode全字符/plane-01-Supplementary Multilingual Plane/block-u12000-u123ff-cuneiform.md	machine-initial-v1	visual-balanced-unicode-block-v1
𒋽	U+122FD	CUNEIFORM SIGN TE GUNU	Lo	cuneiform	mn	0	x	交叉	s	0	s	对称	mnxs	cuneiform视觉聚类C0;状态组S0	false	0.732479	1.1818	0.2520	30_项目/个人Unicode音型输入法/数据/unicode全字符/plane-01-Supplementary Multilingual Plane/block-u12000-u123ff-cuneiform.md	machine-initial-v1	visual-balanced-unicode-block-v1
𒋾	U+122FE	CUNEIFORM SIGN TI	Lo	cuneiform	mn	19	a	角折	s	1	w	宽展	mnaw	cuneiform视觉聚类C19;状态组S1	true	0.368987	1.8286	0.1334	30_项目/个人Unicode音型输入法/数据/unicode全字符/plane-01-Supplementary Multilingual Plane/block-u12000-u123ff-cuneiform.md	machine-initial-v1	visual-balanced-unicode-block-v1
𒋿	U+122FF	CUNEIFORM SIGN TI TENU	Lo	cuneiform	mn	2	y	分叉翼形	s	1	w	宽展	mnyw	cuneiform视觉聚类C2;状态组S1	true	0.229126	1.8571	0.1325	30_项目/个人Unicode音型输入法/数据/unicode全字符/plane-01-Supplementary Multilingual Plane/block-u12000-u123ff-cuneiform.md	machine-initial-v1	visual-balanced-unicode-block-v1
𒌀	U+12300	CUNEIFORM SIGN TIL	Lo	cuneiform	mw	19	a	角折	s	1	s	对称	mwas	cuneiform视觉聚类C19;状态组S1	false	0.167172	1.9130	0.1292	30_项目/个人Unicode音型输入法/数据/unicode全字符/plane-01-Supplementary Multilingual Plane/block-u12000-u123ff-cuneiform.md	machine-initial-v1	visual-balanced-unicode-block-v1
𒌁	U+12301	CUNEIFORM SIGN TIR	Lo	cuneiform	mw	7	r	放射星芒	s	1	p	成对	mwrp	cuneiform视觉聚类C7;状态组S1	true	0.186611	1.8857	0.3107	30_项目/个人Unicode音型输入法/数据/unicode全字符/plane-01-Supplementary Multilingual Plane/block-u12000-u123ff-cuneiform.md	machine-initial-v1	visual-balanced-unicode-block-v1
𒌂	U+12302	CUNEIFORM SIGN TIR TIMES TAK4	Lo	cuneiform	mw	7	r	放射星芒	s	1	p	成对	mwrp	cuneiform视觉聚类C7;状态组S1	true	0.195690	1.8857	0.3278	30_项目/个人Unicode音型输入法/数据/unicode全字符/plane-01-Supplementary Multilingual Plane/block-u12000-u123ff-cuneiform.md	machine-initial-v1	visual-balanced-unicode-block-v1
𒌃	U+12303	CUNEIFORM SIGN TIR OVER TIR	Lo	cuneiform	mw	3	i	细柱	s	0	o	外包	mwio	cuneiform视觉聚类C3;状态组S0	true	0.967990	1.1310	0.3266	30_项目/个人Unicode音型输入法/数据/unicode全字符/plane-01-Supplementary Multilingual Plane/block-u12000-u123ff-cuneiform.md	machine-initial-v1	visual-balanced-unicode-block-v1
𒌄	U+12304	CUNEIFORM SIGN TIR OVER TIR GAD OVER GAD GAR OVER GAR	Lo	cuneiform	mw	20	e	椭圆	s	0	s	对称	mwes	cuneiform视觉聚类C20;状态组S0	false	0.303522	1.9167	0.3127	30_项目/个人Unicode音型输入法/数据/unicode全字符/plane-01-Supplementary Multilingual Plane/block-u12000-u123ff-cuneiform.md	machine-initial-v1	visual-balanced-unicode-block-v1
𒌅	U+12305	CUNEIFORM SIGN TU	Lo	cuneiform	mw	7	r	放射星芒	s	1	p	成对	mwrp	cuneiform视觉聚类C7;状态组S1	true	0.242264	2.0000	0.2757	30_项目/个人Unicode音型输入法/数据/unicode全字符/plane-01-Supplementary Multilingual Plane/block-u12000-u123ff-cuneiform.md	machine-initial-v1	visual-balanced-unicode-block-v1
𒌆	U+12306	CUNEIFORM SIGN TUG2	Lo	cuneiform	mw	17	j	钩弯	s	0	s	对称	mwjs	cuneiform视觉聚类C17;状态组S0	false	0.640633	1.1571	0.2586	30_项目/个人Unicode音型输入法/数据/unicode全字符/plane-01-Supplementary Multilingual Plane/block-u12000-u123ff-cuneiform.md	machine-initial-v1	visual-balanced-unicode-block-v1
𒌇	U+12307	CUNEIFORM SIGN TUK	Lo	cuneiform	mw	23	h	枝杈	s	1	o	外包	mwho	cuneiform视觉聚类C23;状态组S1	true	0.947095	1.2027	0.1819	30_项目/个人Unicode音型输入法/数据/unicode全字符/plane-01-Supplementary Multilingual Plane/block-u12000-u123ff-cuneiform.md	machine-initial-v1	visual-balanced-unicode-block-v1
𒌈	U+12308	CUNEIFORM SIGN TUM	Lo	cuneiform	mw	12	k	绳结	s	0	s	对称	mwks	cuneiform视觉聚类C12;状态组S0	false	0.510663	2.1549	0.1845	30_项目/个人Unicode音型输入法/数据/unicode全字符/plane-01-Supplementary Multilingual Plane/block-u12000-u123ff-cuneiform.md	machine-initial-v1	visual-balanced-unicode-block-v1
𒌉	U+12309	CUNEIFORM SIGN TUR	Lo	cuneiform	mw	23	h	枝杈	s	1	o	外包	mwho	cuneiform视觉聚类C23;状态组S1	true	0.413089	1.2921	0.1816	30_项目/个人Unicode音型输入法/数据/unicode全字符/plane-01-Supplementary Multilingual Plane/block-u12000-u123ff-cuneiform.md	machine-initial-v1	visual-balanced-unicode-block-v1
𒌊	U+1230A	CUNEIFORM SIGN TUR OVER TUR ZA OVER ZA	Lo	cuneiform	mw	23	h	枝杈	s	1	o	外包	mwho	cuneiform视觉聚类C23;状态组S1	true	0.666223	0.8421	0.2087	30_项目/个人Unicode音型输入法/数据/unicode全字符/plane-01-Supplementary Multilingual Plane/block-u12000-u123ff-cuneiform.md	machine-initial-v1	visual-balanced-unicode-block-v1
𒌋	U+1230B	CUNEIFORM SIGN U	Lo	cuneiform	mw	22	s	方框	s	0	s	对称	mwss	cuneiform视觉聚类C22;状态组S0	false	0.516995	0.7361	0.1279	30_项目/个人Unicode音型输入法/数据/unicode全字符/plane-01-Supplementary Multilingual Plane/block-u12000-u123ff-cuneiform.md	machine-initial-v1	visual-balanced-unicode-block-v1
𒌌	U+1230C	CUNEIFORM SIGN U GUD	Lo	cuneiform	mw	24	c	曲弧	s	0	s	对称	mwcs	cuneiform视觉聚类C24;状态组S0	false	0.250877	1.8571	0.1691	30_项目/个人Unicode音型输入法/数据/unicode全字符/plane-01-Supplementary Multilingual Plane/block-u12000-u123ff-cuneiform.md	machine-initial-v1	visual-balanced-unicode-block-v1
𒌍	U+1230D	CUNEIFORM SIGN U U U	Lo	cuneiform	mw	22	s	方框	s	0	s	对称	mwss	cuneiform视觉聚类C22;状态组S0	false	0.988101	1.1667	0.2412	30_项目/个人Unicode音型输入法/数据/unicode全字符/plane-01-Supplementary Multilingual Plane/block-u12000-u123ff-cuneiform.md	machine-initial-v1	visual-balanced-unicode-block-v1
𒌎	U+1230E	CUNEIFORM SIGN U OVER U PA OVER PA GAR OVER GAR	Lo	cuneiform	mw	11	w	波浪流线	s	0	s	对称	mwws	cuneiform视觉聚类C11;状态组S0	false	0.689695	1.2308	0.2347	30_项目/个人Unicode音型输入法/数据/unicode全字符/plane-01-Supplementary Multilingual Plane/block-u12000-u123ff-cuneiform.md	machine-initial-v1	visual-balanced-unicode-block-v1
𒌏	U+1230F	CUNEIFORM SIGN U OVER U SUR OVER SUR	Lo	cuneiform	mw	8	m	复合	s	0	s	对称	mwms	cuneiform视觉聚类C8;状态组S0	false	0.939457	1.0659	0.2012	30_项目/个人Unicode音型输入法/数据/unicode全字符/plane-01-Supplementary Multilingual Plane/block-u12000-u123ff-cuneiform.md	machine-initial-v1	visual-balanced-unicode-block-v1
𒌐	U+12310	CUNEIFORM SIGN U OVER U U REVERSED OVER U REVERSED	Lo	cuneiform	mw	18	p	螺旋回环	s	1	s	对称	mwps	cuneiform视觉聚类C18;状态组S1	false	0.519030	0.7582	0.1511	30_项目/个人Unicode音型输入法/数据/unicode全字符/plane-01-Supplementary Multilingual Plane/block-u12000-u123ff-cuneiform.md	machine-initial-v1	visual-balanced-unicode-block-v1
𒌑	U+12311	CUNEIFORM SIGN U2	Lo	cuneiform	mw	10	t	三角尖形	s	0	s	对称	mwts	cuneiform视觉聚类C10;状态组S0	false	0.711049	1.4068	0.3053	30_项目/个人Unicode音型输入法/数据/unicode全字符/plane-01-Supplementary Multilingual Plane/block-u12000-u123ff-cuneiform.md	machine-initial-v1	visual-balanced-unicode-block-v1
𒌒	U+12312	CUNEIFORM SIGN UB	Lo	cuneiform	mw	12	k	绳结	s	1	o	外包	mwko	cuneiform视觉聚类C12;状态组S1	true	0.431435	0.9881	0.1401	30_项目/个人Unicode音型输入法/数据/unicode全字符/plane-01-Supplementary Multilingual Plane/block-u12000-u123ff-cuneiform.md	machine-initial-v1	visual-balanced-unicode-block-v1
𒌓	U+12313	CUNEIFORM SIGN UD	Lo	cuneiform	mw	9	o	圆环	s	1	s	对称	mwos	cuneiform视觉聚类C9;状态组S1	false	0.095031	0.9882	0.1592	30_项目/个人Unicode音型输入法/数据/unicode全字符/plane-01-Supplementary Multilingual Plane/block-u12000-u123ff-cuneiform.md	machine-initial-v1	visual-balanced-unicode-block-v1
𒌔	U+12314	CUNEIFORM SIGN UD KUSHU2	Lo	cuneiform	mw	1	l	线条	s	0	s	对称	mwls	cuneiform视觉聚类C1;状态组S0	false	0.337849	1.9101	0.2289	30_项目/个人Unicode音型输入法/数据/unicode全字符/plane-01-Supplementary Multilingual Plane/block-u12000-u123ff-cuneiform.md	machine-initial-v1	visual-balanced-unicode-block-v1
𒌕	U+12315	CUNEIFORM SIGN UD TIMES BAD	Lo	cuneiform	mw	9	o	圆环	s	1	s	对称	mwos	cuneiform视觉聚类C9;状态组S1	false	0.055029	0.9882	0.1910	30_项目/个人Unicode音型输入法/数据/unicode全字符/plane-01-Supplementary Multilingual Plane/block-u12000-u123ff-cuneiform.md	machine-initial-v1	visual-balanced-unicode-block-v1
𒌖	U+12316	CUNEIFORM SIGN UD TIMES MI	Lo	cuneiform	mw	9	o	圆环	s	0	x	穿过交叠	mwox	cuneiform视觉聚类C9;状态组S0	true	0.155118	0.9882	0.2384	30_项目/个人Unicode音型输入法/数据/unicode全字符/plane-01-Supplementary Multilingual Plane/block-u12000-u123ff-cuneiform.md	machine-initial-v1	visual-balanced-unicode-block-v1
𒌗	U+12317	CUNEIFORM SIGN UD TIMES U PLUS U PLUS U	Lo	cuneiform	mw	9	o	圆环	s	0	x	穿过交叠	mwox	cuneiform视觉聚类C9;状态组S0	true	0.131159	0.9882	0.2211	30_项目/个人Unicode音型输入法/数据/unicode全字符/plane-01-Supplementary Multilingual Plane/block-u12000-u123ff-cuneiform.md	machine-initial-v1	visual-balanced-unicode-block-v1
𒌘	U+12318	CUNEIFORM SIGN UD TIMES U PLUS U PLUS U GUNU	Lo	cuneiform	mw	1	l	线条	s	1	o	外包	mwlo	cuneiform视觉聚类C1;状态组S1	true	0.348758	1.3529	0.2164	30_项目/个人Unicode音型输入法/数据/unicode全字符/plane-01-Supplementary Multilingual Plane/block-u12000-u123ff-cuneiform.md	machine-initial-v1	visual-balanced-unicode-block-v1
𒌙	U+12319	CUNEIFORM SIGN UD GUNU	Lo	cuneiform	mw	1	l	线条	s	1	o	外包	mwlo	cuneiform视觉聚类C1;状态组S1	true	0.341165	1.3529	0.1745	30_项目/个人Unicode音型输入法/数据/unicode全字符/plane-01-Supplementary Multilingual Plane/block-u12000-u123ff-cuneiform.md	machine-initial-v1	visual-balanced-unicode-block-v1
𒌚	U+1231A	CUNEIFORM SIGN UD SHESHIG	Lo	cuneiform	mw	9	o	圆环	s	1	s	对称	mwos	cuneiform视觉聚类C9;状态组S1	false	0.131998	0.9882	0.1936	30_项目/个人Unicode音型输入法/数据/unicode全字符/plane-01-Supplementary Multilingual Plane/block-u12000-u123ff-cuneiform.md	machine-initial-v1	visual-balanced-unicode-block-v1
𒌛	U+1231B	CUNEIFORM SIGN UD SHESHIG TIMES BAD	Lo	cuneiform	mw	9	o	圆环	s	1	s	对称	mwos	cuneiform视觉聚类C9;状态组S1	false	0.093403	0.9882	0.2252	30_项目/个人Unicode音型输入法/数据/unicode全字符/plane-01-Supplementary Multilingual Plane/block-u12000-u123ff-cuneiform.md	machine-initial-v1	visual-balanced-unicode-block-v1
𒌜	U+1231C	CUNEIFORM SIGN UDUG	Lo	cuneiform	mw	20	e	椭圆	s	0	s	对称	mwes	cuneiform视觉聚类C20;状态组S0	false	0.398137	1.4598	0.2526	30_项目/个人Unicode音型输入法/数据/unicode全字符/plane-01-Supplementary Multilingual Plane/block-u12000-u123ff-cuneiform.md	machine-initial-v1	visual-balanced-unicode-block-v1
𒌝	U+1231D	CUNEIFORM SIGN UM	Lo	cuneiform	mw	15	u	容器U形	s	0	s	对称	mwus	cuneiform视觉聚类C15;状态组S0	false	0.059906	1.5429	0.2698	30_项目/个人Unicode音型输入法/数据/unicode全字符/plane-01-Supplementary Multilingual Plane/block-u12000-u123ff-cuneiform.md	machine-initial-v1	visual-balanced-unicode-block-v1
𒌞	U+1231E	CUNEIFORM SIGN UM TIMES LAGAB	Lo	cuneiform	mw	15	u	容器U形	s	0	s	对称	mwus	cuneiform视觉聚类C15;状态组S0	false	0.034927	1.5429	0.2979	30_项目/个人Unicode音型输入法/数据/unicode全字符/plane-01-Supplementary Multilingual Plane/block-u12000-u123ff-cuneiform.md	machine-initial-v1	visual-balanced-unicode-block-v1
𒌟	U+1231F	CUNEIFORM SIGN UM TIMES ME PLUS DA	Lo	cuneiform	mw	15	u	容器U形	s	0	s	对称	mwus	cuneiform视觉聚类C15;状态组S0	false	0.056426	1.5429	0.3146	30_项目/个人Unicode音型输入法/数据/unicode全字符/plane-01-Supplementary Multilingual Plane/block-u12000-u123ff-cuneiform.md	machine-initial-v1	visual-balanced-unicode-block-v1
𒌠	U+12320	CUNEIFORM SIGN UM TIMES SHA3	Lo	cuneiform	mw	15	u	容器U形	s	0	s	对称	mwus	cuneiform视觉聚类C15;状态组S0	false	0.051659	1.5429	0.2885	30_项目/个人Unicode音型输入法/数据/unicode全字符/plane-01-Supplementary Multilingual Plane/block-u12000-u123ff-cuneiform.md	machine-initial-v1	visual-balanced-unicode-block-v1
𒌡	U+12321	CUNEIFORM SIGN UM TIMES U	Lo	cuneiform	mw	15	u	容器U形	s	0	s	对称	mwus	cuneiform视觉聚类C15;状态组S0	false	0.067059	1.5429	0.2827	30_项目/个人Unicode音型输入法/数据/unicode全字符/plane-01-Supplementary Multilingual Plane/block-u12000-u123ff-cuneiform.md	machine-initial-v1	visual-balanced-unicode-block-v1
𒌢	U+12322	CUNEIFORM SIGN UMBIN	Lo	cuneiform	mw	5	g	动物有机体	s	0	s	对称	mwgs	cuneiform视觉聚类C5;状态组S0	false	0.362285	2.5143	0.1924	30_项目/个人Unicode音型输入法/数据/unicode全字符/plane-01-Supplementary Multilingual Plane/block-u12000-u123ff-cuneiform.md	machine-initial-v1	visual-balanced-unicode-block-v1
𒌣	U+12323	CUNEIFORM SIGN UMUM	Lo	cuneiform	mw	25	q	其他	s	1	s	对称	mwqs	cuneiform视觉聚类C25;状态组S1	false	0.105705	1.8235	0.1980	30_项目/个人Unicode音型输入法/数据/unicode全字符/plane-01-Supplementary Multilingual Plane/block-u12000-u123ff-cuneiform.md	machine-initial-v1	visual-balanced-unicode-block-v1
𒌤	U+12324	CUNEIFORM SIGN UMUM TIMES KASKAL	Lo	cuneiform	mw	25	q	其他	s	1	s	对称	mwqs	cuneiform视觉聚类C25;状态组S1	false	0.117108	1.8235	0.2324	30_项目/个人Unicode音型输入法/数据/unicode全字符/plane-01-Supplementary Multilingual Plane/block-u12000-u123ff-cuneiform.md	machine-initial-v1	visual-balanced-unicode-block-v1
𒌥	U+12325	CUNEIFORM SIGN UMUM TIMES PA	Lo	cuneiform	mw	25	q	其他	s	1	s	对称	mwqs	cuneiform视觉聚类C25;状态组S1	false	0.105234	1.8235	0.2241	30_项目/个人Unicode音型输入法/数据/unicode全字符/plane-01-Supplementary Multilingual Plane/block-u12000-u123ff-cuneiform.md	machine-initial-v1	visual-balanced-unicode-block-v1
𒌦	U+12326	CUNEIFORM SIGN UN	Lo	cuneiform	mw	5	g	动物有机体	s	1	w	宽展	mwgw	cuneiform视觉聚类C5;状态组S1	true	0.373641	2.2857	0.2631	30_项目/个人Unicode音型输入法/数据/unicode全字符/plane-01-Supplementary Multilingual Plane/block-u12000-u123ff-cuneiform.md	machine-initial-v1	visual-balanced-unicode-block-v1
𒌧	U+12327	CUNEIFORM SIGN UN GUNU	Lo	cuneiform	mw	16	d	点状	s	1	w	宽展	mwdw	cuneiform视觉聚类C16;状态组S1	true	0.378664	2.2857	0.2844	30_项目/个人Unicode音型输入法/数据/unicode全字符/plane-01-Supplementary Multilingual Plane/block-u12000-u123ff-cuneiform.md	machine-initial-v1	visual-balanced-unicode-block-v1
𒌨	U+12328	CUNEIFORM SIGN UR	Lo	cuneiform	mw	11	w	波浪流线	s	1	g	缺口开放	mwwg	cuneiform视觉聚类C11;状态组S1	true	0.473876	1.4675	0.2243	30_项目/个人Unicode音型输入法/数据/unicode全字符/plane-01-Supplementary Multilingual Plane/block-u12000-u123ff-cuneiform.md	machine-initial-v1	visual-balanced-unicode-block-v1
𒌩	U+12329	CUNEIFORM SIGN UR CROSSING UR	Lo	cuneiform	mw	12	k	绳结	s	1	o	外包	mwko	cuneiform视觉聚类C12;状态组S1	true	0.553173	1.0708	0.1684	30_项目/个人Unicode音型输入法/数据/unicode全字符/plane-01-Supplementary Multilingual Plane/block-u12000-u123ff-cuneiform.md	machine-initial-v1	visual-balanced-unicode-block-v1
𒌪	U+1232A	CUNEIFORM SIGN UR SHESHIG	Lo	cuneiform	mw	11	w	波浪流线	s	1	g	缺口开放	mwwg	cuneiform视觉聚类C11;状态组S1	true	0.497693	1.3614	0.2388	30_项目/个人Unicode音型输入法/数据/unicode全字符/plane-01-Supplementary Multilingual Plane/block-u12000-u123ff-cuneiform.md	machine-initial-v1	visual-balanced-unicode-block-v1
𒌫	U+1232B	CUNEIFORM SIGN UR2	Lo	cuneiform	mw	5	g	动物有机体	s	0	s	对称	mwgs	cuneiform视觉聚类C5;状态组S0	false	0.121342	1.8493	0.1510	30_项目/个人Unicode音型输入法/数据/unicode全字符/plane-01-Supplementary Multilingual Plane/block-u12000-u123ff-cuneiform.md	machine-initial-v1	visual-balanced-unicode-block-v1
𒌬	U+1232C	CUNEIFORM SIGN UR2 TIMES A PLUS HA	Lo	cuneiform	mw	17	j	钩弯	s	0	s	对称	mwjs	cuneiform视觉聚类C17;状态组S0	false	1.584540	1.8493	0.1812	30_项目/个人Unicode音型输入法/数据/unicode全字符/plane-01-Supplementary Multilingual Plane/block-u12000-u123ff-cuneiform.md	machine-initial-v1	visual-balanced-unicode-block-v1
𒌭	U+1232D	CUNEIFORM SIGN UR2 TIMES A PLUS NA	Lo	cuneiform	mw	13	v	开口V形	s	1	s	对称	mwvs	cuneiform视觉聚类C13;状态组S1	false	0.051532	1.8493	0.1833	30_项目/个人Unicode音型输入法/数据/unicode全字符/plane-01-Supplementary Multilingual Plane/block-u12000-u123ff-cuneiform.md	machine-initial-v1	visual-balanced-unicode-block-v1
𒌮	U+1232E	CUNEIFORM SIGN UR2 TIMES AL	Lo	cuneiform	mw	18	p	螺旋回环	s	0	w	宽展	mwpw	cuneiform视觉聚类C18;状态组S0	true	0.533968	1.8493	0.1844	30_项目/个人Unicode音型输入法/数据/unicode全字符/plane-01-Supplementary Multilingual Plane/block-u12000-u123ff-cuneiform.md	machine-initial-v1	visual-balanced-unicode-block-v1
𒌯	U+1232F	CUNEIFORM SIGN UR2 TIMES HA	Lo	cuneiform	mw	13	v	开口V形	s	1	s	对称	mwvs	cuneiform视觉聚类C13;状态组S1	false	0.055896	1.8493	0.1649	30_项目/个人Unicode音型输入法/数据/unicode全字符/plane-01-Supplementary Multilingual Plane/block-u12000-u123ff-cuneiform.md	machine-initial-v1	visual-balanced-unicode-block-v1
𒌰	U+12330	CUNEIFORM SIGN UR2 TIMES NUN	Lo	cuneiform	mw	13	v	开口V形	s	1	s	对称	mwvs	cuneiform视觉聚类C13;状态组S1	false	0.028215	1.8493	0.1687	30_项目/个人Unicode音型输入法/数据/unicode全字符/plane-01-Supplementary Multilingual Plane/block-u12000-u123ff-cuneiform.md	machine-initial-v1	visual-balanced-unicode-block-v1
𒌱	U+12331	CUNEIFORM SIGN UR2 TIMES U2	Lo	cuneiform	mw	13	v	开口V形	s	1	s	对称	mwvs	cuneiform视觉聚类C13;状态组S1	false	0.039226	1.8493	0.1683	30_项目/个人Unicode音型输入法/数据/unicode全字符/plane-01-Supplementary Multilingual Plane/block-u12000-u123ff-cuneiform.md	machine-initial-v1	visual-balanced-unicode-block-v1
𒌲	U+12332	CUNEIFORM SIGN UR2 TIMES U2 PLUS ASH	Lo	cuneiform	mw	13	v	开口V形	s	0	q	倾斜	mwvq	cuneiform视觉聚类C13;状态组S0	true	0.092788	1.8904	0.1675	30_项目/个人Unicode音型输入法/数据/unicode全字符/plane-01-Supplementary Multilingual Plane/block-u12000-u123ff-cuneiform.md	machine-initial-v1	visual-balanced-unicode-block-v1
𒌳	U+12333	CUNEIFORM SIGN UR2 TIMES U2 PLUS BI	Lo	cuneiform	mw	13	v	开口V形	s	0	q	倾斜	mwvq	cuneiform视觉聚类C13;状态组S0	true	0.108407	1.9178	0.1764	30_项目/个人Unicode音型输入法/数据/unicode全字符/plane-01-Supplementary Multilingual Plane/block-u12000-u123ff-cuneiform.md	machine-initial-v1	visual-balanced-unicode-block-v1
𒌴	U+12334	CUNEIFORM SIGN UR4	Lo	cuneiform	mw	23	h	枝杈	s	1	o	外包	mwho	cuneiform视觉聚类C23;状态组S1	true	0.523626	1.3699	0.2173	30_项目/个人Unicode音型输入法/数据/unicode全字符/plane-01-Supplementary Multilingual Plane/block-u12000-u123ff-cuneiform.md	machine-initial-v1	visual-balanced-unicode-block-v1
𒌵	U+12335	CUNEIFORM SIGN URI	Lo	cuneiform	mw	12	k	绳结	s	1	o	外包	mwko	cuneiform视觉聚类C12;状态组S1	true	0.793961	0.8291	0.2616	30_项目/个人Unicode音型输入法/数据/unicode全字符/plane-01-Supplementary Multilingual Plane/block-u12000-u123ff-cuneiform.md	machine-initial-v1	visual-balanced-unicode-block-v1
𒌶	U+12336	CUNEIFORM SIGN URI3	Lo	cuneiform	mw	5	g	动物有机体	s	0	s	对称	mwgs	cuneiform视觉聚类C5;状态组S0	false	0.469606	1.6111	0.1444	30_项目/个人Unicode音型输入法/数据/unicode全字符/plane-01-Supplementary Multilingual Plane/block-u12000-u123ff-cuneiform.md	machine-initial-v1	visual-balanced-unicode-block-v1
𒌷	U+12337	CUNEIFORM SIGN URU	Lo	cuneiform	mw	14	f	人物轮廓	s	1	s	对称	mwfs	cuneiform视觉聚类C14;状态组S1	false	0.264328	1.2022	0.2241	30_项目/个人Unicode音型输入法/数据/unicode全字符/plane-01-Supplementary Multilingual Plane/block-u12000-u123ff-cuneiform.md	machine-initial-v1	visual-balanced-unicode-block-v1
𒌸	U+12338	CUNEIFORM SIGN URU TIMES A	Lo	cuneiform	mw	2	y	分叉翼形	i	1	i	内含	mwyi	cuneiform视觉聚类C2;状态组S1	false	0.049259	1.2584	0.2225	30_项目/个人Unicode音型输入法/数据/unicode全字符/plane-01-Supplementary Multilingual Plane/block-u12000-u123ff-cuneiform.md	machine-initial-v1	visual-balanced-unicode-block-v1
𒌹	U+12339	CUNEIFORM SIGN URU TIMES ASHGAB	Lo	cuneiform	mw	3	i	细柱	s	0	o	外包	mwio	cuneiform视觉聚类C3;状态组S0	true	0.325272	1.2584	0.2395	30_项目/个人Unicode音型输入法/数据/unicode全字符/plane-01-Supplementary Multilingual Plane/block-u12000-u123ff-cuneiform.md	machine-initial-v1	visual-balanced-unicode-block-v1
𒌺	U+1233A	CUNEIFORM SIGN URU TIMES BAR	Lo	cuneiform	mw	2	y	分叉翼形	i	1	i	内含	mwyi	cuneiform视觉聚类C2;状态组S1	false	0.064183	1.2584	0.2204	30_项目/个人Unicode音型输入法/数据/unicode全字符/plane-01-Supplementary Multilingual Plane/block-u12000-u123ff-cuneiform.md	machine-initial-v1	visual-balanced-unicode-block-v1
𒌻	U+1233B	CUNEIFORM SIGN URU TIMES DUN	Lo	cuneiform	mw	14	f	人物轮廓	s	0	o	外包	mwfo	cuneiform视觉聚类C14;状态组S0	true	0.114700	1.2584	0.2313	30_项目/个人Unicode音型输入法/数据/unicode全字符/plane-01-Supplementary Multilingual Plane/block-u12000-u123ff-cuneiform.md	machine-initial-v1	visual-balanced-unicode-block-v1
𒌼	U+1233C	CUNEIFORM SIGN URU TIMES GA	Lo	cuneiform	mw	22	s	方框	s	1	o	外包	mwso	cuneiform视觉聚类C22;状态组S1	true	0.646798	1.2584	0.2528	30_项目/个人Unicode音型输入法/数据/unicode全字符/plane-01-Supplementary Multilingual Plane/block-u12000-u123ff-cuneiform.md	machine-initial-v1	visual-balanced-unicode-block-v1
𒌽	U+1233D	CUNEIFORM SIGN URU TIMES GAL	Lo	cuneiform	mw	6	z	阶梯锯齿	i	1	i	内含	mwzi	cuneiform视觉聚类C6;状态组S1	false	0.210451	1.2584	0.2449	30_项目/个人Unicode音型输入法/数据/unicode全字符/plane-01-Supplementary Multilingual Plane/block-u12000-u123ff-cuneiform.md	machine-initial-v1	visual-balanced-unicode-block-v1
𒌾	U+1233E	CUNEIFORM SIGN URU TIMES GAN2 TENU	Lo	cuneiform	mw	6	z	阶梯锯齿	i	1	i	内含	mwzi	cuneiform视觉聚类C6;状态组S1	false	0.210716	1.2584	0.2394	30_项目/个人Unicode音型输入法/数据/unicode全字符/plane-01-Supplementary Multilingual Plane/block-u12000-u123ff-cuneiform.md	machine-initial-v1	visual-balanced-unicode-block-v1
𒌿	U+1233F	CUNEIFORM SIGN URU TIMES GAR	Lo	cuneiform	mw	2	y	分叉翼形	i	0	c	闭合	mwyc	cuneiform视觉聚类C2;状态组S0	true	0.046504	1.2584	0.2347	30_项目/个人Unicode音型输入法/数据/unicode全字符/plane-01-Supplementary Multilingual Plane/block-u12000-u123ff-cuneiform.md	machine-initial-v1	visual-balanced-unicode-block-v1
𒍀	U+12340	CUNEIFORM SIGN URU TIMES GU	Lo	cuneiform	mw	6	z	阶梯锯齿	s	0	s	对称	mwzs	cuneiform视觉聚类C6;状态组S0	false	0.153496	1.3146	0.2200	30_项目/个人Unicode音型输入法/数据/unicode全字符/plane-01-Supplementary Multilingual Plane/block-u12000-u123ff-cuneiform.md	machine-initial-v1	visual-balanced-unicode-block-v1
𒍁	U+12341	CUNEIFORM SIGN URU TIMES HA	Lo	cuneiform	mw	14	f	人物轮廓	s	0	o	外包	mwfo	cuneiform视觉聚类C14;状态组S0	true	0.118520	1.2584	0.2309	30_项目/个人Unicode音型输入法/数据/unicode全字符/plane-01-Supplementary Multilingual Plane/block-u12000-u123ff-cuneiform.md	machine-initial-v1	visual-balanced-unicode-block-v1
𒍂	U+12342	CUNEIFORM SIGN URU TIMES IGI	Lo	cuneiform	mw	3	i	细柱	s	0	o	外包	mwio	cuneiform视觉聚类C3;状态组S0	true	0.386676	1.2584	0.2204	30_项目/个人Unicode音型输入法/数据/unicode全字符/plane-01-Supplementary Multilingual Plane/block-u12000-u123ff-cuneiform.md	machine-initial-v1	visual-balanced-unicode-block-v1
𒍃	U+12343	CUNEIFORM SIGN URU TIMES IM	Lo	cuneiform	mw	6	z	阶梯锯齿	s	0	s	对称	mwzs	cuneiform视觉聚类C6;状态组S0	false	0.322392	1.3596	0.2176	30_项目/个人Unicode音型输入法/数据/unicode全字符/plane-01-Supplementary Multilingual Plane/block-u12000-u123ff-cuneiform.md	machine-initial-v1	visual-balanced-unicode-block-v1
𒍄	U+12344	CUNEIFORM SIGN URU TIMES ISH	Lo	cuneiform	mw	22	s	方框	s	1	o	外包	mwso	cuneiform视觉聚类C22;状态组S1	true	0.639117	1.2584	0.2502	30_项目/个人Unicode音型输入法/数据/unicode全字符/plane-01-Supplementary Multilingual Plane/block-u12000-u123ff-cuneiform.md	machine-initial-v1	visual-balanced-unicode-block-v1
𒍅	U+12345	CUNEIFORM SIGN URU TIMES KI	Lo	cuneiform	mw	10	t	三角尖形	s	0	s	对称	mwts	cuneiform视觉聚类C10;状态组S0	false	0.591829	1.2584	0.2383	30_项目/个人Unicode音型输入法/数据/unicode全字符/plane-01-Supplementary Multilingual Plane/block-u12000-u123ff-cuneiform.md	machine-initial-v1	visual-balanced-unicode-block-v1
𒍆	U+12346	CUNEIFORM SIGN URU TIMES LUM	Lo	cuneiform	mw	6	z	阶梯锯齿	s	0	s	对称	mwzs	cuneiform视觉聚类C6;状态组S0	false	0.132143	1.3258	0.2259	30_项目/个人Unicode音型输入法/数据/unicode全字符/plane-01-Supplementary Multilingual Plane/block-u12000-u123ff-cuneiform.md	machine-initial-v1	visual-balanced-unicode-block-v1
𒍇	U+12347	CUNEIFORM SIGN URU TIMES MIN	Lo	cuneiform	mw	14	f	人物轮廓	s	1	s	对称	mwfs	cuneiform视觉聚类C14;状态组S1	false	0.278388	1.2022	0.2545	30_项目/个人Unicode音型输入法/数据/unicode全字符/plane-01-Supplementary Multilingual Plane/block-u12000-u123ff-cuneiform.md	machine-initial-v1	visual-balanced-unicode-block-v1
𒍈	U+12348	CUNEIFORM SIGN URU TIMES PA	Lo	cuneiform	mw	2	y	分叉翼形	i	1	i	内含	mwyi	cuneiform视觉聚类C2;状态组S1	false	0.042419	1.2584	0.2289	30_项目/个人Unicode音型输入法/数据/unicode全字符/plane-01-Supplementary Multilingual Plane/block-u12000-u123ff-cuneiform.md	machine-initial-v1	visual-balanced-unicode-block-v1
𒍉	U+12349	CUNEIFORM SIGN URU TIMES SHE	Lo	cuneiform	mw	2	y	分叉翼形	i	0	c	闭合	mwyc	cuneiform视觉聚类C2;状态组S0	true	0.087442	1.2584	0.2519	30_项目/个人Unicode音型输入法/数据/unicode全字符/plane-01-Supplementary Multilingual Plane/block-u12000-u123ff-cuneiform.md	machine-initial-v1	visual-balanced-unicode-block-v1
𒍊	U+1234A	CUNEIFORM SIGN URU TIMES SIG4	Lo	cuneiform	mw	14	f	人物轮廓	s	0	o	外包	mwfo	cuneiform视觉聚类C14;状态组S0	true	0.184339	1.2584	0.2453	30_项目/个人Unicode音型输入法/数据/unicode全字符/plane-01-Supplementary Multilingual Plane/block-u12000-u123ff-cuneiform.md	machine-initial-v1	visual-balanced-unicode-block-v1
𒍋	U+1234B	CUNEIFORM SIGN URU TIMES TU	Lo	cuneiform	mw	3	i	细柱	s	0	o	外包	mwio	cuneiform视觉聚类C3;状态组S0	true	0.381017	1.2584	0.2855	30_项目/个人Unicode音型输入法/数据/unicode全字符/plane-01-Supplementary Multilingual Plane/block-u12000-u123ff-cuneiform.md	machine-initial-v1	visual-balanced-unicode-block-v1
𒍌	U+1234C	CUNEIFORM SIGN URU TIMES U PLUS GUD	Lo	cuneiform	mw	6	z	阶梯锯齿	i	1	i	内含	mwzi	cuneiform视觉聚类C6;状态组S1	false	0.195676	1.2921	0.2476	30_项目/个人Unicode音型输入法/数据/unicode全字符/plane-01-Supplementary Multilingual Plane/block-u12000-u123ff-cuneiform.md	machine-initial-v1	visual-balanced-unicode-block-v1
𒍍	U+1234D	CUNEIFORM SIGN URU TIMES UD	Lo	cuneiform	mw	2	y	分叉翼形	i	0	c	闭合	mwyc	cuneiform视觉聚类C2;状态组S0	true	0.056547	1.2584	0.2293	30_项目/个人Unicode音型输入法/数据/unicode全字符/plane-01-Supplementary Multilingual Plane/block-u12000-u123ff-cuneiform.md	machine-initial-v1	visual-balanced-unicode-block-v1
𒍎	U+1234E	CUNEIFORM SIGN URU TIMES URUDA	Lo	cuneiform	mw	14	f	人物轮廓	s	0	o	外包	mwfo	cuneiform视觉聚类C14;状态组S0	true	0.125472	1.2584	0.2301	30_项目/个人Unicode音型输入法/数据/unicode全字符/plane-01-Supplementary Multilingual Plane/block-u12000-u123ff-cuneiform.md	machine-initial-v1	visual-balanced-unicode-block-v1
𒍏	U+1234F	CUNEIFORM SIGN URUDA	Lo	cuneiform	mw	8	m	复合	s	0	s	对称	mwms	cuneiform视觉聚类C8;状态组S0	false	0.336785	1.7746	0.2053	30_项目/个人Unicode音型输入法/数据/unicode全字符/plane-01-Supplementary Multilingual Plane/block-u12000-u123ff-cuneiform.md	machine-initial-v1	visual-balanced-unicode-block-v1
𒍐	U+12350	CUNEIFORM SIGN URUDA TIMES U	Lo	cuneiform	mw	8	m	复合	s	0	s	对称	mwms	cuneiform视觉聚类C8;状态组S0	false	0.342347	1.7746	0.2288	30_项目/个人Unicode音型输入法/数据/unicode全字符/plane-01-Supplementary Multilingual Plane/block-u12000-u123ff-cuneiform.md	machine-initial-v1	visual-balanced-unicode-block-v1
𒍑	U+12351	CUNEIFORM SIGN USH	Lo	cuneiform	mw	4	n	成列成排	s	1	s	对称	mwns	cuneiform视觉聚类C4;状态组S1	false	0.087851	1.3293	0.2146	30_项目/个人Unicode音型输入法/数据/unicode全字符/plane-01-Supplementary Multilingual Plane/block-u12000-u123ff-cuneiform.md	machine-initial-v1	visual-balanced-unicode-block-v1
𒍒	U+12352	CUNEIFORM SIGN USH TIMES A	Lo	cuneiform	mw	4	n	成列成排	s	1	s	对称	mwns	cuneiform视觉聚类C4;状态组S1	false	0.063356	1.3293	0.2455	30_项目/个人Unicode音型输入法/数据/unicode全字符/plane-01-Supplementary Multilingual Plane/block-u12000-u123ff-cuneiform.md	machine-initial-v1	visual-balanced-unicode-block-v1
𒍓	U+12353	CUNEIFORM SIGN USH TIMES KU	Lo	cuneiform	mw	4	n	成列成排	s	1	s	对称	mwns	cuneiform视觉聚类C4;状态组S1	false	0.081946	1.3293	0.2564	30_项目/个人Unicode音型输入法/数据/unicode全字符/plane-01-Supplementary Multilingual Plane/block-u12000-u123ff-cuneiform.md	machine-initial-v1	visual-balanced-unicode-block-v1
𒍔	U+12354	CUNEIFORM SIGN USH TIMES KUR	Lo	cuneiform	mw	4	n	成列成排	s	1	s	对称	mwns	cuneiform视觉聚类C4;状态组S1	false	0.062421	1.3293	0.2329	30_项目/个人Unicode音型输入法/数据/unicode全字符/plane-01-Supplementary Multilingual Plane/block-u12000-u123ff-cuneiform.md	machine-initial-v1	visual-balanced-unicode-block-v1
𒍕	U+12355	CUNEIFORM SIGN USH TIMES TAK4	Lo	cuneiform	mw	4	n	成列成排	s	1	s	对称	mwns	cuneiform视觉聚类C4;状态组S1	false	0.083763	1.3293	0.2694	30_项目/个人Unicode音型输入法/数据/unicode全字符/plane-01-Supplementary Multilingual Plane/block-u12000-u123ff-cuneiform.md	machine-initial-v1	visual-balanced-unicode-block-v1
𒍖	U+12356	CUNEIFORM SIGN USHX	Lo	cuneiform	mw	5	g	动物有机体	s	1	w	宽展	mwgw	cuneiform视觉聚类C5;状态组S1	true	0.270737	1.6939	0.1793	30_项目/个人Unicode音型输入法/数据/unicode全字符/plane-01-Supplementary Multilingual Plane/block-u12000-u123ff-cuneiform.md	machine-initial-v1	visual-balanced-unicode-block-v1
𒍗	U+12357	CUNEIFORM SIGN USH2	Lo	cuneiform	mw	19	a	角折	s	1	s	对称	mwas	cuneiform视觉聚类C19;状态组S1	false	0.318103	1.6731	0.1233	30_项目/个人Unicode音型输入法/数据/unicode全字符/plane-01-Supplementary Multilingual Plane/block-u12000-u123ff-cuneiform.md	machine-initial-v1	visual-balanced-unicode-block-v1
𒍘	U+12358	CUNEIFORM SIGN USHUMX	Lo	cuneiform	mw	19	a	角折	s	1	s	对称	mwas	cuneiform视觉聚类C19;状态组S1	false	0.180775	2.0779	0.1375	30_项目/个人Unicode音型输入法/数据/unicode全字符/plane-01-Supplementary Multilingual Plane/block-u12000-u123ff-cuneiform.md	machine-initial-v1	visual-balanced-unicode-block-v1
𒍙	U+12359	CUNEIFORM SIGN UTUKI	Lo	cuneiform	mw	19	a	角折	s	1	s	对称	mwas	cuneiform视觉聚类C19;状态组S1	false	0.164326	2.3810	0.1679	30_项目/个人Unicode音型输入法/数据/unicode全字符/plane-01-Supplementary Multilingual Plane/block-u12000-u123ff-cuneiform.md	machine-initial-v1	visual-balanced-unicode-block-v1
𒍚	U+1235A	CUNEIFORM SIGN UZ3	Lo	cuneiform	mw	18	p	螺旋回环	s	1	s	对称	mwps	cuneiform视觉聚类C18;状态组S1	false	0.401515	1.7647	0.2092	30_项目/个人Unicode音型输入法/数据/unicode全字符/plane-01-Supplementary Multilingual Plane/block-u12000-u123ff-cuneiform.md	machine-initial-v1	visual-balanced-unicode-block-v1
𒍛	U+1235B	CUNEIFORM SIGN UZ3 TIMES KASKAL	Lo	cuneiform	mw	18	p	螺旋回环	s	0	w	宽展	mwpw	cuneiform视觉聚类C18;状态组S0	true	0.362932	1.8824	0.2477	30_项目/个人Unicode音型输入法/数据/unicode全字符/plane-01-Supplementary Multilingual Plane/block-u12000-u123ff-cuneiform.md	machine-initial-v1	visual-balanced-unicode-block-v1
𒍜	U+1235C	CUNEIFORM SIGN UZU	Lo	cuneiform	mw	19	a	角折	s	0	w	宽展	mwaw	cuneiform视觉聚类C19;状态组S0	true	0.172701	2.1414	0.2129	30_项目/个人Unicode音型输入法/数据/unicode全字符/plane-01-Supplementary Multilingual Plane/block-u12000-u123ff-cuneiform.md	machine-initial-v1	visual-balanced-unicode-block-v1
𒍝	U+1235D	CUNEIFORM SIGN ZA	Lo	cuneiform	mw	18	p	螺旋回环	s	1	s	对称	mwps	cuneiform视觉聚类C18;状态组S1	false	1.286282	0.8571	0.2117	30_项目/个人Unicode音型输入法/数据/unicode全字符/plane-01-Supplementary Multilingual Plane/block-u12000-u123ff-cuneiform.md	machine-initial-v1	visual-balanced-unicode-block-v1
𒍞	U+1235E	CUNEIFORM SIGN ZA TENU	Lo	cuneiform	mw	21	b	块面	s	1	w	宽展	mwbw	cuneiform视觉聚类C21;状态组S1	true	0.634204	1.1892	0.1365	30_项目/个人Unicode音型输入法/数据/unicode全字符/plane-01-Supplementary Multilingual Plane/block-u12000-u123ff-cuneiform.md	machine-initial-v1	visual-balanced-unicode-block-v1
𒍟	U+1235F	CUNEIFORM SIGN ZA SQUARED TIMES KUR	Lo	cuneiform	mw	12	k	绳结	s	0	s	对称	mwks	cuneiform视觉聚类C12;状态组S0	false	0.726478	1.1828	0.1260	30_项目/个人Unicode音型输入法/数据/unicode全字符/plane-01-Supplementary Multilingual Plane/block-u12000-u123ff-cuneiform.md	machine-initial-v1	visual-balanced-unicode-block-v1
𒍠	U+12360	CUNEIFORM SIGN ZAG	Lo	cuneiform	mw	10	t	三角尖形	s	0	s	对称	mwts	cuneiform视觉聚类C10;状态组S0	false	0.460214	1.3974	0.2971	30_项目/个人Unicode音型输入法/数据/unicode全字符/plane-01-Supplementary Multilingual Plane/block-u12000-u123ff-cuneiform.md	machine-initial-v1	visual-balanced-unicode-block-v1
𒍡	U+12361	CUNEIFORM SIGN ZAMX	Lo	cuneiform	mw	16	d	点状	s	1	w	宽展	mwdw	cuneiform视觉聚类C16;状态组S1	true	0.339636	1.5833	0.1317	30_项目/个人Unicode音型输入法/数据/unicode全字符/plane-01-Supplementary Multilingual Plane/block-u12000-u123ff-cuneiform.md	machine-initial-v1	visual-balanced-unicode-block-v1
𒍢	U+12362	CUNEIFORM SIGN ZE2	Lo	cuneiform	mw	25	q	其他	s	0	w	宽展	mwqw	cuneiform视觉聚类C25;状态组S0	true	0.329913	1.9259	0.2361	30_项目/个人Unicode音型输入法/数据/unicode全字符/plane-01-Supplementary Multilingual Plane/block-u12000-u123ff-cuneiform.md	machine-initial-v1	visual-balanced-unicode-block-v1
𒍣	U+12363	CUNEIFORM SIGN ZI	Lo	cuneiform	mw	16	d	点状	s	1	w	宽展	mwdw	cuneiform视觉聚类C16;状态组S1	true	0.500006	1.7273	0.3127	30_项目/个人Unicode音型输入法/数据/unicode全字符/plane-01-Supplementary Multilingual Plane/block-u12000-u123ff-cuneiform.md	machine-initial-v1	visual-balanced-unicode-block-v1
𒍤	U+12364	CUNEIFORM SIGN ZI OVER ZI	Lo	cuneiform	mw	21	b	块面	s	0	s	对称	mwbs	cuneiform视觉聚类C21;状态组S0	false	1.503244	1.0349	0.3211	30_项目/个人Unicode音型输入法/数据/unicode全字符/plane-01-Supplementary Multilingual Plane/block-u12000-u123ff-cuneiform.md	machine-initial-v1	visual-balanced-unicode-block-v1
𒍥	U+12365	CUNEIFORM SIGN ZI3	Lo	cuneiform	mw	17	j	钩弯	s	0	s	对称	mwjs	cuneiform视觉聚类C17;状态组S0	false	1.236140	0.9762	0.3107	30_项目/个人Unicode音型输入法/数据/unicode全字符/plane-01-Supplementary Multilingual Plane/block-u12000-u123ff-cuneiform.md	machine-initial-v1	visual-balanced-unicode-block-v1
𒍦	U+12366	CUNEIFORM SIGN ZIB	Lo	cuneiform	mw	22	s	方框	s	0	s	对称	mwss	cuneiform视觉聚类C22;状态组S0	false	0.540535	1.2258	0.1687	30_项目/个人Unicode音型输入法/数据/unicode全字符/plane-01-Supplementary Multilingual Plane/block-u12000-u123ff-cuneiform.md	machine-initial-v1	visual-balanced-unicode-block-v1
𒍧	U+12367	CUNEIFORM SIGN ZIB KABA TENU	Lo	cuneiform	mw	22	s	方框	s	0	s	对称	mwss	cuneiform视觉聚类C22;状态组S0	false	0.568060	1.2258	0.1666	30_项目/个人Unicode音型输入法/数据/unicode全字符/plane-01-Supplementary Multilingual Plane/block-u12000-u123ff-cuneiform.md	machine-initial-v1	visual-balanced-unicode-block-v1
𒍨	U+12368	CUNEIFORM SIGN ZIG	Lo	cuneiform	mw	21	b	块面	s	1	w	宽展	mwbw	cuneiform视觉聚类C21;状态组S1	true	0.361171	1.8442	0.2656	30_项目/个人Unicode音型输入法/数据/unicode全字符/plane-01-Supplementary Multilingual Plane/block-u12000-u123ff-cuneiform.md	machine-initial-v1	visual-balanced-unicode-block-v1
𒍩	U+12369	CUNEIFORM SIGN ZIZ2	Lo	cuneiform	mw	10	t	三角尖形	s	1	f	实心高填充	mwtf	cuneiform视觉聚类C10;状态组S1	true	1.402269	1.2152	0.3078	30_项目/个人Unicode音型输入法/数据/unicode全字符/plane-01-Supplementary Multilingual Plane/block-u12000-u123ff-cuneiform.md	machine-initial-v1	visual-balanced-unicode-block-v1
𒍪	U+1236A	CUNEIFORM SIGN ZU	Lo	cuneiform	mw	3	i	细柱	s	1	s	对称	mwis	cuneiform视觉聚类C3;状态组S1	false	0.812074	1.1923	0.2716	30_项目/个人Unicode音型输入法/数据/unicode全字符/plane-01-Supplementary Multilingual Plane/block-u12000-u123ff-cuneiform.md	machine-initial-v1	visual-balanced-unicode-block-v1
𒍫	U+1236B	CUNEIFORM SIGN ZU5	Lo	cuneiform	mw	1	l	线条	s	0	s	对称	mwls	cuneiform视觉聚类C1;状态组S0	false	0.183991	2.1081	0.2876	30_项目/个人Unicode音型输入法/数据/unicode全字符/plane-01-Supplementary Multilingual Plane/block-u12000-u123ff-cuneiform.md	machine-initial-v1	visual-balanced-unicode-block-v1
𒍬	U+1236C	CUNEIFORM SIGN ZU5 TIMES A	Lo	cuneiform	mw	1	l	线条	s	0	s	对称	mwls	cuneiform视觉聚类C1;状态组S0	false	0.192056	2.1081	0.3093	30_项目/个人Unicode音型输入法/数据/unicode全字符/plane-01-Supplementary Multilingual Plane/block-u12000-u123ff-cuneiform.md	machine-initial-v1	visual-balanced-unicode-block-v1
𒍭	U+1236D	CUNEIFORM SIGN ZUBUR	Lo	cuneiform	mw	16	d	点状	s	0	s	对称	mwds	cuneiform视觉聚类C16;状态组S0	false	0.599418	1.1529	0.1435	30_项目/个人Unicode音型输入法/数据/unicode全字符/plane-01-Supplementary Multilingual Plane/block-u12000-u123ff-cuneiform.md	machine-initial-v1	visual-balanced-unicode-block-v1
𒍮	U+1236E	CUNEIFORM SIGN ZUM	Lo	cuneiform	mw	23	h	枝杈	s	0	s	对称	mwhs	cuneiform视觉聚类C23;状态组S0	false	0.646778	1.1163	0.2091	30_项目/个人Unicode音型输入法/数据/unicode全字符/plane-01-Supplementary Multilingual Plane/block-u12000-u123ff-cuneiform.md	machine-initial-v1	visual-balanced-unicode-block-v1
𒍯	U+1236F	CUNEIFORM SIGN KAP ELAMITE	Lo	cuneiform	mw	11	w	波浪流线	s	1	g	缺口开放	mwwg	cuneiform视觉聚类C11;状态组S1	true	0.532070	2.1408	0.1931	30_项目/个人Unicode音型输入法/数据/unicode全字符/plane-01-Supplementary Multilingual Plane/block-u12000-u123ff-cuneiform.md	machine-initial-v1	visual-balanced-unicode-block-v1
𒍰	U+12370	CUNEIFORM SIGN AB TIMES NUN	Lo	cuneiform	mw	25	q	其他	s	0	w	宽展	mwqw	cuneiform视觉聚类C25;状态组S0	true	0.324296	1.9259	0.2126	30_项目/个人Unicode音型输入法/数据/unicode全字符/plane-01-Supplementary Multilingual Plane/block-u12000-u123ff-cuneiform.md	machine-initial-v1	visual-balanced-unicode-block-v1
𒍱	U+12371	CUNEIFORM SIGN AB2 TIMES A	Lo	cuneiform	mw	24	c	曲弧	s	0	s	对称	mwcs	cuneiform视觉聚类C24;状态组S0	false	0.319961	1.6071	0.1787	30_项目/个人Unicode音型输入法/数据/unicode全字符/plane-01-Supplementary Multilingual Plane/block-u12000-u123ff-cuneiform.md	machine-initial-v1	visual-balanced-unicode-block-v1
𒍲	U+12372	CUNEIFORM SIGN AMAR TIMES KUG	Lo	cuneiform	mw	5	g	动物有机体	s	0	s	对称	mwgs	cuneiform视觉聚类C5;状态组S0	false	0.585492	1.3735	0.1798	30_项目/个人Unicode音型输入法/数据/unicode全字符/plane-01-Supplementary Multilingual Plane/block-u12000-u123ff-cuneiform.md	machine-initial-v1	visual-balanced-unicode-block-v1
𒍳	U+12373	CUNEIFORM SIGN DAG KISIM5 TIMES U2 PLUS MASH	Lo	cuneiform	mw	19	a	角折	s	0	w	宽展	mwaw	cuneiform视觉聚类C19;状态组S0	true	0.124711	2.4167	0.2343	30_项目/个人Unicode音型输入法/数据/unicode全字符/plane-01-Supplementary Multilingual Plane/block-u12000-u123ff-cuneiform.md	machine-initial-v1	visual-balanced-unicode-block-v1
𒍴	U+12374	CUNEIFORM SIGN DAG3	Lo	cuneiform	mw	20	e	椭圆	s	1	z	层叠错列	mwez	cuneiform视觉聚类C20;状态组S1	true	0.384542	1.6761	0.2237	30_项目/个人Unicode音型输入法/数据/unicode全字符/plane-01-Supplementary Multilingual Plane/block-u12000-u123ff-cuneiform.md	machine-initial-v1	visual-balanced-unicode-block-v1
𒍵	U+12375	CUNEIFORM SIGN DISH PLUS SHU	Lo	cuneiform	mw	3	i	细柱	s	1	s	对称	mwis	cuneiform视觉聚类C3;状态组S1	false	0.904029	1.2394	0.3011	30_项目/个人Unicode音型输入法/数据/unicode全字符/plane-01-Supplementary Multilingual Plane/block-u12000-u123ff-cuneiform.md	machine-initial-v1	visual-balanced-unicode-block-v1
𒍶	U+12376	CUNEIFORM SIGN DUB TIMES SHE	Lo	cuneiform	mw	15	u	容器U形	s	1	f	实心高填充	mwuf	cuneiform视觉聚类C15;状态组S1	true	0.097350	1.5429	0.3394	30_项目/个人Unicode音型输入法/数据/unicode全字符/plane-01-Supplementary Multilingual Plane/block-u12000-u123ff-cuneiform.md	machine-initial-v1	visual-balanced-unicode-block-v1
𒍷	U+12377	CUNEIFORM SIGN EZEN TIMES GUD	Lo	cuneiform	mw	21	b	块面	s	1	w	宽展	mwbw	cuneiform视觉聚类C21;状态组S1	true	0.284884	1.9701	0.2320	30_项目/个人Unicode音型输入法/数据/unicode全字符/plane-01-Supplementary Multilingual Plane/block-u12000-u123ff-cuneiform.md	machine-initial-v1	visual-balanced-unicode-block-v1
𒍸	U+12378	CUNEIFORM SIGN EZEN TIMES SHE	Lo	cuneiform	mw	21	b	块面	s	1	w	宽展	mwbw	cuneiform视觉聚类C21;状态组S1	true	0.287748	1.9701	0.2485	30_项目/个人Unicode音型输入法/数据/unicode全字符/plane-01-Supplementary Multilingual Plane/block-u12000-u123ff-cuneiform.md	machine-initial-v1	visual-balanced-unicode-block-v1
𒍹	U+12379	CUNEIFORM SIGN GA2 TIMES AN PLUS KAK PLUS A	Lo	cuneiform	mw	11	w	波浪流线	s	1	g	缺口开放	mwwg	cuneiform视觉聚类C11;状态组S1	true	0.403397	1.5862	0.2361	30_项目/个人Unicode音型输入法/数据/unicode全字符/plane-01-Supplementary Multilingual Plane/block-u12000-u123ff-cuneiform.md	machine-initial-v1	visual-balanced-unicode-block-v1
𒍺	U+1237A	CUNEIFORM SIGN GA2 TIMES ASH2	Lo	cuneiform	mw	4	n	成列成排	s	0	g	缺口开放	mwng	cuneiform视觉聚类C4;状态组S0	true	0.498564	1.2414	0.2499	30_项目/个人Unicode音型输入法/数据/unicode全字符/plane-01-Supplementary Multilingual Plane/block-u12000-u123ff-cuneiform.md	machine-initial-v1	visual-balanced-unicode-block-v1
𒍻	U+1237B	CUNEIFORM SIGN GE22	Lo	cuneiform	mw	24	c	曲弧	s	1	w	宽展	mwcw	cuneiform视觉聚类C24;状态组S1	true	0.602878	1.2414	0.0888	30_项目/个人Unicode音型输入法/数据/unicode全字符/plane-01-Supplementary Multilingual Plane/block-u12000-u123ff-cuneiform.md	machine-initial-v1	visual-balanced-unicode-block-v1
𒍼	U+1237C	CUNEIFORM SIGN GIG	Lo	cuneiform	mw	21	b	块面	s	1	w	宽展	mwbw	cuneiform视觉聚类C21;状态组S1	true	0.422819	1.6321	0.1734	30_项目/个人Unicode音型输入法/数据/unicode全字符/plane-01-Supplementary Multilingual Plane/block-u12000-u123ff-cuneiform.md	machine-initial-v1	visual-balanced-unicode-block-v1
𒍽	U+1237D	CUNEIFORM SIGN HUSH	Lo	cuneiform	mw	20	e	椭圆	s	0	s	对称	mwes	cuneiform视觉聚类C20;状态组S0	false	0.314941	1.6986	0.1933	30_项目/个人Unicode音型输入法/数据/unicode全字符/plane-01-Supplementary Multilingual Plane/block-u12000-u123ff-cuneiform.md	machine-initial-v1	visual-balanced-unicode-block-v1
𒍾	U+1237E	CUNEIFORM SIGN KA TIMES ANSHE	Lo	cuneiform	mw	0	x	交叉	s	1	s	对称	mwxs	cuneiform视觉聚类C0;状态组S1	false	0.009201	1.6667	0.2620	30_项目/个人Unicode音型输入法/数据/unicode全字符/plane-01-Supplementary Multilingual Plane/block-u12000-u123ff-cuneiform.md	machine-initial-v1	visual-balanced-unicode-block-v1
𒍿	U+1237F	CUNEIFORM SIGN KA TIMES ASH3	Lo	cuneiform	mw	7	r	放射星芒	s	0	s	对称	mwrs	cuneiform视觉聚类C7;状态组S0	false	0.126238	1.6667	0.2488	30_项目/个人Unicode音型输入法/数据/unicode全字符/plane-01-Supplementary Multilingual Plane/block-u12000-u123ff-cuneiform.md	machine-initial-v1	visual-balanced-unicode-block-v1
𒎀	U+12380	CUNEIFORM SIGN KA TIMES GISH	Lo	cuneiform	mw	10	t	三角尖形	s	0	s	对称	mwts	cuneiform视觉聚类C10;状态组S0	false	0.391591	1.6667	0.2476	30_项目/个人Unicode音型输入法/数据/unicode全字符/plane-01-Supplementary Multilingual Plane/block-u12000-u123ff-cuneiform.md	machine-initial-v1	visual-balanced-unicode-block-v1
𒎁	U+12381	CUNEIFORM SIGN KA TIMES GUD	Lo	cuneiform	mw	0	x	交叉	s	1	s	对称	mwxs	cuneiform视觉聚类C0;状态组S1	false	0.011844	1.6667	0.2505	30_项目/个人Unicode音型输入法/数据/unicode全字符/plane-01-Supplementary Multilingual Plane/block-u12000-u123ff-cuneiform.md	machine-initial-v1	visual-balanced-unicode-block-v1
𒎂	U+12382	CUNEIFORM SIGN KA TIMES HI TIMES ASH2	Lo	cuneiform	mw	0	x	交叉	s	1	s	对称	mwxs	cuneiform视觉聚类C0;状态组S1	false	0.012183	1.6667	0.2532	30_项目/个人Unicode音型输入法/数据/unicode全字符/plane-01-Supplementary Multilingual Plane/block-u12000-u123ff-cuneiform.md	machine-initial-v1	visual-balanced-unicode-block-v1
𒎃	U+12383	CUNEIFORM SIGN KA TIMES LUM	Lo	cuneiform	mw	0	x	交叉	s	0	z	层叠错列	mwxz	cuneiform视觉聚类C0;状态组S0	true	0.017774	1.6667	0.2640	30_项目/个人Unicode音型输入法/数据/unicode全字符/plane-01-Supplementary Multilingual Plane/block-u12000-u123ff-cuneiform.md	machine-initial-v1	visual-balanced-unicode-block-v1
𒎄	U+12384	CUNEIFORM SIGN KA TIMES PA	Lo	cuneiform	mw	7	r	放射星芒	s	0	s	对称	mwrs	cuneiform视觉聚类C7;状态组S0	false	0.126055	1.6667	0.2560	30_项目/个人Unicode音型输入法/数据/unicode全字符/plane-01-Supplementary Multilingual Plane/block-u12000-u123ff-cuneiform.md	machine-initial-v1	visual-balanced-unicode-block-v1
𒎅	U+12385	CUNEIFORM SIGN KA TIMES SHUL	Lo	cuneiform	mw	7	r	放射星芒	s	0	s	对称	mwrs	cuneiform视觉聚类C7;状态组S0	false	0.139756	1.6667	0.2673	30_项目/个人Unicode音型输入法/数据/unicode全字符/plane-01-Supplementary Multilingual Plane/block-u12000-u123ff-cuneiform.md	machine-initial-v1	visual-balanced-unicode-block-v1
𒎆	U+12386	CUNEIFORM SIGN KA TIMES TU	Lo	cuneiform	mw	0	x	交叉	s	0	z	层叠错列	mwxz	cuneiform视觉聚类C0;状态组S0	true	0.012743	1.6667	0.2635	30_项目/个人Unicode音型输入法/数据/unicode全字符/plane-01-Supplementary Multilingual Plane/block-u12000-u123ff-cuneiform.md	machine-initial-v1	visual-balanced-unicode-block-v1
𒎇	U+12387	CUNEIFORM SIGN KA TIMES UR2	Lo	cuneiform	mw	0	x	交叉	s	0	z	层叠错列	mwxz	cuneiform视觉聚类C0;状态组S0	true	0.014535	1.6667	0.2512	30_项目/个人Unicode音型输入法/数据/unicode全字符/plane-01-Supplementary Multilingual Plane/block-u12000-u123ff-cuneiform.md	machine-initial-v1	visual-balanced-unicode-block-v1
𒎈	U+12388	CUNEIFORM SIGN LAGAB TIMES GI	Lo	cuneiform	mw	17	j	钩弯	s	0	s	对称	mwjs	cuneiform视觉聚类C17;状态组S0	false	0.619604	1.1571	0.2808	30_项目/个人Unicode音型输入法/数据/unicode全字符/plane-01-Supplementary Multilingual Plane/block-u12000-u123ff-cuneiform.md	machine-initial-v1	visual-balanced-unicode-block-v1
𒎉	U+12389	CUNEIFORM SIGN LU2 SHESHIG TIMES BAD	Lo	cuneiform	mw	24	c	曲弧	s	1	w	宽展	mwcw	cuneiform视觉聚类C24;状态组S1	true	0.203611	1.7176	0.1645	30_项目/个人Unicode音型输入法/数据/unicode全字符/plane-01-Supplementary Multilingual Plane/block-u12000-u123ff-cuneiform.md	machine-initial-v1	visual-balanced-unicode-block-v1
𒎊	U+1238A	CUNEIFORM SIGN LU2 TIMES ESH2 PLUS LAL	Lo	cuneiform	mw	24	c	曲弧	s	1	w	宽展	mwcw	cuneiform视觉聚类C24;状态组S1	true	0.244934	1.7349	0.2352	30_项目/个人Unicode音型输入法/数据/unicode全字符/plane-01-Supplementary Multilingual Plane/block-u12000-u123ff-cuneiform.md	machine-initial-v1	visual-balanced-unicode-block-v1
𒎋	U+1238B	CUNEIFORM SIGN LU2 TIMES SHU	Lo	cuneiform	mw	24	c	曲弧	s	1	w	宽展	mwcw	cuneiform视觉聚类C24;状态组S1	true	0.211627	1.8000	0.2192	30_项目/个人Unicode音型输入法/数据/unicode全字符/plane-01-Supplementary Multilingual Plane/block-u12000-u123ff-cuneiform.md	machine-initial-v1	visual-balanced-unicode-block-v1
𒎌	U+1238C	CUNEIFORM SIGN MESH	Lo	cuneiform	mw	16	d	点状	s	1	w	宽展	mwdw	cuneiform视觉聚类C16;状态组S1	true	0.481987	1.5000	0.1758	30_项目/个人Unicode音型输入法/数据/unicode全字符/plane-01-Supplementary Multilingual Plane/block-u12000-u123ff-cuneiform.md	machine-initial-v1	visual-balanced-unicode-block-v1
𒎍	U+1238D	CUNEIFORM SIGN MUSH3 TIMES ZA	Lo	cuneiform	mw	11	w	波浪流线	s	1	g	缺口开放	mwwg	cuneiform视觉聚类C11;状态组S1	true	0.394192	1.3974	0.2301	30_项目/个人Unicode音型输入法/数据/unicode全字符/plane-01-Supplementary Multilingual Plane/block-u12000-u123ff-cuneiform.md	machine-initial-v1	visual-balanced-unicode-block-v1
𒎎	U+1238E	CUNEIFORM SIGN NA4	Lo	cuneiform	mw	25	q	其他	s	1	s	对称	mwqs	cuneiform视觉聚类C25;状态组S1	false	0.250172	1.6901	0.1602	30_项目/个人Unicode音型输入法/数据/unicode全字符/plane-01-Supplementary Multilingual Plane/block-u12000-u123ff-cuneiform.md	machine-initial-v1	visual-balanced-unicode-block-v1
𒎏	U+1238F	CUNEIFORM SIGN NIN	Lo	cuneiform	mw	20	e	椭圆	s	0	s	对称	mwes	cuneiform视觉聚类C20;状态组S0	false	0.278567	1.5857	0.2440	30_项目/个人Unicode音型输入法/数据/unicode全字符/plane-01-Supplementary Multilingual Plane/block-u12000-u123ff-cuneiform.md	machine-initial-v1	visual-balanced-unicode-block-v1
𒎐	U+12390	CUNEIFORM SIGN NIN9	Lo	cuneiform	mw	20	e	椭圆	s	0	s	对称	mwes	cuneiform视觉聚类C20;状态组S0	false	0.281703	1.5857	0.2275	30_项目/个人Unicode音型输入法/数据/unicode全字符/plane-01-Supplementary Multilingual Plane/block-u12000-u123ff-cuneiform.md	machine-initial-v1	visual-balanced-unicode-block-v1
𒎑	U+12391	CUNEIFORM SIGN NINDA2 TIMES BAL	Lo	cuneiform	mw	1	l	线条	s	0	s	对称	mwls	cuneiform视觉聚类C1;状态组S0	false	0.260041	1.9571	0.2004	30_项目/个人Unicode音型输入法/数据/unicode全字符/plane-01-Supplementary Multilingual Plane/block-u12000-u123ff-cuneiform.md	machine-initial-v1	visual-balanced-unicode-block-v1
𒎒	U+12392	CUNEIFORM SIGN NINDA2 TIMES GI	Lo	cuneiform	mw	8	m	复合	s	0	s	对称	mwms	cuneiform视觉聚类C8;状态组S0	false	0.408942	1.6857	0.1944	30_项目/个人Unicode音型输入法/数据/unicode全字符/plane-01-Supplementary Multilingual Plane/block-u12000-u123ff-cuneiform.md	machine-initial-v1	visual-balanced-unicode-block-v1
𒎓	U+12393	CUNEIFORM SIGN NU11 ROTATED NINETY DEGREES	Lo	cuneiform	mw	12	k	绳结	s	0	s	对称	mwks	cuneiform视觉聚类C12;状态组S0	false	0.349608	0.8750	0.1615	30_项目/个人Unicode音型输入法/数据/unicode全字符/plane-01-Supplementary Multilingual Plane/block-u12000-u123ff-cuneiform.md	machine-initial-v1	visual-balanced-unicode-block-v1
𒎔	U+12394	CUNEIFORM SIGN PESH2 ASTERISK	Lo	cuneiform	mw	23	h	枝杈	s	1	o	外包	mwho	cuneiform视觉聚类C23;状态组S1	true	0.541526	2.3875	0.2488	30_项目/个人Unicode音型输入法/数据/unicode全字符/plane-01-Supplementary Multilingual Plane/block-u12000-u123ff-cuneiform.md	machine-initial-v1	visual-balanced-unicode-block-v1
𒎕	U+12395	CUNEIFORM SIGN PIR2	Lo	cuneiform	mw	18	p	螺旋回环	s	1	s	对称	mwps	cuneiform视觉聚类C18;状态组S1	false	0.455883	0.8243	0.1930	30_项目/个人Unicode音型输入法/数据/unicode全字符/plane-01-Supplementary Multilingual Plane/block-u12000-u123ff-cuneiform.md	machine-initial-v1	visual-balanced-unicode-block-v1
𒎖	U+12396	CUNEIFORM SIGN SAG TIMES IGI GUNU	Lo	cuneiform	mw	10	t	三角尖形	s	0	s	对称	mwts	cuneiform视觉聚类C10;状态组S0	false	0.411162	1.6667	0.2369	30_项目/个人Unicode音型输入法/数据/unicode全字符/plane-01-Supplementary Multilingual Plane/block-u12000-u123ff-cuneiform.md	machine-initial-v1	visual-balanced-unicode-block-v1
𒎗	U+12397	CUNEIFORM SIGN TI2	Lo	cuneiform	mw	8	m	复合	s	0	s	对称	mwms	cuneiform视觉聚类C8;状态组S0	false	1.211819	1.1831	0.1796	30_项目/个人Unicode音型输入法/数据/unicode全字符/plane-01-Supplementary Multilingual Plane/block-u12000-u123ff-cuneiform.md	machine-initial-v1	visual-balanced-unicode-block-v1
𒎘	U+12398	CUNEIFORM SIGN UM TIMES ME	Lo	cuneiform	mw	8	m	复合	s	1	o	外包	mwmo	cuneiform视觉聚类C8;状态组S1	true	0.464893	1.4861	0.2374	30_项目/个人Unicode音型输入法/数据/unicode全字符/plane-01-Supplementary Multilingual Plane/block-u12000-u123ff-cuneiform.md	machine-initial-v1	visual-balanced-unicode-block-v1
𒎙	U+12399	CUNEIFORM SIGN U U	Lo	cuneiform	mw	16	d	点状	s	0	s	对称	mwds	cuneiform视觉聚类C16;状态组S0	false	0.791304	1.0417	0.1806	30_项目/个人Unicode音型输入法/数据/unicode全字符/plane-01-Supplementary Multilingual Plane/block-u12000-u123ff-cuneiform.md	machine-initial-v1	visual-balanced-unicode-block-v1
