char	codepoint	unicode_name	gardiner	prefix	visual_cluster	main_key	main_shape	preferred_state_key	state_cluster	state_key	state_shape	input_code	classification_reason	rebalanced	cluster_distance	aspect	density	components	largest_hole_ratio	vertical_symmetry	horizontal_symmetry	source	status	algorithm
𓀀	U+13000	EGYPTIAN HIEROGLYPH A001	A001	jj	14	f	人物轮廓	s	7	c	闭合	jjfc	jj:生命形（人物、人体、动物、鸟、鱼）;视觉聚类C14→f;族内视觉组S7;组状态首选s;唯一键平衡→c	true	0.343164	0.8229	0.1656	1	0.1030	0.7629	0.7453	30_项目/个人Unicode音型输入法/数据/𓆟Egyptian Hieroglyph字块.md	machine-initial-v3	visual-balanced-4prefix-v3
𓀁	U+13001	EGYPTIAN HIEROGLYPH A002	A002	jj	14	f	人物轮廓	s	7	c	闭合	jjfc	jj:生命形（人物、人体、动物、鸟、鱼）;视觉聚类C14→f;族内视觉组S7;组状态首选s;唯一键平衡→c	true	0.353680	0.8125	0.1668	1	0.1279	0.7674	0.7465	30_项目/个人Unicode音型输入法/数据/𓆟Egyptian Hieroglyph字块.md	machine-initial-v3	visual-balanced-4prefix-v3
𓀂	U+13002	EGYPTIAN HIEROGLYPH A003	A003	jj	14	f	人物轮廓	s	0	x	穿过交叠	jjfx	jj:生命形（人物、人体、动物、鸟、鱼）;视觉聚类C14→f;族内视觉组S0;组状态首选s;唯一键平衡→x	true	0.360740	0.8229	0.1570	1	0.0926	0.7743	0.7518	30_项目/个人Unicode音型输入法/数据/𓆟Egyptian Hieroglyph字块.md	machine-initial-v3	visual-balanced-4prefix-v3
𓀃	U+13003	EGYPTIAN HIEROGLYPH A004	A004	jj	14	f	人物轮廓	s	5	a	偏置不对称	jjfa	jj:生命形（人物、人体、动物、鸟、鱼）;视觉聚类C14→f;族内视觉组S5;组状态首选s;唯一键平衡→a	true	0.377474	0.7708	0.1858	1	0.0749	0.7534	0.7100	30_项目/个人Unicode音型输入法/数据/𓆟Egyptian Hieroglyph字块.md	machine-initial-v3	visual-balanced-4prefix-v3
𓀄	U+13004	EGYPTIAN HIEROGLYPH A005	A005	jj	12	k	绳结	s	2	m	重复多部件	jjkm	jj:生命形（人物、人体、动物、鸟、鱼）;视觉聚类C12→k;族内视觉组S2;组状态首选s;唯一键平衡→m	true	0.545341	0.8125	0.1795	2	0.0422	0.7388	0.7276	30_项目/个人Unicode音型输入法/数据/𓆟Egyptian Hieroglyph字块.md	machine-initial-v3	visual-balanced-4prefix-v3
𓀅	U+13005	EGYPTIAN HIEROGLYPH A005A	A005a	jj	14	f	人物轮廓	s	4	w	宽展	jjfw	jj:生命形（人物、人体、动物、鸟、鱼）;视觉聚类C14→f;族内视觉组S4;组状态首选s;唯一键平衡→w	true	0.544937	0.7917	0.2026	2	0.0507	0.7385	0.7067	30_项目/个人Unicode音型输入法/数据/𓆟Egyptian Hieroglyph字块.md	machine-initial-v3	visual-balanced-4prefix-v3
𓀆	U+13006	EGYPTIAN HIEROGLYPH A006	A006	jj	14	f	人物轮廓	s	4	w	宽展	jjfw	jj:生命形（人物、人体、动物、鸟、鱼）;视觉聚类C14→f;族内视觉组S4;组状态首选s;唯一键平衡→w	true	0.482152	0.8021	0.1929	1	0.0472	0.7457	0.7056	30_项目/个人Unicode音型输入法/数据/𓆟Egyptian Hieroglyph字块.md	machine-initial-v3	visual-balanced-4prefix-v3
𓀇	U+13007	EGYPTIAN HIEROGLYPH A006A	A006a	jj	8	m	复合	s	0	b	下重	jjmb	jj:生命形（人物、人体、动物、鸟、鱼）;视觉聚类C8→m;族内视觉组S0;组状态首选s;唯一键平衡→b	true	0.560849	0.8854	0.1741	2	0.0418	0.7375	0.7189	30_项目/个人Unicode音型输入法/数据/𓆟Egyptian Hieroglyph字块.md	machine-initial-v3	visual-balanced-4prefix-v3
𓀈	U+13008	EGYPTIAN HIEROGLYPH A006B	A006b	jj	8	m	复合	s	0	b	下重	jjmb	jj:生命形（人物、人体、动物、鸟、鱼）;视觉聚类C8→m;族内视觉组S0;组状态首选s;唯一键平衡→b	true	0.564169	0.8854	0.1630	2	0.0415	0.7507	0.7397	30_项目/个人Unicode音型输入法/数据/𓆟Egyptian Hieroglyph字块.md	machine-initial-v3	visual-balanced-4prefix-v3
𓀉	U+13009	EGYPTIAN HIEROGLYPH A007	A007	jj	8	m	复合	s	0	b	下重	jjmb	jj:生命形（人物、人体、动物、鸟、鱼）;视觉聚类C8→m;族内视觉组S0;组状态首选s;唯一键平衡→b	true	0.555741	1.0208	0.1362	1	0.0987	0.7689	0.7672	30_项目/个人Unicode音型输入法/数据/𓆟Egyptian Hieroglyph字块.md	machine-initial-v3	visual-balanced-4prefix-v3
𓀊	U+1300A	EGYPTIAN HIEROGLYPH A008	A008	jj	12	k	绳结	s	4	x	穿过交叠	jjkx	jj:生命形（人物、人体、动物、鸟、鱼）;视觉聚类C12→k;族内视觉组S4;组状态首选s;唯一键平衡→x	true	0.547650	0.8646	0.1453	1	0.0855	0.7771	0.7610	30_项目/个人Unicode音型输入法/数据/𓆟Egyptian Hieroglyph字块.md	machine-initial-v3	visual-balanced-4prefix-v3
𓀋	U+1300B	EGYPTIAN HIEROGLYPH A009	A009	jj	14	f	人物轮廓	s	7	c	闭合	jjfc	jj:生命形（人物、人体、动物、鸟、鱼）;视觉聚类C14→f;族内视觉组S7;组状态首选s;唯一键平衡→c	true	0.381954	0.7292	0.1787	1	0.1064	0.7461	0.7336	30_项目/个人Unicode音型输入法/数据/𓆟Egyptian Hieroglyph字块.md	machine-initial-v3	visual-balanced-4prefix-v3
𓀌	U+1300C	EGYPTIAN HIEROGLYPH A010	A010	jj	7	r	放射星芒	s	3	c	闭合	jjrc	jj:生命形（人物、人体、动物、鸟、鱼）;视觉聚类C7→r;族内视觉组S3;组状态首选s;唯一键平衡→c	true	0.714517	0.9583	0.1847	2	0.0877	0.7140	0.7298	30_项目/个人Unicode音型输入法/数据/𓆟Egyptian Hieroglyph字块.md	machine-initial-v3	visual-balanced-4prefix-v3
𓀍	U+1300D	EGYPTIAN HIEROGLYPH A011	A011	jj	14	f	人物轮廓	s	1	k	钩尾	jjfk	jj:生命形（人物、人体、动物、鸟、鱼）;视觉聚类C14→f;族内视觉组S1;组状态首选s;唯一键平衡→k	true	0.507462	0.8542	0.1875	1	0.0526	0.7409	0.7160	30_项目/个人Unicode音型输入法/数据/𓆟Egyptian Hieroglyph字块.md	machine-initial-v3	visual-balanced-4prefix-v3
𓀎	U+1300E	EGYPTIAN HIEROGLYPH A012	A012	jj	14	f	人物轮廓	s	6	g	缺口开放	jjfg	jj:生命形（人物、人体、动物、鸟、鱼）;视觉聚类C14→f;族内视觉组S6;组状态首选s;唯一键平衡→g	true	0.517857	0.7812	0.1810	1	0.0488	0.7125	0.7558	30_项目/个人Unicode音型输入法/数据/𓆟Egyptian Hieroglyph字块.md	machine-initial-v3	visual-balanced-4prefix-v3
𓀏	U+1300F	EGYPTIAN HIEROGLYPH A013	A013	jj	14	f	人物轮廓	o	3	o	外包	jjfo	jj:生命形（人物、人体、动物、鸟、鱼）;视觉聚类C14→f;族内视觉组S3;组状态首选o;采用首选→o	false	0.515109	0.8750	0.1553	2	0.0923	0.7465	0.7713	30_项目/个人Unicode音型输入法/数据/𓆟Egyptian Hieroglyph字块.md	machine-initial-v3	visual-balanced-4prefix-v3
𓀐	U+13010	EGYPTIAN HIEROGLYPH A014	A014	jj	6	z	阶梯锯齿	s	2	q	倾斜	jjzq	jj:生命形（人物、人体、动物、鸟、鱼）;视觉聚类C6→z;族内视觉组S2;组状态首选s;唯一键平衡→q	true	0.709356	1.0879	0.1353	1	0.1043	0.7507	0.7902	30_项目/个人Unicode音型输入法/数据/𓆟Egyptian Hieroglyph字块.md	machine-initial-v3	visual-balanced-4prefix-v3
𓀑	U+13011	EGYPTIAN HIEROGLYPH A014A	A014a	jj	2	y	分叉翼形	s	5	x	穿过交叠	jjyx	jj:生命形（人物、人体、动物、鸟、鱼）;视觉聚类C2→y;族内视觉组S5;组状态首选s;唯一键平衡→x	true	0.675096	0.9896	0.1362	1	0.0644	0.7636	0.7667	30_项目/个人Unicode音型输入法/数据/𓆟Egyptian Hieroglyph字块.md	machine-initial-v3	visual-balanced-4prefix-v3
𓀒	U+13012	EGYPTIAN HIEROGLYPH A015	A015	jj	22	s	方框	s	2	w	宽展	jjsw	jj:生命形（人物、人体、动物、鸟、鱼）;视觉聚类C22→s;族内视觉组S2;组状态首选s;唯一键平衡→w	true	0.386332	1.8704	0.1683	1	0.0532	0.7415	0.7426	30_项目/个人Unicode音型输入法/数据/𓆟Egyptian Hieroglyph字块.md	machine-initial-v3	visual-balanced-4prefix-v3
𓀓	U+13013	EGYPTIAN HIEROGLYPH A016	A016	jj	20	e	椭圆	s	1	e	空心低填充	jjee	jj:生命形（人物、人体、动物、鸟、鱼）;视觉聚类C20→e;族内视觉组S1;组状态首选s;唯一键平衡→e	true	0.435259	0.7292	0.1554	1	0.0641	0.7619	0.7607	30_项目/个人Unicode音型输入法/数据/𓆟Egyptian Hieroglyph字块.md	machine-initial-v3	visual-balanced-4prefix-v3
𓀔	U+13014	EGYPTIAN HIEROGLYPH A017	A017	jj	14	f	人物轮廓	s	0	x	穿过交叠	jjfx	jj:生命形（人物、人体、动物、鸟、鱼）;视觉聚类C14→f;族内视觉组S0;组状态首选s;唯一键平衡→x	true	0.397363	0.8438	0.1269	1	0.0979	0.7757	0.8104	30_项目/个人Unicode音型输入法/数据/𓆟Egyptian Hieroglyph字块.md	machine-initial-v3	visual-balanced-4prefix-v3
𓀕	U+13015	EGYPTIAN HIEROGLYPH A017A	A017a	jj	14	f	人物轮廓	s	0	x	穿过交叠	jjfx	jj:生命形（人物、人体、动物、鸟、鱼）;视觉聚类C14→f;族内视觉组S0;组状态首选s;唯一键平衡→x	true	0.410178	0.8542	0.1343	1	0.0686	0.7711	0.7752	30_项目/个人Unicode音型输入法/数据/𓆟Egyptian Hieroglyph字块.md	machine-initial-v3	visual-balanced-4prefix-v3
𓀖	U+13016	EGYPTIAN HIEROGLYPH A018	A018	jj	14	f	人物轮廓	s	8	i	内含	jjfi	jj:生命形（人物、人体、动物、鸟、鱼）;视觉聚类C14→f;族内视觉组S8;组状态首选s;唯一键平衡→i	true	0.413441	0.6979	0.1483	1	0.0418	0.7497	0.7618	30_项目/个人Unicode音型输入法/数据/𓆟Egyptian Hieroglyph字块.md	machine-initial-v3	visual-balanced-4prefix-v3
𓀗	U+13017	EGYPTIAN HIEROGLYPH A019	A019	jj	20	e	椭圆	s	1	e	空心低填充	jjee	jj:生命形（人物、人体、动物、鸟、鱼）;视觉聚类C20→e;族内视觉组S1;组状态首选s;唯一键平衡→e	true	0.400370	0.6979	0.1780	1	0.0421	0.7388	0.7373	30_项目/个人Unicode音型输入法/数据/𓆟Egyptian Hieroglyph字块.md	machine-initial-v3	visual-balanced-4prefix-v3
𓀘	U+13018	EGYPTIAN HIEROGLYPH A020	A020	jj	18	p	螺旋回环	s	4	x	穿过交叠	jjpx	jj:生命形（人物、人体、动物、鸟、鱼）;视觉聚类C18→p;族内视觉组S4;组状态首选s;唯一键平衡→x	true	0.512642	0.7292	0.1604	1	0.0510	0.7375	0.7750	30_项目/个人Unicode音型输入法/数据/𓆟Egyptian Hieroglyph字块.md	machine-initial-v3	visual-balanced-4prefix-v3
𓀙	U+13019	EGYPTIAN HIEROGLYPH A021	A021	jj	23	h	枝杈	s	2	n	狭长	jjhn	jj:生命形（人物、人体、动物、鸟、鱼）;视觉聚类C23→h;族内视觉组S2;组状态首选s;唯一键平衡→n	true	0.307558	0.6667	0.1732	1	0.0553	0.7383	0.7643	30_项目/个人Unicode音型输入法/数据/𓆟Egyptian Hieroglyph字块.md	machine-initial-v3	visual-balanced-4prefix-v3
𓀚	U+1301A	EGYPTIAN HIEROGLYPH A022	A022	jj	23	h	枝杈	s	2	n	狭长	jjhn	jj:生命形（人物、人体、动物、鸟、鱼）;视觉聚类C23→h;族内视觉组S2;组状态首选s;唯一键平衡→n	true	0.357105	0.6771	0.1938	1	0.1516	0.7260	0.7554	30_项目/个人Unicode音型输入法/数据/𓆟Egyptian Hieroglyph字块.md	machine-initial-v3	visual-balanced-4prefix-v3
𓀛	U+1301B	EGYPTIAN HIEROGLYPH A023	A023	jj	23	h	枝杈	s	2	n	狭长	jjhn	jj:生命形（人物、人体、动物、鸟、鱼）;视觉聚类C23→h;族内视觉组S2;组状态首选s;唯一键平衡→n	true	0.338867	0.6458	0.1999	1	0.0531	0.7177	0.7823	30_项目/个人Unicode音型输入法/数据/𓆟Egyptian Hieroglyph字块.md	machine-initial-v3	visual-balanced-4prefix-v3
𓀜	U+1301C	EGYPTIAN HIEROGLYPH A024	A024	jj	14	f	人物轮廓	s	2	s	对称	jjfs	jj:生命形（人物、人体、动物、鸟、鱼）;视觉聚类C14→f;族内视觉组S2;组状态首选s;采用首选→s	false	0.361075	0.6875	0.1473	1	0.0436	0.7604	0.7667	30_项目/个人Unicode音型输入法/数据/𓆟Egyptian Hieroglyph字块.md	machine-initial-v3	visual-balanced-4prefix-v3
𓀝	U+1301D	EGYPTIAN HIEROGLYPH A025	A025	jj	14	f	人物轮廓	s	2	s	对称	jjfs	jj:生命形（人物、人体、动物、鸟、鱼）;视觉聚类C14→f;族内视觉组S2;组状态首选s;采用首选→s	false	0.386256	0.7500	0.1382	1	0.0415	0.7688	0.7960	30_项目/个人Unicode音型输入法/数据/𓆟Egyptian Hieroglyph字块.md	machine-initial-v3	visual-balanced-4prefix-v3
𓀞	U+1301E	EGYPTIAN HIEROGLYPH A026	A026	jj	14	f	人物轮廓	s	2	s	对称	jjfs	jj:生命形（人物、人体、动物、鸟、鱼）;视觉聚类C14→f;族内视觉组S2;组状态首选s;采用首选→s	false	0.332262	0.6979	0.1401	1	0.0443	0.7494	0.8038	30_项目/个人Unicode音型输入法/数据/𓆟Egyptian Hieroglyph字块.md	machine-initial-v3	visual-balanced-4prefix-v3
𓀟	U+1301F	EGYPTIAN HIEROGLYPH A027	A027	jj	23	h	枝杈	s	0	x	穿过交叠	jjhx	jj:生命形（人物、人体、动物、鸟、鱼）;视觉聚类C23→h;族内视觉组S0;组状态首选s;唯一键平衡→x	true	0.335046	0.6458	0.1574	1	0.0496	0.7644	0.7745	30_项目/个人Unicode音型输入法/数据/𓆟Egyptian Hieroglyph字块.md	machine-initial-v3	visual-balanced-4prefix-v3
𓀠	U+13020	EGYPTIAN HIEROGLYPH A028	A028	jj	24	c	曲弧	s	2	s	对称	jjcs	jj:生命形（人物、人体、动物、鸟、鱼）;视觉聚类C24→c;族内视觉组S2;组状态首选s;采用首选→s	false	0.439390	0.7812	0.1325	1	0.0369	0.9128	0.8050	30_项目/个人Unicode音型输入法/数据/𓆟Egyptian Hieroglyph字块.md	machine-initial-v3	visual-balanced-4prefix-v3
𓀡	U+13021	EGYPTIAN HIEROGLYPH A029	A029	jj	24	c	曲弧	s	1	o	外包	jjco	jj:生命形（人物、人体、动物、鸟、鱼）;视觉聚类C24→c;族内视觉组S1;组状态首选s;唯一键平衡→o	true	0.409487	0.6771	0.1540	1	0.0470	0.8413	0.7760	30_项目/个人Unicode音型输入法/数据/𓆟Egyptian Hieroglyph字块.md	machine-initial-v3	visual-balanced-4prefix-v3
𓀢	U+13022	EGYPTIAN HIEROGLYPH A030	A030	jj	14	f	人物轮廓	s	4	w	宽展	jjfw	jj:生命形（人物、人体、动物、鸟、鱼）;视觉聚类C14→f;族内视觉组S4;组状态首选s;唯一键平衡→w	true	0.392113	0.6458	0.1626	1	0.0573	0.7399	0.7527	30_项目/个人Unicode音型输入法/数据/𓆟Egyptian Hieroglyph字块.md	machine-initial-v3	visual-balanced-4prefix-v3
𓀣	U+13023	EGYPTIAN HIEROGLYPH A031	A031	jj	24	c	曲弧	s	0	c	闭合	jjcc	jj:生命形（人物、人体、动物、鸟、鱼）;视觉聚类C24→c;族内视觉组S0;组状态首选s;唯一键平衡→c	true	0.343809	0.6250	0.1550	1	0.0488	0.7497	0.7580	30_项目/个人Unicode音型输入法/数据/𓆟Egyptian Hieroglyph字块.md	machine-initial-v3	visual-balanced-4prefix-v3
𓀤	U+13024	EGYPTIAN HIEROGLYPH A032	A032	jj	12	k	绳结	s	5	o	外包	jjko	jj:生命形（人物、人体、动物、鸟、鱼）;视觉聚类C12→k;族内视觉组S5;组状态首选s;唯一键平衡→o	true	0.349256	0.6562	0.1559	1	0.0521	0.7702	0.7708	30_项目/个人Unicode音型输入法/数据/𓆟Egyptian Hieroglyph字块.md	machine-initial-v3	visual-balanced-4prefix-v3
𓀥	U+13025	EGYPTIAN HIEROGLYPH A032A	A032a	jj	2	y	分叉翼形	s	2	c	闭合	jjyc	jj:生命形（人物、人体、动物、鸟、鱼）;视觉聚类C2→y;族内视觉组S2;组状态首选s;唯一键平衡→c	true	0.410973	0.6458	0.1509	1	0.0491	0.7628	0.7883	30_项目/个人Unicode音型输入法/数据/𓆟Egyptian Hieroglyph字块.md	machine-initial-v3	visual-balanced-4prefix-v3
𓀦	U+13026	EGYPTIAN HIEROGLYPH A033	A033	jj	12	k	绳结	s	5	o	外包	jjko	jj:生命形（人物、人体、动物、鸟、鱼）;视觉聚类C12→k;族内视觉组S5;组状态首选s;唯一键平衡→o	true	0.321213	0.7396	0.1344	1	0.0447	0.8151	0.7764	30_项目/个人Unicode音型输入法/数据/𓆟Egyptian Hieroglyph字块.md	machine-initial-v3	visual-balanced-4prefix-v3
𓀧	U+13027	EGYPTIAN HIEROGLYPH A034	A034	jj	14	f	人物轮廓	s	4	w	宽展	jjfw	jj:生命形（人物、人体、动物、鸟、鱼）;视觉聚类C14→f;族内视觉组S4;组状态首选s;唯一键平衡→w	true	0.331713	0.6562	0.1804	1	0.1306	0.7507	0.7510	30_项目/个人Unicode音型输入法/数据/𓆟Egyptian Hieroglyph字块.md	machine-initial-v3	visual-balanced-4prefix-v3
𓀨	U+13028	EGYPTIAN HIEROGLYPH A035	A035	jj	15	u	容器U形	i	2	i	内含	jjui	jj:生命形（人物、人体、动物、鸟、鱼）;视觉聚类C15→u;族内视觉组S2;组状态首选i;采用首选→i	false	0.678524	0.7292	0.2185	1	0.1673	0.7101	0.7935	30_项目/个人Unicode音型输入法/数据/𓆟Egyptian Hieroglyph字块.md	machine-initial-v3	visual-balanced-4prefix-v3
𓀩	U+13029	EGYPTIAN HIEROGLYPH A036	A036	jj	8	m	复合	s	3	o	外包	jjmo	jj:生命形（人物、人体、动物、鸟、鱼）;视觉聚类C8→m;族内视觉组S3;组状态首选s;唯一键平衡→o	true	0.528571	0.8750	0.1621	1	0.0515	0.7334	0.7507	30_项目/个人Unicode音型输入法/数据/𓆟Egyptian Hieroglyph字块.md	machine-initial-v3	visual-balanced-4prefix-v3
𓀪	U+1302A	EGYPTIAN HIEROGLYPH A037	A037	jj	2	y	分叉翼形	s	6	i	内含	jjyi	jj:生命形（人物、人体、动物、鸟、鱼）;视觉聚类C2→y;族内视觉组S6;组状态首选s;唯一键平衡→i	true	0.622066	1.0000	0.1415	1	0.1242	0.8520	0.7795	30_项目/个人Unicode音型输入法/数据/𓆟Egyptian Hieroglyph字块.md	machine-initial-v3	visual-balanced-4prefix-v3
𓀫	U+1302B	EGYPTIAN HIEROGLYPH A038	A038	jj	0	x	交叉	s	1	s	对称	jjxs	jj:生命形（人物、人体、动物、鸟、鱼）;视觉聚类C0→x;族内视觉组S1;组状态首选s;采用首选→s	false	0.827387	1.0312	0.1637	1	0.1430	0.8699	0.7319	30_项目/个人Unicode音型输入法/数据/𓆟Egyptian Hieroglyph字块.md	machine-initial-v3	visual-balanced-4prefix-v3
𓀬	U+1302C	EGYPTIAN HIEROGLYPH A039	A039	jj	7	r	放射星芒	s	5	s	对称	jjrs	jj:生命形（人物、人体、动物、鸟、鱼）;视觉聚类C7→r;族内视觉组S5;组状态首选s;采用首选→s	false	0.897020	1.0417	0.1975	1	0.0535	0.9400	0.7396	30_项目/个人Unicode音型输入法/数据/𓆟Egyptian Hieroglyph字块.md	machine-initial-v3	visual-balanced-4prefix-v3
𓀭	U+1302D	EGYPTIAN HIEROGLYPH A040	A040	jj	14	f	人物轮廓	o	3	o	外包	jjfo	jj:生命形（人物、人体、动物、鸟、鱼）;视觉聚类C14→f;族内视觉组S3;组状态首选o;采用首选→o	false	0.278285	0.6979	0.1234	2	0.2229	0.8131	0.8022	30_项目/个人Unicode音型输入法/数据/𓆟Egyptian Hieroglyph字块.md	machine-initial-v3	visual-balanced-4prefix-v3
𓀮	U+1302E	EGYPTIAN HIEROGLYPH A040A	A040a	jj	14	f	人物轮廓	o	3	o	外包	jjfo	jj:生命形（人物、人体、动物、鸟、鱼）;视觉聚类C14→f;族内视觉组S3;组状态首选o;采用首选→o	false	0.282927	0.6979	0.1346	2	0.2229	0.8007	0.7923	30_项目/个人Unicode音型输入法/数据/𓆟Egyptian Hieroglyph字块.md	machine-initial-v3	visual-balanced-4prefix-v3
𓀯	U+1302F	EGYPTIAN HIEROGLYPH A041	A041	jj	23	h	枝杈	i	5	c	闭合	jjhc	jj:生命形（人物、人体、动物、鸟、鱼）;视觉聚类C23→h;族内视觉组S5;组状态首选i;唯一键平衡→c	true	0.221189	0.6354	0.1288	2	0.2391	0.8135	0.7964	30_项目/个人Unicode音型输入法/数据/𓆟Egyptian Hieroglyph字块.md	machine-initial-v3	visual-balanced-4prefix-v3
𓀰	U+13030	EGYPTIAN HIEROGLYPH A042	A042	jj	20	e	椭圆	s	1	e	空心低填充	jjee	jj:生命形（人物、人体、动物、鸟、鱼）;视觉聚类C20→e;族内视觉组S1;组状态首选s;唯一键平衡→e	true	0.469425	0.8542	0.1279	2	0.1782	0.8102	0.8046	30_项目/个人Unicode音型输入法/数据/𓆟Egyptian Hieroglyph字块.md	machine-initial-v3	visual-balanced-4prefix-v3
𓀱	U+13031	EGYPTIAN HIEROGLYPH A042A	A042a	jj	20	e	椭圆	s	1	e	空心低填充	jjee	jj:生命形（人物、人体、动物、鸟、鱼）;视觉聚类C20→e;族内视觉组S1;组状态首选s;唯一键平衡→e	true	0.470534	0.8542	0.1293	2	0.1782	0.8125	0.8013	30_项目/个人Unicode音型输入法/数据/𓆟Egyptian Hieroglyph字块.md	machine-initial-v3	visual-balanced-4prefix-v3
𓀲	U+13032	EGYPTIAN HIEROGLYPH A043	A043	jj	4	n	成列成排	s	1	o	外包	jjno	jj:生命形（人物、人体、动物、鸟、鱼）;视觉聚类C4→n;族内视觉组S1;组状态首选s;唯一键平衡→o	true	0.495498	0.6146	0.1111	1	0.1206	0.8125	0.8153	30_项目/个人Unicode音型输入法/数据/𓆟Egyptian Hieroglyph字块.md	machine-initial-v3	visual-balanced-4prefix-v3
𓀳	U+13033	EGYPTIAN HIEROGLYPH A043A	A043a	jj	24	c	曲弧	s	2	s	对称	jjcs	jj:生命形（人物、人体、动物、鸟、鱼）;视觉聚类C24→c;族内视觉组S2;组状态首选s;采用首选→s	false	0.226211	0.5833	0.1174	1	0.1150	0.8151	0.8092	30_项目/个人Unicode音型输入法/数据/𓆟Egyptian Hieroglyph字块.md	machine-initial-v3	visual-balanced-4prefix-v3
𓀴	U+13034	EGYPTIAN HIEROGLYPH A044	A044	jj	23	h	枝杈	s	4	s	对称	jjhs	jj:生命形（人物、人体、动物、鸟、鱼）;视觉聚类C23→h;族内视觉组S4;组状态首选s;采用首选→s	false	0.356436	0.7812	0.1132	1	0.0951	0.8381	0.8158	30_项目/个人Unicode音型输入法/数据/𓆟Egyptian Hieroglyph字块.md	machine-initial-v3	visual-balanced-4prefix-v3
𓀵	U+13035	EGYPTIAN HIEROGLYPH A045	A045	jj	24	c	曲弧	s	0	c	闭合	jjcc	jj:生命形（人物、人体、动物、鸟、鱼）;视觉聚类C24→c;族内视觉组S0;组状态首选s;唯一键平衡→c	true	0.258517	0.6458	0.1253	1	0.1169	0.8327	0.7964	30_项目/个人Unicode音型输入法/数据/𓆟Egyptian Hieroglyph字块.md	machine-initial-v3	visual-balanced-4prefix-v3
𓀶	U+13036	EGYPTIAN HIEROGLYPH A045A	A045a	jj	24	c	曲弧	s	0	c	闭合	jjcc	jj:生命形（人物、人体、动物、鸟、鱼）;视觉聚类C24→c;族内视觉组S0;组状态首选s;唯一键平衡→c	true	0.288653	0.6562	0.1316	1	0.1162	0.8132	0.7943	30_项目/个人Unicode音型输入法/数据/𓆟Egyptian Hieroglyph字块.md	machine-initial-v3	visual-balanced-4prefix-v3
𓀷	U+13037	EGYPTIAN HIEROGLYPH A046	A046	jj	23	h	枝杈	s	4	s	对称	jjhs	jj:生命形（人物、人体、动物、鸟、鱼）;视觉聚类C23→h;族内视觉组S4;组状态首选s;采用首选→s	false	0.385535	0.8125	0.1239	1	0.0935	0.8125	0.8018	30_项目/个人Unicode音型输入法/数据/𓆟Egyptian Hieroglyph字块.md	machine-initial-v3	visual-balanced-4prefix-v3
𓀸	U+13038	EGYPTIAN HIEROGLYPH A047	A047	jj	20	e	椭圆	i	0	o	外包	jjeo	jj:生命形（人物、人体、动物、鸟、鱼）;视觉聚类C20→e;族内视觉组S0;组状态首选i;唯一键平衡→o	true	0.340597	0.8542	0.1128	2	0.2139	0.8216	0.8186	30_项目/个人Unicode音型输入法/数据/𓆟Egyptian Hieroglyph字块.md	machine-initial-v3	visual-balanced-4prefix-v3
𓀹	U+13039	EGYPTIAN HIEROGLYPH A048	A048	jj	20	e	椭圆	i	0	o	外包	jjeo	jj:生命形（人物、人体、动物、鸟、鱼）;视觉聚类C20→e;族内视觉组S0;组状态首选i;唯一键平衡→o	true	0.309276	0.7292	0.1168	1	0.2399	0.8092	0.8182	30_项目/个人Unicode音型输入法/数据/𓆟Egyptian Hieroglyph字块.md	machine-initial-v3	visual-balanced-4prefix-v3
𓀺	U+1303A	EGYPTIAN HIEROGLYPH A049	A049	jj	20	e	椭圆	i	0	o	外包	jjeo	jj:生命形（人物、人体、动物、鸟、鱼）;视觉聚类C20→e;族内视觉组S0;组状态首选i;唯一键平衡→o	true	0.286389	0.7292	0.1155	1	0.2393	0.8185	0.8131	30_项目/个人Unicode音型输入法/数据/𓆟Egyptian Hieroglyph字块.md	machine-initial-v3	visual-balanced-4prefix-v3
𓀻	U+1303B	EGYPTIAN HIEROGLYPH A050	A050	jj	14	f	人物轮廓	s	8	i	内含	jjfi	jj:生命形（人物、人体、动物、鸟、鱼）;视觉聚类C14→f;族内视觉组S8;组状态首选s;唯一键平衡→i	true	0.370129	0.7917	0.1143	1	0.1017	0.8054	0.8136	30_项目/个人Unicode音型输入法/数据/𓆟Egyptian Hieroglyph字块.md	machine-initial-v3	visual-balanced-4prefix-v3
𓀼	U+1303C	EGYPTIAN HIEROGLYPH A051	A051	jj	14	f	人物轮廓	s	8	i	内含	jjfi	jj:生命形（人物、人体、动物、鸟、鱼）;视觉聚类C14→f;族内视觉组S8;组状态首选s;唯一键平衡→i	true	0.432847	0.7917	0.1595	1	0.1018	0.7670	0.7516	30_项目/个人Unicode音型输入法/数据/𓆟Egyptian Hieroglyph字块.md	machine-initial-v3	visual-balanced-4prefix-v3
𓀽	U+1303D	EGYPTIAN HIEROGLYPH A052	A052	jj	14	f	人物轮廓	s	8	i	内含	jjfi	jj:生命形（人物、人体、动物、鸟、鱼）;视觉聚类C14→f;族内视觉组S8;组状态首选s;唯一键平衡→i	true	0.459909	0.9479	0.1352	2	0.1265	0.7917	0.7914	30_项目/个人Unicode音型输入法/数据/𓆟Egyptian Hieroglyph字块.md	machine-initial-v3	visual-balanced-4prefix-v3
𓀾	U+1303E	EGYPTIAN HIEROGLYPH A053	A053	jj	24	c	曲弧	s	2	s	对称	jjcs	jj:生命形（人物、人体、动物、鸟、鱼）;视觉聚类C24→c;族内视觉组S2;组状态首选s;采用首选→s	false	0.111428	0.3854	0.1430	1	0.1230	0.7804	0.8277	30_项目/个人Unicode音型输入法/数据/𓆟Egyptian Hieroglyph字块.md	machine-initial-v3	visual-balanced-4prefix-v3
𓀿	U+1303F	EGYPTIAN HIEROGLYPH A054	A054	jj	1	l	线条	h	1	h	横向	jjlh	jj:生命形（人物、人体、动物、鸟、鱼）;视觉聚类C1→l;族内视觉组S1;组状态首选h;采用首选→h	false	0.124127	3.0606	0.1599	1	0.1362	0.8014	0.7504	30_项目/个人Unicode音型输入法/数据/𓆟Egyptian Hieroglyph字块.md	machine-initial-v3	visual-balanced-4prefix-v3
𓁀	U+13040	EGYPTIAN HIEROGLYPH A055	A055	jj	22	s	方框	s	2	w	宽展	jjsw	jj:生命形（人物、人体、动物、鸟、鱼）;视觉聚类C22→s;族内视觉组S2;组状态首选s;唯一键平衡→w	true	0.347108	1.5538	0.1085	1	0.1091	0.8788	0.8279	30_项目/个人Unicode音型输入法/数据/𓆟Egyptian Hieroglyph字块.md	machine-initial-v3	visual-balanced-4prefix-v3
𓁁	U+13041	EGYPTIAN HIEROGLYPH A056	A056	jj	14	f	人物轮廓	s	7	c	闭合	jjfc	jj:生命形（人物、人体、动物、鸟、鱼）;视觉聚类C14→f;族内视觉组S7;组状态首选s;唯一键平衡→c	true	0.361603	0.8229	0.1759	1	0.0763	0.7429	0.7300	30_项目/个人Unicode音型输入法/数据/𓆟Egyptian Hieroglyph字块.md	machine-initial-v3	visual-balanced-4prefix-v3
𓁂	U+13042	EGYPTIAN HIEROGLYPH A057	A057	jj	14	f	人物轮廓	s	4	w	宽展	jjfw	jj:生命形（人物、人体、动物、鸟、鱼）;视觉聚类C14→f;族内视觉组S4;组状态首选s;唯一键平衡→w	true	0.392970	0.7500	0.1317	1	0.0179	0.7951	0.8044	30_项目/个人Unicode音型输入法/数据/𓆟Egyptian Hieroglyph字块.md	machine-initial-v3	visual-balanced-4prefix-v3
𓁃	U+13043	EGYPTIAN HIEROGLYPH A058	A058	jj	14	f	人物轮廓	s	2	s	对称	jjfs	jj:生命形（人物、人体、动物、鸟、鱼）;视觉聚类C14→f;族内视觉组S2;组状态首选s;采用首选→s	false	0.434645	0.8021	0.1450	1	0.0353	0.7597	0.7760	30_项目/个人Unicode音型输入法/数据/𓆟Egyptian Hieroglyph字块.md	machine-initial-v3	visual-balanced-4prefix-v3
𓁄	U+13044	EGYPTIAN HIEROGLYPH A059	A059	jj	16	d	点状	s	2	v	纵向	jjdv	jj:生命形（人物、人体、动物、鸟、鱼）;视觉聚类C16→d;族内视觉组S2;组状态首选s;唯一键平衡→v	true	0.318609	0.7708	0.1257	1	0.0348	0.8111	0.8038	30_项目/个人Unicode音型输入法/数据/𓆟Egyptian Hieroglyph字块.md	machine-initial-v3	visual-balanced-4prefix-v3
𓁅	U+13045	EGYPTIAN HIEROGLYPH A060	A060	jj	16	d	点状	s	1	o	外包	jjdo	jj:生命形（人物、人体、动物、鸟、鱼）;视觉聚类C16→d;族内视觉组S1;组状态首选s;唯一键平衡→o	true	0.305203	0.7396	0.1420	12	0.0358	0.7738	0.7958	30_项目/个人Unicode音型输入法/数据/𓆟Egyptian Hieroglyph字块.md	machine-initial-v3	visual-balanced-4prefix-v3
𓁆	U+13046	EGYPTIAN HIEROGLYPH A061	A061	jj	16	d	点状	s	1	o	外包	jjdo	jj:生命形（人物、人体、动物、鸟、鱼）;视觉聚类C16→d;族内视觉组S1;组状态首选s;唯一键平衡→o	true	0.244000	0.5417	0.1667	1	0.0767	0.7724	0.7732	30_项目/个人Unicode音型输入法/数据/𓆟Egyptian Hieroglyph字块.md	machine-initial-v3	visual-balanced-4prefix-v3
𓁇	U+13047	EGYPTIAN HIEROGLYPH A062	A062	jj	16	d	点状	s	2	v	纵向	jjdv	jj:生命形（人物、人体、动物、鸟、鱼）;视觉聚类C16→d;族内视觉组S2;组状态首选s;唯一键平衡→v	true	0.292858	0.5729	0.1585	1	0.1492	0.7644	0.7739	30_项目/个人Unicode音型输入法/数据/𓆟Egyptian Hieroglyph字块.md	machine-initial-v3	visual-balanced-4prefix-v3
𓁈	U+13048	EGYPTIAN HIEROGLYPH A063	A063	jj	14	f	人物轮廓	s	0	x	穿过交叠	jjfx	jj:生命形（人物、人体、动物、鸟、鱼）;视觉聚类C14→f;族内视觉组S0;组状态首选s;唯一键平衡→x	true	0.540622	0.9149	0.1789	1	0.0593	0.7234	0.7442	30_项目/个人Unicode音型输入法/数据/𓆟Egyptian Hieroglyph字块.md	machine-initial-v3	visual-balanced-4prefix-v3
𓁉	U+13049	EGYPTIAN HIEROGLYPH A064	A064	jj	8	m	复合	s	0	b	下重	jjmb	jj:生命形（人物、人体、动物、鸟、鱼）;视觉聚类C8→m;族内视觉组S0;组状态首选s;唯一键平衡→b	true	0.571533	1.0225	0.1214	2	0.0819	0.7864	0.7871	30_项目/个人Unicode音型输入法/数据/𓆟Egyptian Hieroglyph字块.md	machine-initial-v3	visual-balanced-4prefix-v3
𓁊	U+1304A	EGYPTIAN HIEROGLYPH A065	A065	jj	23	h	枝杈	s	0	x	穿过交叠	jjhx	jj:生命形（人物、人体、动物、鸟、鱼）;视觉聚类C23→h;族内视觉组S0;组状态首选s;唯一键平衡→x	true	0.288559	0.5625	0.1869	1	0.0476	0.7188	0.7566	30_项目/个人Unicode音型输入法/数据/𓆟Egyptian Hieroglyph字块.md	machine-initial-v3	visual-balanced-4prefix-v3
𓁋	U+1304B	EGYPTIAN HIEROGLYPH A066	A066	jj	23	h	枝杈	s	2	n	狭长	jjhn	jj:生命形（人物、人体、动物、鸟、鱼）;视觉聚类C23→h;族内视觉组S2;组状态首选s;唯一键平衡→n	true	0.269968	0.6250	0.1661	1	0.0580	0.7309	0.7740	30_项目/个人Unicode音型输入法/数据/𓆟Egyptian Hieroglyph字块.md	machine-initial-v3	visual-balanced-4prefix-v3
𓁌	U+1304C	EGYPTIAN HIEROGLYPH A067	A067	jj	16	d	点状	s	2	v	纵向	jjdv	jj:生命形（人物、人体、动物、鸟、鱼）;视觉聚类C16→d;族内视觉组S2;组状态首选s;唯一键平衡→v	true	0.257343	0.5104	0.1990	1	0.0619	0.7309	0.7389	30_项目/个人Unicode音型输入法/数据/𓆟Egyptian Hieroglyph字块.md	machine-initial-v3	visual-balanced-4prefix-v3
𓁍	U+1304D	EGYPTIAN HIEROGLYPH A068	A068	jj	14	f	人物轮廓	s	2	s	对称	jjfs	jj:生命形（人物、人体、动物、鸟、鱼）;视觉聚类C14→f;族内视觉组S2;组状态首选s;采用首选→s	false	0.350570	0.7083	0.1428	1	0.0435	0.7433	0.7966	30_项目/个人Unicode音型输入法/数据/𓆟Egyptian Hieroglyph字块.md	machine-initial-v3	visual-balanced-4prefix-v3
𓁎	U+1304E	EGYPTIAN HIEROGLYPH A069	A069	jj	14	f	人物轮廓	s	7	c	闭合	jjfc	jj:生命形（人物、人体、动物、鸟、鱼）;视觉聚类C14→f;族内视觉组S7;组状态首选s;唯一键平衡→c	true	0.348664	0.8125	0.1613	1	0.1205	0.7601	0.7463	30_项目/个人Unicode音型输入法/数据/𓆟Egyptian Hieroglyph字块.md	machine-initial-v3	visual-balanced-4prefix-v3
𓁏	U+1304F	EGYPTIAN HIEROGLYPH A070	A070	jj	0	x	交叉	s	1	s	对称	jjxs	jj:生命形（人物、人体、动物、鸟、鱼）;视觉聚类C0→x;族内视觉组S1;组状态首选s;采用首选→s	false	0.846160	1.0417	0.1491	1	0.0802	0.8152	0.7735	30_项目/个人Unicode音型输入法/数据/𓆟Egyptian Hieroglyph字块.md	machine-initial-v3	visual-balanced-4prefix-v3
𓁐	U+13050	EGYPTIAN HIEROGLYPH B001	B001	jj	23	h	枝杈	i	5	c	闭合	jjhc	jj:生命形（人物、人体、动物、鸟、鱼）;视觉聚类C23→h;族内视觉组S5;组状态首选i;唯一键平衡→c	true	0.236883	0.6667	0.1239	2	0.2056	0.8031	0.7965	30_项目/个人Unicode音型输入法/数据/𓆟Egyptian Hieroglyph字块.md	machine-initial-v3	visual-balanced-4prefix-v3
𓁑	U+13051	EGYPTIAN HIEROGLYPH B002	B002	jj	20	e	椭圆	i	2	x	穿过交叠	jjex	jj:生命形（人物、人体、动物、鸟、鱼）;视觉聚类C20→e;族内视觉组S2;组状态首选i;唯一键平衡→x	true	0.448932	0.7500	0.1594	2	0.2027	0.7674	0.7587	30_项目/个人Unicode音型输入法/数据/𓆟Egyptian Hieroglyph字块.md	machine-initial-v3	visual-balanced-4prefix-v3
𓁒	U+13052	EGYPTIAN HIEROGLYPH B003	B003	jj	12	k	绳结	s	0	c	闭合	jjkc	jj:生命形（人物、人体、动物、鸟、鱼）;视觉聚类C12→k;族内视觉组S0;组状态首选s;唯一键平衡→c	true	0.470420	0.7396	0.1705	1	0.1507	0.7952	0.7471	30_项目/个人Unicode音型输入法/数据/𓆟Egyptian Hieroglyph字块.md	machine-initial-v3	visual-balanced-4prefix-v3
𓁓	U+13053	EGYPTIAN HIEROGLYPH B004	B004	jj	23	h	枝杈	s	1	o	外包	jjho	jj:生命形（人物、人体、动物、鸟、鱼）;视觉聚类C23→h;族内视觉组S1;组状态首选s;唯一键平衡→o	true	0.356558	0.6146	0.1725	1	0.1361	0.7825	0.7715	30_项目/个人Unicode音型输入法/数据/𓆟Egyptian Hieroglyph字块.md	machine-initial-v3	visual-balanced-4prefix-v3
𓁔	U+13054	EGYPTIAN HIEROGLYPH B005	B005	jj	12	k	绳结	s	2	m	重复多部件	jjkm	jj:生命形（人物、人体、动物、鸟、鱼）;视觉聚类C12→k;族内视觉组S2;组状态首选s;唯一键平衡→m	true	0.451568	0.7500	0.2115	1	0.0595	0.7297	0.7176	30_项目/个人Unicode音型输入法/数据/𓆟Egyptian Hieroglyph字块.md	machine-initial-v3	visual-balanced-4prefix-v3
𓁕	U+13055	EGYPTIAN HIEROGLYPH B005A	B005a	jj	14	f	人物轮廓	o	3	o	外包	jjfo	jj:生命形（人物、人体、动物、鸟、鱼）;视觉聚类C14→f;族内视觉组S3;组状态首选o;采用首选→o	false	0.380996	0.8438	0.1188	2	0.1555	0.8050	0.8009	30_项目/个人Unicode音型输入法/数据/𓆟Egyptian Hieroglyph字块.md	machine-initial-v3	visual-balanced-4prefix-v3
𓁖	U+13056	EGYPTIAN HIEROGLYPH B006	B006	jj	14	f	人物轮廓	s	5	a	偏置不对称	jjfa	jj:生命形（人物、人体、动物、鸟、鱼）;视觉聚类C14→f;族内视觉组S5;组状态首选s;唯一键平衡→a	true	0.532531	0.7292	0.2402	1	0.0804	0.6810	0.6970	30_项目/个人Unicode音型输入法/数据/𓆟Egyptian Hieroglyph字块.md	machine-initial-v3	visual-balanced-4prefix-v3
𓁗	U+13057	EGYPTIAN HIEROGLYPH B007	B007	jj	13	v	开口V形	s	0	s	对称	jjvs	jj:生命形（人物、人体、动物、鸟、鱼）;视觉聚类C13→v;族内视觉组S0;组状态首选s;采用首选→s	false	0.543747	0.8854	0.1330	2	0.1348	0.7743	0.7914	30_项目/个人Unicode音型输入法/数据/𓆟Egyptian Hieroglyph字块.md	machine-initial-v3	visual-balanced-4prefix-v3
𓁘	U+13058	EGYPTIAN HIEROGLYPH B008	B008	jj	14	f	人物轮廓	o	3	o	外包	jjfo	jj:生命形（人物、人体、动物、鸟、鱼）;视觉聚类C14→f;族内视觉组S3;组状态首选o;采用首选→o	false	0.351017	0.8542	0.1133	2	0.1691	0.8150	0.8003	30_项目/个人Unicode音型输入法/数据/𓆟Egyptian Hieroglyph字块.md	machine-initial-v3	visual-balanced-4prefix-v3
𓁙	U+13059	EGYPTIAN HIEROGLYPH B009	B009	jj	23	h	枝杈	s	2	n	狭长	jjhn	jj:生命形（人物、人体、动物、鸟、鱼）;视觉聚类C23→h;族内视觉组S2;组状态首选s;唯一键平衡→n	true	0.276852	0.6354	0.1513	1	0.1228	0.7630	0.8033	30_项目/个人Unicode音型输入法/数据/𓆟Egyptian Hieroglyph字块.md	machine-initial-v3	visual-balanced-4prefix-v3
𓁚	U+1305A	EGYPTIAN HIEROGLYPH C001	C001	jj	23	h	枝杈	i	6	i	内含	jjhi	jj:生命形（人物、人体、动物、鸟、鱼）;视觉聚类C23→h;族内视觉组S6;组状态首选i;采用首选→i	false	0.221736	0.6042	0.1354	2	0.1747	0.7996	0.7953	30_项目/个人Unicode音型输入法/数据/𓆟Egyptian Hieroglyph字块.md	machine-initial-v3	visual-balanced-4prefix-v3
𓁛	U+1305B	EGYPTIAN HIEROGLYPH C002	C002	jj	23	h	枝杈	i	6	i	内含	jjhi	jj:生命形（人物、人体、动物、鸟、鱼）;视觉聚类C23→h;族内视觉组S6;组状态首选i;采用首选→i	false	0.268526	0.6458	0.1472	1	0.1736	0.7776	0.7856	30_项目/个人Unicode音型输入法/数据/𓆟Egyptian Hieroglyph字块.md	machine-initial-v3	visual-balanced-4prefix-v3
𓁜	U+1305C	EGYPTIAN HIEROGLYPH C002A	C002a	jj	23	h	枝杈	i	5	c	闭合	jjhc	jj:生命形（人物、人体、动物、鸟、鱼）;视觉聚类C23→h;族内视觉组S5;组状态首选i;唯一键平衡→c	true	0.186731	0.5938	0.1462	1	0.1884	0.8125	0.7953	30_项目/个人Unicode音型输入法/数据/𓆟Egyptian Hieroglyph字块.md	machine-initial-v3	visual-balanced-4prefix-v3
𓁝	U+1305D	EGYPTIAN HIEROGLYPH C002B	C002b	jj	10	t	三角尖形	s	2	o	外包	jjto	jj:生命形（人物、人体、动物、鸟、鱼）;视觉聚类C10→t;族内视觉组S2;组状态首选s;唯一键平衡→o	true	0.248281	0.5938	0.1453	1	0.1882	0.8096	0.7935	30_项目/个人Unicode音型输入法/数据/𓆟Egyptian Hieroglyph字块.md	machine-initial-v3	visual-balanced-4prefix-v3
𓁞	U+1305E	EGYPTIAN HIEROGLYPH C002C	C002c	jj	10	t	三角尖形	s	2	o	外包	jjto	jj:生命形（人物、人体、动物、鸟、鱼）;视觉聚类C10→t;族内视觉组S2;组状态首选s;唯一键平衡→o	true	0.353702	0.6458	0.1484	1	0.1731	0.7765	0.7853	30_项目/个人Unicode音型输入法/数据/𓆟Egyptian Hieroglyph字块.md	machine-initial-v3	visual-balanced-4prefix-v3
𓁟	U+1305F	EGYPTIAN HIEROGLYPH C003	C003	jj	23	h	枝杈	i	6	i	内含	jjhi	jj:生命形（人物、人体、动物、鸟、鱼）;视觉聚类C23→h;族内视觉组S6;组状态首选i;采用首选→i	false	0.283774	0.6354	0.1424	2	0.2112	0.8156	0.7650	30_项目/个人Unicode音型输入法/数据/𓆟Egyptian Hieroglyph字块.md	machine-initial-v3	visual-balanced-4prefix-v3
𓁠	U+13060	EGYPTIAN HIEROGLYPH C004	C004	jj	20	e	椭圆	s	5	s	对称	jjes	jj:生命形（人物、人体、动物、鸟、鱼）;视觉聚类C20→e;族内视觉组S5;组状态首选s;采用首选→s	false	0.309096	0.7604	0.1249	1	0.2372	0.8228	0.8131	30_项目/个人Unicode音型输入法/数据/𓆟Egyptian Hieroglyph字块.md	machine-initial-v3	visual-balanced-4prefix-v3
𓁡	U+13061	EGYPTIAN HIEROGLYPH C005	C005	jj	20	e	椭圆	i	2	x	穿过交叠	jjex	jj:生命形（人物、人体、动物、鸟、鱼）;视觉聚类C20→e;族内视觉组S2;组状态首选i;唯一键平衡→x	true	0.346604	0.8229	0.1333	1	0.2173	0.8289	0.7993	30_项目/个人Unicode音型输入法/数据/𓆟Egyptian Hieroglyph字块.md	machine-initial-v3	visual-balanced-4prefix-v3
𓁢	U+13062	EGYPTIAN HIEROGLYPH C006	C006	jj	23	h	枝杈	i	6	i	内含	jjhi	jj:生命形（人物、人体、动物、鸟、鱼）;视觉聚类C23→h;族内视觉组S6;组状态首选i;采用首选→i	false	0.258371	0.6250	0.1378	2	0.2047	0.8090	0.7819	30_项目/个人Unicode音型输入法/数据/𓆟Egyptian Hieroglyph字块.md	machine-initial-v3	visual-balanced-4prefix-v3
𓁣	U+13063	EGYPTIAN HIEROGLYPH C007	C007	jj	23	h	枝杈	i	6	i	内含	jjhi	jj:生命形（人物、人体、动物、鸟、鱼）;视觉聚类C23→h;族内视觉组S6;组状态首选i;采用首选→i	false	0.241074	0.6250	0.1401	2	0.2038	0.8163	0.7858	30_项目/个人Unicode音型输入法/数据/𓆟Egyptian Hieroglyph字块.md	machine-initial-v3	visual-balanced-4prefix-v3
𓁤	U+13064	EGYPTIAN HIEROGLYPH C008	C008	jj	18	p	螺旋回环	s	1	e	空心低填充	jjpe	jj:生命形（人物、人体、动物、鸟、鱼）;视觉聚类C18→p;族内视觉组S1;组状态首选s;唯一键平衡→e	true	0.443895	0.6771	0.1479	1	0.0409	0.7587	0.8067	30_项目/个人Unicode音型输入法/数据/𓆟Egyptian Hieroglyph字块.md	machine-initial-v3	visual-balanced-4prefix-v3
𓁥	U+13065	EGYPTIAN HIEROGLYPH C009	C009	jj	16	d	点状	s	1	o	外包	jjdo	jj:生命形（人物、人体、动物、鸟、鱼）;视觉聚类C16→d;族内视觉组S1;组状态首选s;唯一键平衡→o	true	0.247203	0.5833	0.1341	1	0.1267	0.7920	0.7980	30_项目/个人Unicode音型输入法/数据/𓆟Egyptian Hieroglyph字块.md	machine-initial-v3	visual-balanced-4prefix-v3
𓁦	U+13066	EGYPTIAN HIEROGLYPH C010	C010	jj	23	h	枝杈	s	1	o	外包	jjho	jj:生命形（人物、人体、动物、鸟、鱼）;视觉聚类C23→h;族内视觉组S1;组状态首选s;唯一键平衡→o	true	0.191495	0.5625	0.1345	1	0.1308	0.7712	0.8067	30_项目/个人Unicode音型输入法/数据/𓆟Egyptian Hieroglyph字块.md	machine-initial-v3	visual-balanced-4prefix-v3
𓁧	U+13067	EGYPTIAN HIEROGLYPH C010A	C010a	jj	23	h	枝杈	s	1	o	外包	jjho	jj:生命形（人物、人体、动物、鸟、鱼）;视觉聚类C23→h;族内视觉组S1;组状态首选s;唯一键平衡→o	true	0.266314	0.6562	0.1361	1	0.1123	0.7996	0.7999	30_项目/个人Unicode音型输入法/数据/𓆟Egyptian Hieroglyph字块.md	machine-initial-v3	visual-balanced-4prefix-v3
𓁨	U+13068	EGYPTIAN HIEROGLYPH C011	C011	jj	2	y	分叉翼形	s	0	s	对称	jjys	jj:生命形（人物、人体、动物、鸟、鱼）;视觉聚类C2→y;族内视觉组S0;组状态首选s;采用首选→s	false	0.602620	0.9062	0.1604	1	0.0564	0.8470	0.7347	30_项目/个人Unicode音型输入法/数据/𓆟Egyptian Hieroglyph字块.md	machine-initial-v3	visual-balanced-4prefix-v3
𓁩	U+13069	EGYPTIAN HIEROGLYPH C012	C012	jj	23	h	枝杈	s	0	x	穿过交叠	jjhx	jj:生命形（人物、人体、动物、鸟、鱼）;视觉聚类C23→h;族内视觉组S0;组状态首选s;唯一键平衡→x	true	0.251500	0.6667	0.1528	1	0.0985	0.7699	0.7952	30_项目/个人Unicode音型输入法/数据/𓆟Egyptian Hieroglyph字块.md	machine-initial-v3	visual-balanced-4prefix-v3
𓁪	U+1306A	EGYPTIAN HIEROGLYPH C013	C013	jj	10	t	三角尖形	s	2	o	外包	jjto	jj:生命形（人物、人体、动物、鸟、鱼）;视觉聚类C10→t;族内视觉组S2;组状态首选s;唯一键平衡→o	true	0.298094	0.6667	0.1496	1	0.0986	0.7764	0.7979	30_项目/个人Unicode音型输入法/数据/𓆟Egyptian Hieroglyph字块.md	machine-initial-v3	visual-balanced-4prefix-v3
𓁫	U+1306B	EGYPTIAN HIEROGLYPH C014	C014	jj	23	h	枝杈	s	0	x	穿过交叠	jjhx	jj:生命形（人物、人体、动物、鸟、鱼）;视觉聚类C23→h;族内视觉组S0;组状态首选s;唯一键平衡→x	true	0.275254	0.6354	0.1592	1	0.1025	0.7643	0.7664	30_项目/个人Unicode音型输入法/数据/𓆟Egyptian Hieroglyph字块.md	machine-initial-v3	visual-balanced-4prefix-v3
𓁬	U+1306C	EGYPTIAN HIEROGLYPH C015	C015	jj	10	t	三角尖形	s	1	c	闭合	jjtc	jj:生命形（人物、人体、动物、鸟、鱼）;视觉聚类C10→t;族内视觉组S1;组状态首选s;唯一键平衡→c	true	0.284854	0.6354	0.1552	1	0.1035	0.7828	0.7722	30_项目/个人Unicode音型输入法/数据/𓆟Egyptian Hieroglyph字块.md	machine-initial-v3	visual-balanced-4prefix-v3
𓁭	U+1306D	EGYPTIAN HIEROGLYPH C016	C016	jj	24	c	曲弧	s	0	c	闭合	jjcc	jj:生命形（人物、人体、动物、鸟、鱼）;视觉聚类C24→c;族内视觉组S0;组状态首选s;唯一键平衡→c	true	0.288434	0.7188	0.1105	1	0.1078	0.8146	0.8152	30_项目/个人Unicode音型输入法/数据/𓆟Egyptian Hieroglyph字块.md	machine-initial-v3	visual-balanced-4prefix-v3
𓁮	U+1306E	EGYPTIAN HIEROGLYPH C017	C017	jj	23	h	枝杈	s	1	o	外包	jjho	jj:生命形（人物、人体、动物、鸟、鱼）;视觉聚类C23→h;族内视觉组S1;组状态首选s;唯一键平衡→o	true	0.212351	0.5833	0.1339	2	0.1654	0.7753	0.7984	30_项目/个人Unicode音型输入法/数据/𓆟Egyptian Hieroglyph字块.md	machine-initial-v3	visual-balanced-4prefix-v3
𓁯	U+1306F	EGYPTIAN HIEROGLYPH C018	C018	jj	16	d	点状	s	1	o	外包	jjdo	jj:生命形（人物、人体、动物、鸟、鱼）;视觉聚类C16→d;族内视觉组S1;组状态首选s;唯一键平衡→o	true	0.246965	0.6562	0.1334	1	0.1040	0.8099	0.8171	30_项目/个人Unicode音型输入法/数据/𓆟Egyptian Hieroglyph字块.md	machine-initial-v3	visual-balanced-4prefix-v3
𓁰	U+13070	EGYPTIAN HIEROGLYPH C019	C019	jj	16	d	点状	s	1	o	外包	jjdo	jj:生命形（人物、人体、动物、鸟、鱼）;视觉聚类C16→d;族内视觉组S1;组状态首选s;唯一键平衡→o	true	0.146517	0.4583	0.1624	1	0.1229	0.7453	0.7983	30_项目/个人Unicode音型输入法/数据/𓆟Egyptian Hieroglyph字块.md	machine-initial-v3	visual-balanced-4prefix-v3
𓁱	U+13071	EGYPTIAN HIEROGLYPH C020	C020	jj	12	k	绳结	s	0	c	闭合	jjkc	jj:生命形（人物、人体、动物、鸟、鱼）;视觉聚类C12→k;族内视觉组S0;组状态首选s;唯一键平衡→c	true	0.265170	0.5833	0.2080	2	0.2061	0.7366	0.8073	30_项目/个人Unicode音型输入法/数据/𓆟Egyptian Hieroglyph字块.md	machine-initial-v3	visual-balanced-4prefix-v3
𓁲	U+13072	EGYPTIAN HIEROGLYPH C021	C021	jj	12	k	绳结	s	2	m	重复多部件	jjkm	jj:生命形（人物、人体、动物、鸟、鱼）;视觉聚类C12→k;族内视觉组S2;组状态首选s;唯一键平衡→m	true	0.324617	0.6562	0.1994	5	0.1662	0.9669	0.6997	30_项目/个人Unicode音型输入法/数据/𓆟Egyptian Hieroglyph字块.md	machine-initial-v3	visual-balanced-4prefix-v3
𓁳	U+13073	EGYPTIAN HIEROGLYPH C022	C022	jj	23	h	枝杈	i	5	c	闭合	jjhc	jj:生命形（人物、人体、动物、鸟、鱼）;视觉聚类C23→h;族内视觉组S5;组状态首选i;唯一键平衡→c	true	0.243188	0.6354	0.1510	1	0.1617	0.7852	0.7862	30_项目/个人Unicode音型输入法/数据/𓆟Egyptian Hieroglyph字块.md	machine-initial-v3	visual-balanced-4prefix-v3
𓁴	U+13074	EGYPTIAN HIEROGLYPH C023	C023	jj	23	h	枝杈	i	5	c	闭合	jjhc	jj:生命形（人物、人体、动物、鸟、鱼）;视觉聚类C23→h;族内视觉组S5;组状态首选i;唯一键平衡→c	true	0.197345	0.5938	0.1402	2	0.1599	0.7800	0.7950	30_项目/个人Unicode音型输入法/数据/𓆟Egyptian Hieroglyph字块.md	machine-initial-v3	visual-balanced-4prefix-v3
𓁵	U+13075	EGYPTIAN HIEROGLYPH C024	C024	jj	24	c	曲弧	s	0	c	闭合	jjcc	jj:生命形（人物、人体、动物、鸟、鱼）;视觉聚类C24→c;族内视觉组S0;组状态首选s;唯一键平衡→c	true	0.281325	0.6562	0.1268	1	0.1152	0.8178	0.7966	30_项目/个人Unicode音型输入法/数据/𓆟Egyptian Hieroglyph字块.md	machine-initial-v3	visual-balanced-4prefix-v3
𓁶	U+13076	EGYPTIAN HIEROGLYPH D001	D001	jj	9	o	圆环	s	0	s	对称	jjos	jj:生命形（人物、人体、动物、鸟、鱼）;视觉聚类C9→o;族内视觉组S0;组状态首选s;采用首选→s	false	0.984100	1.0500	0.1413	2	0.2156	0.8323	0.8360	30_项目/个人Unicode音型输入法/数据/𓆟Egyptian Hieroglyph字块.md	machine-initial-v3	visual-balanced-4prefix-v3
𓁷	U+13077	EGYPTIAN HIEROGLYPH D002	D002	jj	12	k	绳结	i	1	i	内含	jjki	jj:生命形（人物、人体、动物、鸟、鱼）;视觉聚类C12→k;族内视觉组S1;组状态首选i;采用首选→i	false	0.992644	1.0333	0.1449	4	0.2282	0.9780	0.7661	30_项目/个人Unicode音型输入法/数据/𓆟Egyptian Hieroglyph字块.md	machine-initial-v3	visual-balanced-4prefix-v3
𓁸	U+13078	EGYPTIAN HIEROGLYPH D003	D003	jj	17	j	钩弯	s	3	c	闭合	jjjc	jj:生命形（人物、人体、动物、鸟、鱼）;视觉聚类C17→j;族内视觉组S3;组状态首选s;唯一键平衡→c	true	0.370788	1.9423	0.1358	1	0.0228	0.8069	0.7688	30_项目/个人Unicode音型输入法/数据/𓆟Egyptian Hieroglyph字块.md	machine-initial-v3	visual-balanced-4prefix-v3
𓁹	U+13079	EGYPTIAN HIEROGLYPH D004	D004	jj	1	l	线条	h	0	o	外包	jjlo	jj:生命形（人物、人体、动物、鸟、鱼）;视觉聚类C1→l;族内视觉组S0;组状态首选h;唯一键平衡→o	true	0.252118	3.1562	0.1825	1	0.0709	0.7754	0.8032	30_项目/个人Unicode音型输入法/数据/𓆟Egyptian Hieroglyph字块.md	machine-initial-v3	visual-balanced-4prefix-v3
𓁺	U+1307A	EGYPTIAN HIEROGLYPH D005	D005	jj	1	l	线条	h	0	o	外包	jjlo	jj:生命形（人物、人体、动物、鸟、鱼）;视觉聚类C1→l;族内视觉组S0;组状态首选h;唯一键平衡→o	true	0.256291	3.0606	0.1962	1	0.0687	0.7702	0.7894	30_项目/个人Unicode音型输入法/数据/𓆟Egyptian Hieroglyph字块.md	machine-initial-v3	visual-balanced-4prefix-v3
𓁻	U+1307B	EGYPTIAN HIEROGLYPH D006	D006	jj	4	n	成列成排	h	0	h	横向	jjnh	jj:生命形（人物、人体、动物、鸟、鱼）;视觉聚类C4→n;族内视觉组S0;组状态首选h;采用首选→h	false	0.416121	2.7297	0.2154	1	0.0615	0.7495	0.7538	30_项目/个人Unicode音型输入法/数据/𓆟Egyptian Hieroglyph字块.md	machine-initial-v3	visual-balanced-4prefix-v3
𓁼	U+1307C	EGYPTIAN HIEROGLYPH D007	D007	jj	11	w	波浪流线	i	4	o	外包	jjwo	jj:生命形（人物、人体、动物、鸟、鱼）;视觉聚类C11→w;族内视觉组S4;组状态首选i;唯一键平衡→o	true	0.465785	2.4048	0.2079	2	0.0545	0.7143	0.7199	30_项目/个人Unicode音型输入法/数据/𓆟Egyptian Hieroglyph字块.md	machine-initial-v3	visual-balanced-4prefix-v3
𓁽	U+1307D	EGYPTIAN HIEROGLYPH D008	D008	jj	11	w	波浪流线	i	4	o	外包	jjwo	jj:生命形（人物、人体、动物、鸟、鱼）;视觉聚类C11→w;族内视觉组S4;组状态首选i;唯一键平衡→o	true	0.443222	2.5897	0.2592	2	0.2871	0.8797	0.8990	30_项目/个人Unicode音型输入法/数据/𓆟Egyptian Hieroglyph字块.md	machine-initial-v3	visual-balanced-4prefix-v3
𓁾	U+1307E	EGYPTIAN HIEROGLYPH D008A	D008a	jj	11	w	波浪流线	i	4	o	外包	jjwo	jj:生命形（人物、人体、动物、鸟、鱼）;视觉聚类C11→w;族内视觉组S4;组状态首选i;唯一键平衡→o	true	0.681707	2.2955	0.2685	3	0.3234	0.8362	0.7763	30_项目/个人Unicode音型输入法/数据/𓆟Egyptian Hieroglyph字块.md	machine-initial-v3	visual-balanced-4prefix-v3
𓁿	U+1307F	EGYPTIAN HIEROGLYPH D009	D009	jj	2	y	分叉翼形	s	5	x	穿过交叠	jjyx	jj:生命形（人物、人体、动物、鸟、鱼）;视觉聚类C2→y;族内视觉组S5;组状态首选s;唯一键平衡→x	true	0.466566	1.6290	0.1391	1	0.0359	0.8023	0.7787	30_项目/个人Unicode音型输入法/数据/𓆟Egyptian Hieroglyph字块.md	machine-initial-v3	visual-balanced-4prefix-v3
𓂀	U+13080	EGYPTIAN HIEROGLYPH D010	D010	jj	2	y	分叉翼形	s	5	x	穿过交叠	jjyx	jj:生命形（人物、人体、动物、鸟、鱼）;视觉聚类C2→y;族内视觉组S5;组状态首选s;唯一键平衡→x	true	0.748014	1.3836	0.1756	2	0.0315	0.7393	0.7076	30_项目/个人Unicode音型输入法/数据/𓆟Egyptian Hieroglyph字块.md	machine-initial-v3	visual-balanced-4prefix-v3
𓂁	U+13081	EGYPTIAN HIEROGLYPH D011	D011	jj	5	g	动物有机体	s	4	x	穿过交叠	jjgx	jj:生命形（人物、人体、动物、鸟、鱼）;视觉聚类C5→g;族内视觉组S4;组状态首选s;唯一键平衡→x	true	1.338891	1.2917	0.1677	1	0.1405	0.7386	0.8165	30_项目/个人Unicode音型输入法/数据/𓆟Egyptian Hieroglyph字块.md	machine-initial-v3	visual-balanced-4prefix-v3
𓂂	U+13082	EGYPTIAN HIEROGLYPH D012	D012	jj	9	o	圆环	s	0	s	对称	jjos	jj:生命形（人物、人体、动物、鸟、鱼）;视觉聚类C9→o;族内视觉组S0;组状态首选s;采用首选→s	false	1.182465	1.0930	0.1638	1	0.2860	0.9664	0.9921	30_项目/个人Unicode音型输入法/数据/𓆟Egyptian Hieroglyph字块.md	machine-initial-v3	visual-balanced-4prefix-v3
𓂃	U+13083	EGYPTIAN HIEROGLYPH D013	D013	jj	19	a	角折	s	0	w	宽展	jjaw	jj:生命形（人物、人体、动物、鸟、鱼）;视觉聚类C19→a;族内视觉组S0;组状态首选s;唯一键平衡→w	true	0.186702	3.8846	0.1165	1	0.0000	0.8027	0.7913	30_项目/个人Unicode音型输入法/数据/𓆟Egyptian Hieroglyph字块.md	machine-initial-v3	visual-balanced-4prefix-v3
𓂄	U+13084	EGYPTIAN HIEROGLYPH D014	D014	jj	6	z	阶梯锯齿	o	5	o	外包	jjzo	jj:生命形（人物、人体、动物、鸟、鱼）;视觉聚类C6→z;族内视觉组S5;组状态首选o;采用首选→o	false	0.541888	1.9583	0.1516	1	0.1766	0.7553	0.8050	30_项目/个人Unicode音型输入法/数据/𓆟Egyptian Hieroglyph字块.md	machine-initial-v3	visual-balanced-4prefix-v3
𓂅	U+13085	EGYPTIAN HIEROGLYPH D015	D015	jj	17	j	钩弯	s	0	q	倾斜	jjjq	jj:生命形（人物、人体、动物、鸟、鱼）;视觉聚类C17→j;族内视觉组S0;组状态首选s;唯一键平衡→q	true	0.303772	1.8704	0.0792	1	0.0000	0.8467	0.8453	30_项目/个人Unicode音型输入法/数据/𓆟Egyptian Hieroglyph字块.md	machine-initial-v3	visual-balanced-4prefix-v3
𓂆	U+13086	EGYPTIAN HIEROGLYPH D016	D016	jj	16	d	点状	s	2	v	纵向	jjdv	jj:生命形（人物、人体、动物、鸟、鱼）;视觉聚类C16→d;族内视觉组S2;组状态首选s;唯一键平衡→v	true	0.355448	0.3766	0.2064	1	0.1500	0.6811	0.8200	30_项目/个人Unicode音型输入法/数据/𓆟Egyptian Hieroglyph字块.md	machine-initial-v3	visual-balanced-4prefix-v3
𓂇	U+13087	EGYPTIAN HIEROGLYPH D017	D017	jj	0	x	交叉	s	2	c	闭合	jjxc	jj:生命形（人物、人体、动物、鸟、鱼）;视觉聚类C0→x;族内视觉组S2;组状态首选s;唯一键平衡→c	true	0.798706	1.8704	0.1142	1	0.0000	0.7979	0.8464	30_项目/个人Unicode音型输入法/数据/𓆟Egyptian Hieroglyph字块.md	machine-initial-v3	visual-balanced-4prefix-v3
𓂈	U+13088	EGYPTIAN HIEROGLYPH D018	D018	jj	12	k	绳结	s	4	x	穿过交叠	jjkx	jj:生命形（人物、人体、动物、鸟、鱼）;视觉聚类C12→k;族内视觉组S4;组状态首选s;唯一键平衡→x	true	1.027272	0.9000	0.1583	1	0.1309	0.7500	0.7451	30_项目/个人Unicode音型输入法/数据/𓆟Egyptian Hieroglyph字块.md	machine-initial-v3	visual-balanced-4prefix-v3
𓂉	U+13089	EGYPTIAN HIEROGLYPH D019	D019	jj	7	r	放射星芒	s	0	x	穿过交叠	jjrx	jj:生命形（人物、人体、动物、鸟、鱼）;视觉聚类C7→r;族内视觉组S0;组状态首选s;唯一键平衡→x	true	1.101590	1.0508	0.1372	3	0.3584	0.8163	0.7983	30_项目/个人Unicode音型输入法/数据/𓆟Egyptian Hieroglyph字块.md	machine-initial-v3	visual-balanced-4prefix-v3
𓂊	U+1308A	EGYPTIAN HIEROGLYPH D020	D020	jj	2	y	分叉翼形	s	3	q	倾斜	jjyq	jj:生命形（人物、人体、动物、鸟、鱼）;视觉聚类C2→y;族内视觉组S3;组状态首选s;唯一键平衡→q	true	1.062931	1.0862	0.1177	2	0.0123	0.8238	0.7789	30_项目/个人Unicode音型输入法/数据/𓆟Egyptian Hieroglyph字块.md	machine-initial-v3	visual-balanced-4prefix-v3
𓂋	U+1308B	EGYPTIAN HIEROGLYPH D021	D021	jj	1	l	线条	h	1	h	横向	jjlh	jj:生命形（人物、人体、动物、鸟、鱼）;视觉聚类C1→l;族内视觉组S1;组状态首选h;采用首选→h	false	0.240046	3.4828	0.1823	1	0.1769	0.9932	0.9672	30_项目/个人Unicode音型输入法/数据/𓆟Egyptian Hieroglyph字块.md	machine-initial-v3	visual-balanced-4prefix-v3
𓂌	U+1308C	EGYPTIAN HIEROGLYPH D022	D022	jj	2	y	分叉翼形	s	1	o	外包	jjyo	jj:生命形（人物、人体、动物、鸟、鱼）;视觉聚类C2→y;族内视觉组S1;组状态首选s;唯一键平衡→o	true	0.410403	2.1957	0.1378	1	0.1108	0.9940	0.7856	30_项目/个人Unicode音型输入法/数据/𓆟Egyptian Hieroglyph字块.md	machine-initial-v3	visual-balanced-4prefix-v3
𓂍	U+1308D	EGYPTIAN HIEROGLYPH D023	D023	jj	2	y	分叉翼形	s	4	e	空心低填充	jjye	jj:生命形（人物、人体、动物、鸟、鱼）;视觉聚类C2→y;族内视觉组S4;组状态首选s;唯一键平衡→e	true	0.431489	1.9804	0.1357	1	0.1000	0.9934	0.7717	30_项目/个人Unicode音型输入法/数据/𓆟Egyptian Hieroglyph字块.md	machine-initial-v3	visual-balanced-4prefix-v3
𓂎	U+1308E	EGYPTIAN HIEROGLYPH D024	D024	jj	19	a	角折	s	2	s	对称	jjas	jj:生命形（人物、人体、动物、鸟、鱼）;视觉聚类C19→a;族内视觉组S2;组状态首选s;采用首选→s	false	0.168254	4.3913	0.2028	1	0.0138	0.9656	0.8269	30_项目/个人Unicode音型输入法/数据/𓆟Egyptian Hieroglyph字块.md	machine-initial-v3	visual-balanced-4prefix-v3
𓂏	U+1308F	EGYPTIAN HIEROGLYPH D025	D025	jj	4	n	成列成排	h	0	h	横向	jjnh	jj:生命形（人物、人体、动物、鸟、鱼）;视觉聚类C4→n;族内视觉组S0;组状态首选h;采用首选→h	false	0.324442	2.7297	0.1737	2	0.0000	0.9748	0.9930	30_项目/个人Unicode音型输入法/数据/𓆟Egyptian Hieroglyph字块.md	machine-initial-v3	visual-balanced-4prefix-v3
𓂐	U+13090	EGYPTIAN HIEROGLYPH D026	D026	jj	13	v	开口V形	s	0	s	对称	jjvs	jj:生命形（人物、人体、动物、鸟、鱼）;视觉聚类C13→v;族内视觉组S0;组状态首选s;采用首选→s	false	0.589940	1.1724	0.0822	1	0.0472	0.8540	0.8509	30_项目/个人Unicode音型输入法/数据/𓆟Egyptian Hieroglyph字块.md	machine-initial-v3	visual-balanced-4prefix-v3
𓂑	U+13091	EGYPTIAN HIEROGLYPH D027	D027	jj	0	x	交叉	s	2	c	闭合	jjxc	jj:生命形（人物、人体、动物、鸟、鱼）;视觉聚类C0→x;族内视觉组S2;组状态首选s;唯一键平衡→c	true	0.873218	1.5000	0.1115	1	0.3220	0.9894	0.7937	30_项目/个人Unicode音型输入法/数据/𓆟Egyptian Hieroglyph字块.md	machine-initial-v3	visual-balanced-4prefix-v3
𓂒	U+13092	EGYPTIAN HIEROGLYPH D027A	D027a	jj	18	p	螺旋回环	s	0	c	闭合	jjpc	jj:生命形（人物、人体、动物、鸟、鱼）;视觉聚类C18→p;族内视觉组S0;组状态首选s;唯一键平衡→c	true	1.452712	1.0784	0.1070	1	0.3733	0.9786	0.8032	30_项目/个人Unicode音型输入法/数据/𓆟Egyptian Hieroglyph字块.md	machine-initial-v3	visual-balanced-4prefix-v3
𓂓	U+13093	EGYPTIAN HIEROGLYPH D028	D028	jj	9	o	圆环	s	0	s	对称	jjos	jj:生命形（人物、人体、动物、鸟、鱼）;视觉聚类C9→o;族内视觉组S0;组状态首选s;采用首选→s	false	1.870684	1.0548	0.1857	1	0.0000	0.9801	0.7876	30_项目/个人Unicode音型输入法/数据/𓆟Egyptian Hieroglyph字块.md	machine-initial-v3	visual-balanced-4prefix-v3
𓂔	U+13094	EGYPTIAN HIEROGLYPH D029	D029	jj	2	y	分叉翼形	s	2	c	闭合	jjyc	jj:生命形（人物、人体、动物、鸟、鱼）;视觉聚类C2→y;族内视觉组S2;组状态首选s;唯一键平衡→c	true	0.771646	0.8021	0.1600	2	0.0271	0.8068	0.7752	30_项目/个人Unicode音型输入法/数据/𓆟Egyptian Hieroglyph字块.md	machine-initial-v3	visual-balanced-4prefix-v3
𓂕	U+13095	EGYPTIAN HIEROGLYPH D030	D030	jj	18	p	螺旋回环	s	0	c	闭合	jjpc	jj:生命形（人物、人体、动物、鸟、鱼）;视觉聚类C18→p;族内视觉组S0;组状态首选s;唯一键平衡→c	true	1.012084	1.0521	0.1157	1	0.0000	0.8226	0.7958	30_项目/个人Unicode音型输入法/数据/𓆟Egyptian Hieroglyph字块.md	machine-initial-v3	visual-balanced-4prefix-v3
𓂖	U+13096	EGYPTIAN HIEROGLYPH D031	D031	jj	12	k	绳结	s	3	s	对称	jjks	jj:生命形（人物、人体、动物、鸟、鱼）;视觉聚类C12→k;族内视觉组S3;组状态首选s;采用首选→s	false	0.659023	0.7292	0.1833	2	0.0723	0.9720	0.6917	30_项目/个人Unicode音型输入法/数据/𓆟Egyptian Hieroglyph字块.md	machine-initial-v3	visual-balanced-4prefix-v3
𓂗	U+13097	EGYPTIAN HIEROGLYPH D031A	D031a	jj	20	e	椭圆	s	5	s	对称	jjes	jj:生命形（人物、人体、动物、鸟、鱼）;视觉聚类C20→e;族内视觉组S5;组状态首选s;采用首选→s	false	0.650505	0.7292	0.1777	2	0.0789	0.9679	0.7369	30_项目/个人Unicode音型输入法/数据/𓆟Egyptian Hieroglyph字块.md	machine-initial-v3	visual-balanced-4prefix-v3
𓂘	U+13098	EGYPTIAN HIEROGLYPH D032	D032	jj	15	u	容器U形	s	0	s	对称	jjus	jj:生命形（人物、人体、动物、鸟、鱼）;视觉聚类C15→u;族内视觉组S0;组状态首选s;采用首选→s	false	0.938507	0.8556	0.1844	1	0.0000	0.9844	0.8315	30_项目/个人Unicode音型输入法/数据/𓆟Egyptian Hieroglyph字块.md	machine-initial-v3	visual-balanced-4prefix-v3
𓂙	U+13099	EGYPTIAN HIEROGLYPH D033	D033	jj	2	y	分叉翼形	s	2	c	闭合	jjyc	jj:生命形（人物、人体、动物、鸟、鱼）;视觉聚类C2→y;族内视觉组S2;组状态首选s;唯一键平衡→c	true	0.623007	1.0632	0.1026	1	0.0971	0.8395	0.8420	30_项目/个人Unicode音型输入法/数据/𓆟Egyptian Hieroglyph字块.md	machine-initial-v3	visual-balanced-4prefix-v3
𓂚	U+1309A	EGYPTIAN HIEROGLYPH D034	D034	jj	5	g	动物有机体	s	1	s	对称	jjgs	jj:生命形（人物、人体、动物、鸟、鱼）;视觉聚类C5→g;族内视觉组S1;组状态首选s;采用首选→s	false	0.893512	1.2024	0.1562	1	0.1104	0.7628	0.7777	30_项目/个人Unicode音型输入法/数据/𓆟Egyptian Hieroglyph字块.md	machine-initial-v3	visual-balanced-4prefix-v3
𓂛	U+1309B	EGYPTIAN HIEROGLYPH D034A	D034a	jj	5	g	动物有机体	i	3	i	内含	jjgi	jj:生命形（人物、人体、动物、鸟、鱼）;视觉聚类C5→g;族内视觉组S3;组状态首选i;采用首选→i	false	0.858116	1.2024	0.1506	1	0.1981	0.7496	0.8373	30_项目/个人Unicode音型输入法/数据/𓆟Egyptian Hieroglyph字块.md	machine-initial-v3	visual-balanced-4prefix-v3
𓂜	U+1309C	EGYPTIAN HIEROGLYPH D035	D035	jj	1	l	线条	h	3	w	宽展	jjlw	jj:生命形（人物、人体、动物、鸟、鱼）;视觉聚类C1→l;族内视觉组S3;组状态首选h;唯一键平衡→w	true	0.257000	3.1562	0.1488	1	0.0000	0.9938	0.7494	30_项目/个人Unicode音型输入法/数据/𓆟Egyptian Hieroglyph字块.md	machine-initial-v3	visual-balanced-4prefix-v3
𓂝	U+1309D	EGYPTIAN HIEROGLYPH D036	D036	jj	11	w	波浪流线	s	5	w	宽展	jjww	jj:生命形（人物、人体、动物、鸟、鱼）;视觉聚类C11→w;族内视觉组S5;组状态首选s;唯一键平衡→w	true	0.266336	2.4634	0.1442	1	0.0413	0.9049	0.7624	30_项目/个人Unicode音型输入法/数据/𓆟Egyptian Hieroglyph字块.md	machine-initial-v3	visual-balanced-4prefix-v3
𓂞	U+1309E	EGYPTIAN HIEROGLYPH D037	D037	jj	11	w	波浪流线	s	5	w	宽展	jjww	jj:生命形（人物、人体、动物、鸟、鱼）;视觉聚类C11→w;族内视觉组S5;组状态首选s;唯一键平衡→w	true	0.288315	2.4634	0.1736	1	0.0413	0.8739	0.7382	30_项目/个人Unicode音型输入法/数据/𓆟Egyptian Hieroglyph字块.md	machine-initial-v3	visual-balanced-4prefix-v3
𓂟	U+1309F	EGYPTIAN HIEROGLYPH D038	D038	jj	11	w	波浪流线	s	5	w	宽展	jjww	jj:生命形（人物、人体、动物、鸟、鱼）;视觉聚类C11→w;族内视觉组S5;组状态首选s;唯一键平衡→w	true	0.255597	2.4048	0.1747	1	0.0877	0.8760	0.7676	30_项目/个人Unicode音型输入法/数据/𓆟Egyptian Hieroglyph字块.md	machine-initial-v3	visual-balanced-4prefix-v3
𓂠	U+130A0	EGYPTIAN HIEROGLYPH D039	D039	jj	11	w	波浪流线	s	5	w	宽展	jjww	jj:生命形（人物、人体、动物、鸟、鱼）;视觉聚类C11→w;族内视觉组S5;组状态首选s;唯一键平衡→w	true	0.291812	2.4634	0.1756	1	0.0425	0.8730	0.7184	30_项目/个人Unicode音型输入法/数据/𓆟Egyptian Hieroglyph字块.md	machine-initial-v3	visual-balanced-4prefix-v3
𓂡	U+130A1	EGYPTIAN HIEROGLYPH D040	D040	jj	4	n	成列成排	s	2	w	宽展	jjnw	jj:生命形（人物、人体、动物、鸟、鱼）;视觉聚类C4→n;族内视觉组S2;组状态首选s;唯一键平衡→w	true	0.293347	2.2955	0.1413	1	0.0394	0.8866	0.7651	30_项目/个人Unicode音型输入法/数据/𓆟Egyptian Hieroglyph字块.md	machine-initial-v3	visual-balanced-4prefix-v3
𓂢	U+130A2	EGYPTIAN HIEROGLYPH D041	D041	jj	11	w	波浪流线	s	5	w	宽展	jjww	jj:生命形（人物、人体、动物、鸟、鱼）;视觉聚类C11→w;族内视觉组S5;组状态首选s;唯一键平衡→w	true	0.296546	2.1489	0.1150	1	0.0503	0.8867	0.7952	30_项目/个人Unicode音型输入法/数据/𓆟Egyptian Hieroglyph字块.md	machine-initial-v3	visual-balanced-4prefix-v3
𓂣	U+130A3	EGYPTIAN HIEROGLYPH D042	D042	jj	4	n	成列成排	s	2	w	宽展	jjnw	jj:生命形（人物、人体、动物、鸟、鱼）;视觉聚类C4→n;族内视觉组S2;组状态首选s;唯一键平衡→w	true	0.294540	2.3488	0.1193	1	0.0403	0.8899	0.8001	30_项目/个人Unicode音型输入法/数据/𓆟Egyptian Hieroglyph字块.md	machine-initial-v3	visual-balanced-4prefix-v3
𓂤	U+130A4	EGYPTIAN HIEROGLYPH D043	D043	jj	1	l	线条	s	2	s	对称	jjls	jj:生命形（人物、人体、动物、鸟、鱼）;视觉聚类C1→l;族内视觉组S2;组状态首选s;采用首选→s	false	0.319447	2.1957	0.1464	1	0.0334	0.8153	0.7632	30_项目/个人Unicode音型输入法/数据/𓆟Egyptian Hieroglyph字块.md	machine-initial-v3	visual-balanced-4prefix-v3
𓂥	U+130A5	EGYPTIAN HIEROGLYPH D044	D044	jj	15	u	容器U形	s	1	e	空心低填充	jjue	jj:生命形（人物、人体、动物、鸟、鱼）;视觉聚类C15→u;族内视觉组S1;组状态首选s;唯一键平衡→e	true	1.184160	1.7414	0.1396	1	0.0278	0.8624	0.7856	30_项目/个人Unicode音型输入法/数据/𓆟Egyptian Hieroglyph字块.md	machine-initial-v3	visual-balanced-4prefix-v3
𓂦	U+130A6	EGYPTIAN HIEROGLYPH D045	D045	jj	11	w	波浪流线	s	3	e	空心低填充	jjwe	jj:生命形（人物、人体、动物、鸟、鱼）;视觉聚类C11→w;族内视觉组S3;组状态首选s;唯一键平衡→e	true	0.270423	1.8364	0.1023	1	0.0817	0.8509	0.8135	30_项目/个人Unicode音型输入法/数据/𓆟Egyptian Hieroglyph字块.md	machine-initial-v3	visual-balanced-4prefix-v3
𓂧	U+130A7	EGYPTIAN HIEROGLYPH D046	D046	jj	4	n	成列成排	s	2	w	宽展	jjnw	jj:生命形（人物、人体、动物、鸟、鱼）;视觉聚类C4→n;族内视觉组S2;组状态首选s;唯一键平衡→w	true	0.215564	2.8056	0.1447	1	0.3740	0.8696	0.7822	30_项目/个人Unicode音型输入法/数据/𓆟Egyptian Hieroglyph字块.md	machine-initial-v3	visual-balanced-4prefix-v3
𓂨	U+130A8	EGYPTIAN HIEROGLYPH D046A	D046a	jj	22	s	方框	s	2	w	宽展	jjsw	jj:生命形（人物、人体、动物、鸟、鱼）;视觉聚类C22→s;族内视觉组S2;组状态首选s;唯一键平衡→w	true	0.269330	1.7414	0.1053	2	0.1562	0.8935	0.8208	30_项目/个人Unicode音型输入法/数据/𓆟Egyptian Hieroglyph字块.md	machine-initial-v3	visual-balanced-4prefix-v3
𓂩	U+130A9	EGYPTIAN HIEROGLYPH D047	D047	jj	1	l	线条	h	0	o	外包	jjlo	jj:生命形（人物、人体、动物、鸟、鱼）;视觉聚类C1→l;族内视觉组S0;组状态首选h;唯一键平衡→o	true	0.167478	2.9706	0.1456	1	0.2595	0.7892	0.8055	30_项目/个人Unicode音型输入法/数据/𓆟Egyptian Hieroglyph字块.md	machine-initial-v3	visual-balanced-4prefix-v3
𓂪	U+130AA	EGYPTIAN HIEROGLYPH D048	D048	jj	1	l	线条	h	3	w	宽展	jjlw	jj:生命形（人物、人体、动物、鸟、鱼）;视觉聚类C1→l;族内视觉组S3;组状态首选h;唯一键平衡→w	true	0.174342	3.6071	0.1429	1	0.3946	0.8755	0.9038	30_项目/个人Unicode音型输入法/数据/𓆟Egyptian Hieroglyph字块.md	machine-initial-v3	visual-balanced-4prefix-v3
𓂫	U+130AB	EGYPTIAN HIEROGLYPH D048A	D048a	jj	11	w	波浪流线	i	4	o	外包	jjwo	jj:生命形（人物、人体、动物、鸟、鱼）;视觉聚类C11→w;族内视觉组S4;组状态首选i;唯一键平衡→o	true	0.265494	2.1489	0.1395	1	0.2231	0.8020	0.7948	30_项目/个人Unicode音型输入法/数据/𓆟Egyptian Hieroglyph字块.md	machine-initial-v3	visual-balanced-4prefix-v3
𓂬	U+130AC	EGYPTIAN HIEROGLYPH D049	D049	jj	17	j	钩弯	s	4	s	对称	jjjs	jj:生命形（人物、人体、动物、鸟、鱼）;视觉聚类C17→j;族内视觉组S4;组状态首选s;采用首选→s	false	0.313916	1.8036	0.1068	1	0.4072	0.8179	0.8529	30_项目/个人Unicode音型输入法/数据/𓆟Egyptian Hieroglyph字块.md	machine-initial-v3	visual-balanced-4prefix-v3
𓂭	U+130AD	EGYPTIAN HIEROGLYPH D050	D050	jj	24	c	曲弧	s	2	s	对称	jjcs	jj:生命形（人物、人体、动物、鸟、鱼）;视觉聚类C24→c;族内视觉组S2;组状态首选s;采用首选→s	false	0.122008	0.3229	0.1512	1	0.2429	0.7883	0.8831	30_项目/个人Unicode音型输入法/数据/𓆟Egyptian Hieroglyph字块.md	machine-initial-v3	visual-balanced-4prefix-v3
𓂮	U+130AE	EGYPTIAN HIEROGLYPH D050A	D050a	jj	23	h	枝杈	s	0	x	穿过交叠	jjhx	jj:生命形（人物、人体、动物、鸟、鱼）;视觉聚类C23→h;族内视觉组S0;组状态首选s;唯一键平衡→x	true	0.242050	0.5104	0.1905	2	0.1537	0.7415	0.8520	30_项目/个人Unicode音型输入法/数据/𓆟Egyptian Hieroglyph字块.md	machine-initial-v3	visual-balanced-4prefix-v3
𓂯	U+130AF	EGYPTIAN HIEROGLYPH D050B	D050b	jj	20	e	椭圆	i	2	x	穿过交叠	jjex	jj:生命形（人物、人体、动物、鸟、鱼）;视觉聚类C20→e;族内视觉组S2;组状态首选i;唯一键平衡→x	true	0.405443	0.6979	0.2088	3	0.1126	0.7139	0.8380	30_项目/个人Unicode音型输入法/数据/𓆟Egyptian Hieroglyph字块.md	machine-initial-v3	visual-balanced-4prefix-v3
𓂰	U+130B0	EGYPTIAN HIEROGLYPH D050C	D050c	jj	7	r	放射星芒	s	0	x	穿过交叠	jjrx	jj:生命形（人物、人体、动物、鸟、鱼）;视觉聚类C7→r;族内视觉组S0;组状态首选s;唯一键平衡→x	true	0.704758	0.9479	0.2073	4	0.0828	0.7095	0.8409	30_项目/个人Unicode音型输入法/数据/𓆟Egyptian Hieroglyph字块.md	machine-initial-v3	visual-balanced-4prefix-v3
𓂱	U+130B1	EGYPTIAN HIEROGLYPH D050D	D050d	jj	12	k	绳结	s	0	c	闭合	jjkc	jj:生命形（人物、人体、动物、鸟、鱼）;视觉聚类C12→k;族内视觉组S0;组状态首选s;唯一键平衡→c	true	0.279271	0.5000	0.2339	5	0.0295	0.7899	0.8021	30_项目/个人Unicode音型输入法/数据/𓆟Egyptian Hieroglyph字块.md	machine-initial-v3	visual-balanced-4prefix-v3
𓂲	U+130B2	EGYPTIAN HIEROGLYPH D050E	D050e	jj	12	k	绳结	s	2	m	重复多部件	jjkm	jj:生命形（人物、人体、动物、鸟、鱼）;视觉聚类C12→k;族内视觉组S2;组状态首选s;唯一键平衡→m	true	0.314680	0.5000	0.2806	6	0.0295	0.7513	0.8754	30_项目/个人Unicode音型输入法/数据/𓆟Egyptian Hieroglyph字块.md	machine-initial-v3	visual-balanced-4prefix-v3
𓂳	U+130B3	EGYPTIAN HIEROGLYPH D050F	D050f	jj	12	k	绳结	s	0	c	闭合	jjkc	jj:生命形（人物、人体、动物、鸟、鱼）;视觉聚类C12→k;族内视觉组S0;组状态首选s;唯一键平衡→c	true	0.303304	0.6250	0.2635	7	0.0236	0.7639	0.8063	30_项目/个人Unicode音型输入法/数据/𓆟Egyptian Hieroglyph字块.md	machine-initial-v3	visual-balanced-4prefix-v3
𓂴	U+130B4	EGYPTIAN HIEROGLYPH D050G	D050g	jj	12	k	绳结	s	2	m	重复多部件	jjkm	jj:生命形（人物、人体、动物、鸟、鱼）;视觉聚类C12→k;族内视觉组S2;组状态首选s;唯一键平衡→m	true	0.400823	0.6250	0.3012	8	0.0236	0.7302	0.8677	30_项目/个人Unicode音型输入法/数据/𓆟Egyptian Hieroglyph字块.md	machine-initial-v3	visual-balanced-4prefix-v3
𓂵	U+130B5	EGYPTIAN HIEROGLYPH D050H	D050h	jj	16	d	点状	s	2	v	纵向	jjdv	jj:生命形（人物、人体、动物、鸟、鱼）;视觉聚类C16→d;族内视觉组S2;组状态首选s;唯一键平衡→v	true	0.302194	0.3958	0.3259	9	0.0134	0.7758	0.8777	30_项目/个人Unicode音型输入法/数据/𓆟Egyptian Hieroglyph字块.md	machine-initial-v3	visual-balanced-4prefix-v3
𓂶	U+130B6	EGYPTIAN HIEROGLYPH D050I	D050i	jj	5	g	动物有机体	s	6	w	宽展	jjgw	jj:生命形（人物、人体、动物、鸟、鱼）;视觉聚类C5→g;族内视觉组S6;组状态首选s;唯一键平衡→w	true	0.399939	1.3125	0.1872	5	0.0597	0.7328	0.8585	30_项目/个人Unicode音型输入法/数据/𓆟Egyptian Hieroglyph字块.md	machine-initial-v3	visual-balanced-4prefix-v3
𓂷	U+130B7	EGYPTIAN HIEROGLYPH D051	D051	jj	19	a	角折	s	2	s	对称	jjas	jj:生命形（人物、人体、动物、鸟、鱼）;视觉聚类C19→a;族内视觉组S2;组状态首选s;采用首选→s	false	0.167839	3.0606	0.1380	1	0.2229	0.8332	0.7528	30_项目/个人Unicode音型输入法/数据/𓆟Egyptian Hieroglyph字块.md	machine-initial-v3	visual-balanced-4prefix-v3
𓂸	U+130B8	EGYPTIAN HIEROGLYPH D052	D052	jj	15	u	容器U形	s	0	s	对称	jjus	jj:生命形（人物、人体、动物、鸟、鱼）;视觉聚类C15→u;族内视觉组S0;组状态首选s;采用首选→s	false	1.337041	0.9459	0.2710	1	0.3151	1.0000	0.9876	30_项目/个人Unicode音型输入法/数据/𓆟Egyptian Hieroglyph字块.md	machine-initial-v3	visual-balanced-4prefix-v3
𓂹	U+130B9	EGYPTIAN HIEROGLYPH D052A	D052a	jj	15	u	容器U形	s	0	s	对称	jjus	jj:生命形（人物、人体、动物、鸟、鱼）;视觉聚类C15→u;族内视觉组S0;组状态首选s;采用首选→s	false	1.337041	0.9459	0.2710	1	0.3151	1.0000	0.9876	30_项目/个人Unicode音型输入法/数据/𓆟Egyptian Hieroglyph字块.md	machine-initial-v3	visual-balanced-4prefix-v3
𓂺	U+130BA	EGYPTIAN HIEROGLYPH D053	D053	jj	15	u	容器U形	s	0	s	对称	jjus	jj:生命形（人物、人体、动物、鸟、鱼）;视觉聚类C15→u;族内视觉组S0;组状态首选s;采用首选→s	false	1.337041	0.9459	0.2710	1	0.3151	1.0000	0.9876	30_项目/个人Unicode音型输入法/数据/𓆟Egyptian Hieroglyph字块.md	machine-initial-v3	visual-balanced-4prefix-v3
𓂻	U+130BB	EGYPTIAN HIEROGLYPH D054	D054	jj	5	g	动物有机体	s	2	e	空心低填充	jjge	jj:生命形（人物、人体、动物、鸟、鱼）;视觉聚类C5→g;族内视觉组S2;组状态首选s;唯一键平衡→e	true	1.078077	1.3158	0.1544	1	0.0000	0.7502	0.7277	30_项目/个人Unicode音型输入法/数据/𓆟Egyptian Hieroglyph字块.md	machine-initial-v3	visual-balanced-4prefix-v3
𓂼	U+130BC	EGYPTIAN HIEROGLYPH D054A	D054a	jj	7	r	放射星芒	s	1	e	空心低填充	jjre	jj:生命形（人物、人体、动物、鸟、鱼）;视觉聚类C7→r;族内视觉组S1;组状态首选s;唯一键平衡→e	true	1.260350	1.1014	0.1461	1	0.0000	0.7841	0.7818	30_项目/个人Unicode音型输入法/数据/𓆟Egyptian Hieroglyph字块.md	machine-initial-v3	visual-balanced-4prefix-v3
𓂽	U+130BD	EGYPTIAN HIEROGLYPH D055	D055	jj	5	g	动物有机体	s	2	e	空心低填充	jjge	jj:生命形（人物、人体、动物、鸟、鱼）;视觉聚类C5→g;族内视觉组S2;组状态首选s;唯一键平衡→e	true	1.205146	1.3158	0.1572	1	0.0000	0.7483	0.7263	30_项目/个人Unicode音型输入法/数据/𓆟Egyptian Hieroglyph字块.md	machine-initial-v3	visual-balanced-4prefix-v3
𓂾	U+130BE	EGYPTIAN HIEROGLYPH D056	D056	jj	16	d	点状	s	0	s	对称	jjds	jj:生命形（人物、人体、动物、鸟、鱼）;视觉聚类C16→d;族内视觉组S0;组状态首选s;采用首选→s	false	0.175149	0.5729	0.0873	1	0.1241	0.8458	0.8534	30_项目/个人Unicode音型输入法/数据/𓆟Egyptian Hieroglyph字块.md	machine-initial-v3	visual-balanced-4prefix-v3
𓂿	U+130BF	EGYPTIAN HIEROGLYPH D057	D057	jj	15	u	容器U形	s	1	e	空心低填充	jjue	jj:生命形（人物、人体、动物、鸟、鱼）;视觉聚类C15→u;族内视觉组S1;组状态首选s;唯一键平衡→e	true	0.792759	1.0521	0.0884	1	0.0652	0.8379	0.8505	30_项目/个人Unicode音型输入法/数据/𓆟Egyptian Hieroglyph字块.md	machine-initial-v3	visual-balanced-4prefix-v3
𓃀	U+130C0	EGYPTIAN HIEROGLYPH D058	D058	jj	20	e	椭圆	i	0	o	外包	jjeo	jj:生命形（人物、人体、动物、鸟、鱼）;视觉聚类C20→e;族内视觉组S0;组状态首选i;唯一键平衡→o	true	0.403746	0.6848	0.0999	1	0.1323	0.8368	0.8927	30_项目/个人Unicode音型输入法/数据/𓆟Egyptian Hieroglyph字块.md	machine-initial-v3	visual-balanced-4prefix-v3
𓃁	U+130C1	EGYPTIAN HIEROGLYPH D059	D059	jj	2	y	分叉翼形	s	0	s	对称	jjys	jj:生命形（人物、人体、动物、鸟、鱼）;视觉聚类C2→y;族内视觉组S0;组状态首选s;采用首选→s	false	0.611141	1.0978	0.1215	1	0.0571	0.8493	0.8164	30_项目/个人Unicode音型输入法/数据/𓆟Egyptian Hieroglyph字块.md	machine-initial-v3	visual-balanced-4prefix-v3
𓃂	U+130C2	EGYPTIAN HIEROGLYPH D060	D060	jj	20	e	椭圆	s	5	s	对称	jjes	jj:生命形（人物、人体、动物、鸟、鱼）;视觉聚类C20→e;族内视觉组S5;组状态首选s;采用首选→s	false	0.386838	0.7292	0.1308	1	0.0860	0.7872	0.8039	30_项目/个人Unicode音型输入法/数据/𓆟Egyptian Hieroglyph字块.md	machine-initial-v3	visual-balanced-4prefix-v3
𓃃	U+130C3	EGYPTIAN HIEROGLYPH D061	D061	jj	6	z	阶梯锯齿	o	5	o	外包	jjzo	jj:生命形（人物、人体、动物、鸟、鱼）;视觉聚类C6→z;族内视觉组S5;组状态首选o;采用首选→o	false	0.573294	1.2625	0.1571	1	0.0505	0.7814	0.8191	30_项目/个人Unicode音型输入法/数据/𓆟Egyptian Hieroglyph字块.md	machine-initial-v3	visual-balanced-4prefix-v3
𓃄	U+130C4	EGYPTIAN HIEROGLYPH D062	D062	jj	6	z	阶梯锯齿	s	4	i	内含	jjzi	jj:生命形（人物、人体、动物、鸟、鱼）;视觉聚类C6→z;族内视觉组S4;组状态首选s;唯一键平衡→i	true	0.667790	1.2625	0.1780	1	0.0535	0.7550	0.8059	30_项目/个人Unicode音型输入法/数据/𓆟Egyptian Hieroglyph字块.md	machine-initial-v3	visual-balanced-4prefix-v3
𓃅	U+130C5	EGYPTIAN HIEROGLYPH D063	D063	jj	0	x	交叉	s	2	c	闭合	jjxc	jj:生命形（人物、人体、动物、鸟、鱼）;视觉聚类C0→x;族内视觉组S2;组状态首选s;唯一键平衡→c	true	0.960508	1.0606	0.1165	1	0.0141	0.9013	0.8320	30_项目/个人Unicode音型输入法/数据/𓆟Egyptian Hieroglyph字块.md	machine-initial-v3	visual-balanced-4prefix-v3
𓃆	U+130C6	EGYPTIAN HIEROGLYPH D064	D064	jj	1	l	线条	h	3	w	宽展	jjlw	jj:生命形（人物、人体、动物、鸟、鱼）;视觉聚类C1→l;族内视觉组S3;组状态首选h;唯一键平衡→w	true	0.141311	2.9706	0.1476	1	0.2571	0.7886	0.7874	30_项目/个人Unicode音型输入法/数据/𓆟Egyptian Hieroglyph字块.md	machine-initial-v3	visual-balanced-4prefix-v3
𓃇	U+130C7	EGYPTIAN HIEROGLYPH D065	D065	jj	10	t	三角尖形	s	1	c	闭合	jjtc	jj:生命形（人物、人体、动物、鸟、鱼）;视觉聚类C10→t;族内视觉组S1;组状态首选s;唯一键平衡→c	true	0.298819	0.6771	0.0973	1	0.2668	0.8497	0.8337	30_项目/个人Unicode音型输入法/数据/𓆟Egyptian Hieroglyph字块.md	machine-initial-v3	visual-balanced-4prefix-v3
𓃈	U+130C8	EGYPTIAN HIEROGLYPH D066	D066	jj	11	w	波浪流线	s	3	e	空心低填充	jjwe	jj:生命形（人物、人体、动物、鸟、鱼）;视觉聚类C11→w;族内视觉组S3;组状态首选s;唯一键平衡→e	true	0.346735	1.6290	0.0816	1	0.0810	0.8620	0.8419	30_项目/个人Unicode音型输入法/数据/𓆟Egyptian Hieroglyph字块.md	machine-initial-v3	visual-balanced-4prefix-v3
𓃉	U+130C9	EGYPTIAN HIEROGLYPH D067	D067	jj	9	o	圆环	s	0	s	对称	jjos	jj:生命形（人物、人体、动物、鸟、鱼）;视觉聚类C9→o;族内视觉组S0;组状态首选s;采用首选→s	false	0.905015	1.0811	0.1196	1	0.2845	0.9770	0.9919	30_项目/个人Unicode音型输入法/数据/𓆟Egyptian Hieroglyph字块.md	machine-initial-v3	visual-balanced-4prefix-v3
𓃊	U+130CA	EGYPTIAN HIEROGLYPH D067A	D067a	jj	13	v	开口V形	p	1	p	成对	jjvp	jj:生命形（人物、人体、动物、鸟、鱼）;视觉聚类C13→v;族内视觉组S1;组状态首选p;采用首选→p	false	0.602611	0.5667	0.1368	2	0.1108	0.9951	0.9912	30_项目/个人Unicode音型输入法/数据/𓆟Egyptian Hieroglyph字块.md	machine-initial-v3	visual-balanced-4prefix-v3
𓃋	U+130CB	EGYPTIAN HIEROGLYPH D067B	D067b	jj	0	x	交叉	s	1	s	对称	jjxs	jj:生命形（人物、人体、动物、鸟、鱼）;视觉聚类C0→x;族内视觉组S1;组状态首选s;采用首选→s	false	0.895735	1.0500	0.1095	3	0.0606	0.9979	0.8032	30_项目/个人Unicode音型输入法/数据/𓆟Egyptian Hieroglyph字块.md	machine-initial-v3	visual-balanced-4prefix-v3
𓃌	U+130CC	EGYPTIAN HIEROGLYPH D067C	D067c	jj	0	x	交叉	s	1	s	对称	jjxs	jj:生命形（人物、人体、动物、鸟、鱼）;视觉聚类C0→x;族内视觉组S1;组状态首选s;采用首选→s	false	1.194068	1.0500	0.1471	4	0.0598	0.9989	0.9894	30_项目/个人Unicode音型输入法/数据/𓆟Egyptian Hieroglyph字块.md	machine-initial-v3	visual-balanced-4prefix-v3
𓃍	U+130CD	EGYPTIAN HIEROGLYPH D067D	D067d	jj	22	s	方框	s	0	s	对称	jjss	jj:生命形（人物、人体、动物、鸟、鱼）;视觉聚类C22→s;族内视觉组S0;组状态首选s;采用首选→s	false	0.464005	1.5333	0.1245	5	0.0415	0.9953	0.7808	30_项目/个人Unicode音型输入法/数据/𓆟Egyptian Hieroglyph字块.md	machine-initial-v3	visual-balanced-4prefix-v3
𓃎	U+130CE	EGYPTIAN HIEROGLYPH D067E	D067e	jj	22	s	方框	s	1	o	外包	jjso	jj:生命形（人物、人体、动物、鸟、鱼）;视觉聚类C22→s;族内视觉组S1;组状态首选s;唯一键平衡→o	true	0.519567	1.5333	0.1502	6	0.0413	0.9931	0.9902	30_项目/个人Unicode音型输入法/数据/𓆟Egyptian Hieroglyph字块.md	machine-initial-v3	visual-balanced-4prefix-v3
𓃏	U+130CF	EGYPTIAN HIEROGLYPH D067F	D067f	jj	22	s	方框	s	2	w	宽展	jjsw	jj:生命形（人物、人体、动物、鸟、鱼）;视觉聚类C22→s;族内视觉组S2;组状态首选s;唯一键平衡→w	true	0.292804	1.8500	0.1432	7	0.0345	0.9303	0.7508	30_项目/个人Unicode音型输入法/数据/𓆟Egyptian Hieroglyph字块.md	machine-initial-v3	visual-balanced-4prefix-v3
𓃐	U+130D0	EGYPTIAN HIEROGLYPH D067G	D067g	jj	22	s	方框	s	1	o	外包	jjso	jj:生命形（人物、人体、动物、鸟、鱼）;视觉聚类C22→s;族内视觉组S1;组状态首选s;唯一键平衡→o	true	0.307412	1.8500	0.1649	8	0.0344	0.9856	0.9838	30_项目/个人Unicode音型输入法/数据/𓆟Egyptian Hieroglyph字块.md	machine-initial-v3	visual-balanced-4prefix-v3
𓃑	U+130D1	EGYPTIAN HIEROGLYPH D067H	D067h	jj	9	o	圆环	m	1	m	重复多部件	jjom	jj:生命形（人物、人体、动物、鸟、鱼）;视觉聚类C9→o;族内视觉组S1;组状态首选m;采用首选→m	false	0.899214	1.0337	0.1517	9	0.0278	0.9927	0.9915	30_项目/个人Unicode音型输入法/数据/𓆟Egyptian Hieroglyph字块.md	machine-initial-v3	visual-balanced-4prefix-v3
𓃒	U+130D2	EGYPTIAN HIEROGLYPH E001	E001	jj	5	g	动物有机体	i	0	c	闭合	jjgc	jj:生命形（人物、人体、动物、鸟、鱼）;视觉聚类C5→g;族内视觉组S0;组状态首选i;唯一键平衡→c	true	0.519332	1.1609	0.1327	1	0.1897	0.7797	0.7965	30_项目/个人Unicode音型输入法/数据/𓆟Egyptian Hieroglyph字块.md	machine-initial-v3	visual-balanced-4prefix-v3
𓃓	U+130D3	EGYPTIAN HIEROGLYPH E002	E002	jj	5	g	动物有机体	i	5	o	外包	jjgo	jj:生命形（人物、人体、动物、鸟、鱼）;视觉聚类C5→g;族内视觉组S5;组状态首选i;唯一键平衡→o	true	0.444016	1.4638	0.1573	2	0.2332	0.7635	0.7598	30_项目/个人Unicode音型输入法/数据/𓆟Egyptian Hieroglyph字块.md	machine-initial-v3	visual-balanced-4prefix-v3
𓃔	U+130D4	EGYPTIAN HIEROGLYPH E003	E003	jj	5	g	动物有机体	i	0	c	闭合	jjgc	jj:生命形（人物、人体、动物、鸟、鱼）;视觉聚类C5→g;族内视觉组S0;组状态首选i;唯一键平衡→c	true	0.560988	1.1609	0.1449	2	0.2133	0.7694	0.7653	30_项目/个人Unicode音型输入法/数据/𓆟Egyptian Hieroglyph字块.md	machine-initial-v3	visual-balanced-4prefix-v3
𓃕	U+130D5	EGYPTIAN HIEROGLYPH E004	E004	jj	8	m	复合	s	5	c	闭合	jjmc	jj:生命形（人物、人体、动物、鸟、鱼）;视觉聚类C8→m;族内视觉组S5;组状态首选s;唯一键平衡→c	true	0.612550	1.0521	0.1280	1	0.1674	0.8045	0.7960	30_项目/个人Unicode音型输入法/数据/𓆟Egyptian Hieroglyph字块.md	machine-initial-v3	visual-balanced-4prefix-v3
𓃖	U+130D6	EGYPTIAN HIEROGLYPH E005	E005	jj	5	g	动物有机体	i	0	c	闭合	jjgc	jj:生命形（人物、人体、动物、鸟、鱼）;视觉聚类C5→g;族内视觉组S0;组状态首选i;唯一键平衡→c	true	0.703550	1.2625	0.1965	1	0.3006	0.7465	0.7099	30_项目/个人Unicode音型输入法/数据/𓆟Egyptian Hieroglyph字块.md	machine-initial-v3	visual-balanced-4prefix-v3
𓃗	U+130D7	EGYPTIAN HIEROGLYPH E006	E006	jj	8	m	复合	s	3	o	外包	jjmo	jj:生命形（人物、人体、动物、鸟、鱼）;视觉聚类C8→m;族内视觉组S3;组状态首选s;唯一键平衡→o	true	0.701499	1.0521	0.1344	1	0.1546	0.7692	0.7704	30_项目/个人Unicode音型输入法/数据/𓆟Egyptian Hieroglyph字块.md	machine-initial-v3	visual-balanced-4prefix-v3
𓃘	U+130D8	EGYPTIAN HIEROGLYPH E007	E007	jj	8	m	复合	s	5	c	闭合	jjmc	jj:生命形（人物、人体、动物、鸟、鱼）;视觉聚类C8→m;族内视觉组S5;组状态首选s;唯一键平衡→c	true	0.639027	1.0521	0.1350	1	0.1504	0.7646	0.7692	30_项目/个人Unicode音型输入法/数据/𓆟Egyptian Hieroglyph字块.md	machine-initial-v3	visual-balanced-4prefix-v3
𓃙	U+130D9	EGYPTIAN HIEROGLYPH E008	E008	jj	5	g	动物有机体	i	3	i	内含	jjgi	jj:生命形（人物、人体、动物、鸟、鱼）;视觉聚类C5→g;族内视觉组S3;组状态首选i;采用首选→i	false	0.590528	1.0978	0.1305	2	0.1862	0.8011	0.7884	30_项目/个人Unicode音型输入法/数据/𓆟Egyptian Hieroglyph字块.md	machine-initial-v3	visual-balanced-4prefix-v3
𓃚	U+130DA	EGYPTIAN HIEROGLYPH E008A	E008a	jj	20	e	椭圆	s	5	s	对称	jjes	jj:生命形（人物、人体、动物、鸟、鱼）;视觉聚类C20→e;族内视觉组S5;组状态首选s;采用首选→s	false	0.581883	1.0000	0.1199	1	0.1036	0.7862	0.7984	30_项目/个人Unicode音型输入法/数据/𓆟Egyptian Hieroglyph字块.md	machine-initial-v3	visual-balanced-4prefix-v3
𓃛	U+130DB	EGYPTIAN HIEROGLYPH E009	E009	jj	11	w	波浪流线	s	3	e	空心低填充	jjwe	jj:生命形（人物、人体、动物、鸟、鱼）;视觉聚类C11→w;族内视觉组S3;组状态首选s;唯一键平衡→e	true	0.377948	1.2625	0.1198	2	0.1678	0.8304	0.8020	30_项目/个人Unicode音型输入法/数据/𓆟Egyptian Hieroglyph字块.md	machine-initial-v3	visual-balanced-4prefix-v3
𓃜	U+130DC	EGYPTIAN HIEROGLYPH E009A	E009a	jj	6	z	阶梯锯齿	o	5	o	外包	jjzo	jj:生命形（人物、人体、动物、鸟、鱼）;视觉聚类C6→z;族内视觉组S5;组状态首选o;采用首选→o	false	0.401686	1.5303	0.1164	1	0.2675	0.8524	0.7888	30_项目/个人Unicode音型输入法/数据/𓆟Egyptian Hieroglyph字块.md	machine-initial-v3	visual-balanced-4prefix-v3
𓃝	U+130DD	EGYPTIAN HIEROGLYPH E010	E010	jj	5	g	动物有机体	s	1	s	对称	jjgs	jj:生命形（人物、人体、动物、鸟、鱼）;视觉聚类C5→g;族内视觉组S1;组状态首选s;采用首选→s	false	0.477509	1.2625	0.1355	1	0.1545	0.7609	0.7913	30_项目/个人Unicode音型输入法/数据/𓆟Egyptian Hieroglyph字块.md	machine-initial-v3	visual-balanced-4prefix-v3
𓃞	U+130DE	EGYPTIAN HIEROGLYPH E011	E011	jj	5	g	动物有机体	s	1	s	对称	jjgs	jj:生命形（人物、人体、动物、鸟、鱼）;视觉聚类C5→g;族内视觉组S1;组状态首选s;采用首选→s	false	0.516078	1.2625	0.1420	2	0.1520	0.7483	0.7780	30_项目/个人Unicode音型输入法/数据/𓆟Egyptian Hieroglyph字块.md	machine-initial-v3	visual-balanced-4prefix-v3
𓃟	U+130DF	EGYPTIAN HIEROGLYPH E012	E012	jj	22	s	方框	s	1	o	外包	jjso	jj:生命形（人物、人体、动物、鸟、鱼）;视觉聚类C22→s;族内视觉组S1;组状态首选s;唯一键平衡→o	true	0.364589	1.5303	0.1292	1	0.2351	0.8059	0.7873	30_项目/个人Unicode音型输入法/数据/𓆟Egyptian Hieroglyph字块.md	machine-initial-v3	visual-balanced-4prefix-v3
𓃠	U+130E0	EGYPTIAN HIEROGLYPH E013	E013	jj	8	m	复合	s	3	o	外包	jjmo	jj:生命形（人物、人体、动物、鸟、鱼）;视觉聚类C8→m;族内视觉组S3;组状态首选s;唯一键平衡→o	true	0.446216	0.8854	0.1088	1	0.1707	0.8164	0.8078	30_项目/个人Unicode音型输入法/数据/𓆟Egyptian Hieroglyph字块.md	machine-initial-v3	visual-balanced-4prefix-v3
𓃡	U+130E1	EGYPTIAN HIEROGLYPH E014	E014	jj	7	r	放射星芒	s	1	e	空心低填充	jjre	jj:生命形（人物、人体、动物、鸟、鱼）;视觉聚类C7→r;族内视觉组S1;组状态首选s;唯一键平衡→e	true	0.701915	1.1099	0.1373	2	0.1169	0.7611	0.7867	30_项目/个人Unicode音型输入法/数据/𓆟Egyptian Hieroglyph字块.md	machine-initial-v3	visual-balanced-4prefix-v3
𓃢	U+130E2	EGYPTIAN HIEROGLYPH E015	E015	jj	17	j	钩弯	s	5	o	外包	jjjo	jj:生命形（人物、人体、动物、鸟、鱼）;视觉聚类C17→j;族内视觉组S5;组状态首选s;唯一键平衡→o	true	0.389148	1.0521	0.0840	1	0.0615	0.8742	0.8519	30_项目/个人Unicode音型输入法/数据/𓆟Egyptian Hieroglyph字块.md	machine-initial-v3	visual-balanced-4prefix-v3
𓃣	U+130E3	EGYPTIAN HIEROGLYPH E016	E016	jj	8	m	复合	s	5	c	闭合	jjmc	jj:生命形（人物、人体、动物、鸟、鱼）;视觉聚类C8→m;族内视觉组S5;组状态首选s;唯一键平衡→c	true	0.540482	1.0521	0.1410	1	0.1100	0.8228	0.7671	30_项目/个人Unicode音型输入法/数据/𓆟Egyptian Hieroglyph字块.md	machine-initial-v3	visual-balanced-4prefix-v3
𓃤	U+130E4	EGYPTIAN HIEROGLYPH E016A	E016a	jj	8	m	复合	s	5	c	闭合	jjmc	jj:生命形（人物、人体、动物、鸟、鱼）;视觉聚类C8→m;族内视觉组S5;组状态首选s;唯一键平衡→c	true	0.576364	1.0521	0.1552	1	0.1100	0.7989	0.7481	30_项目/个人Unicode音型输入法/数据/𓆟Egyptian Hieroglyph字块.md	machine-initial-v3	visual-balanced-4prefix-v3
𓃥	U+130E5	EGYPTIAN HIEROGLYPH E017	E017	jj	6	z	阶梯锯齿	s	0	w	宽展	jjzw	jj:生命形（人物、人体、动物、鸟、鱼）;视觉聚类C6→z;族内视觉组S0;组状态首选s;唯一键平衡→w	true	0.511271	1.2024	0.1324	1	0.0682	0.7874	0.7739	30_项目/个人Unicode音型输入法/数据/𓆟Egyptian Hieroglyph字块.md	machine-initial-v3	visual-balanced-4prefix-v3
𓃦	U+130E6	EGYPTIAN HIEROGLYPH E017A	E017a	jj	7	r	放射星芒	s	3	c	闭合	jjrc	jj:生命形（人物、人体、动物、鸟、鱼）;视觉聚类C7→r;族内视觉组S3;组状态首选s;唯一键平衡→c	true	0.707632	1.0215	0.1564	1	0.0806	0.7682	0.7379	30_项目/个人Unicode音型输入法/数据/𓆟Egyptian Hieroglyph字块.md	machine-initial-v3	visual-balanced-4prefix-v3
𓃧	U+130E7	EGYPTIAN HIEROGLYPH E018	E018	jj	6	z	阶梯锯齿	s	4	i	内含	jjzi	jj:生命形（人物、人体、动物、鸟、鱼）;视觉聚类C6→z;族内视觉组S4;组状态首选s;唯一键平衡→i	true	0.579030	1.0521	0.1144	1	0.1098	0.8542	0.8191	30_项目/个人Unicode音型输入法/数据/𓆟Egyptian Hieroglyph字块.md	machine-initial-v3	visual-balanced-4prefix-v3
𓃨	U+130E8	EGYPTIAN HIEROGLYPH E019	E019	jj	6	z	阶梯锯齿	s	6	g	缺口开放	jjzg	jj:生命形（人物、人体、动物、鸟、鱼）;视觉聚类C6→z;族内视觉组S6;组状态首选s;唯一键平衡→g	true	0.740693	0.9792	0.1426	1	0.0904	0.8114	0.7768	30_项目/个人Unicode音型输入法/数据/𓆟Egyptian Hieroglyph字块.md	machine-initial-v3	visual-balanced-4prefix-v3
𓃩	U+130E9	EGYPTIAN HIEROGLYPH E020	E020	jj	18	p	螺旋回环	s	2	s	对称	jjps	jj:生命形（人物、人体、动物、鸟、鱼）;视觉聚类C18→p;族内视觉组S2;组状态首选s;采用首选→s	false	0.553292	1.0521	0.0995	2	0.1058	0.8453	0.8307	30_项目/个人Unicode音型输入法/数据/𓆟Egyptian Hieroglyph字块.md	machine-initial-v3	visual-balanced-4prefix-v3
𓃪	U+130EA	EGYPTIAN HIEROGLYPH E020A	E020a	jj	6	z	阶梯锯齿	s	8	s	对称	jjzs	jj:生命形（人物、人体、动物、鸟、鱼）;视觉聚类C6→z;族内视觉组S8;组状态首选s;采用首选→s	false	0.379883	0.8854	0.1023	1	0.1504	0.8870	0.8316	30_项目/个人Unicode音型输入法/数据/𓆟Egyptian Hieroglyph字块.md	machine-initial-v3	visual-balanced-4prefix-v3
𓃫	U+130EB	EGYPTIAN HIEROGLYPH E021	E021	jj	5	g	动物有机体	i	5	o	外包	jjgo	jj:生命形（人物、人体、动物、鸟、鱼）;视觉聚类C5→g;族内视觉组S5;组状态首选i;唯一键平衡→o	true	0.484795	1.4853	0.1232	1	0.1165	0.8096	0.8125	30_项目/个人Unicode音型输入法/数据/𓆟Egyptian Hieroglyph字块.md	machine-initial-v3	visual-balanced-4prefix-v3
𓃬	U+130EC	EGYPTIAN HIEROGLYPH E022	E022	jj	6	z	阶梯锯齿	s	1	x	穿过交叠	jjzx	jj:生命形（人物、人体、动物、鸟、鱼）;视觉聚类C6→z;族内视觉组S1;组状态首选s;唯一键平衡→x	true	0.367296	1.6833	0.1518	1	0.1064	0.7683	0.7644	30_项目/个人Unicode音型输入法/数据/𓆟Egyptian Hieroglyph字块.md	machine-initial-v3	visual-balanced-4prefix-v3
𓃭	U+130ED	EGYPTIAN HIEROGLYPH E023	E023	jj	6	z	阶梯锯齿	s	4	i	内含	jjzi	jj:生命形（人物、人体、动物、鸟、鱼）;视觉聚类C6→z;族内视觉组S4;组状态首选s;唯一键平衡→i	true	0.361581	1.9804	0.1716	1	0.1031	0.8078	0.7197	30_项目/个人Unicode音型输入法/数据/𓆟Egyptian Hieroglyph字块.md	machine-initial-v3	visual-balanced-4prefix-v3
𓃮	U+130EE	EGYPTIAN HIEROGLYPH E024	E024	jj	6	z	阶梯锯齿	s	7	c	闭合	jjzc	jj:生命形（人物、人体、动物、鸟、鱼）;视觉聚类C6→z;族内视觉组S7;组状态首选s;唯一键平衡→c	true	0.347186	2.1042	0.1522	1	0.1790	0.8040	0.7616	30_项目/个人Unicode音型输入法/数据/𓆟Egyptian Hieroglyph字块.md	machine-initial-v3	visual-balanced-4prefix-v3
𓃯	U+130EF	EGYPTIAN HIEROGLYPH E025	E025	jj	11	w	波浪流线	i	1	i	内含	jjwi	jj:生命形（人物、人体、动物、鸟、鱼）;视觉聚类C11→w;族内视觉组S1;组状态首选i;采用首选→i	false	0.347642	1.7119	0.1381	2	0.3912	0.7926	0.7802	30_项目/个人Unicode音型输入法/数据/𓆟Egyptian Hieroglyph字块.md	machine-initial-v3	visual-balanced-4prefix-v3
𓃰	U+130F0	EGYPTIAN HIEROGLYPH E026	E026	jj	5	g	动物有机体	s	2	e	空心低填充	jjge	jj:生命形（人物、人体、动物、鸟、鱼）;视觉聚类C5→g;族内视觉组S2;组状态首选s;唯一键平衡→e	true	0.520393	1.2024	0.1512	1	0.2289	0.7612	0.7574	30_项目/个人Unicode音型输入法/数据/𓆟Egyptian Hieroglyph字块.md	machine-initial-v3	visual-balanced-4prefix-v3
𓃱	U+130F1	EGYPTIAN HIEROGLYPH E027	E027	jj	10	t	三角尖形	s	1	c	闭合	jjtc	jj:生命形（人物、人体、动物、鸟、鱼）;视觉聚类C10→t;族内视觉组S1;组状态首选s;唯一键平衡→c	true	0.263597	0.6458	0.1191	1	0.1092	0.8034	0.8175	30_项目/个人Unicode音型输入法/数据/𓆟Egyptian Hieroglyph字块.md	machine-initial-v3	visual-balanced-4prefix-v3
𓃲	U+130F2	EGYPTIAN HIEROGLYPH E028	E028	jj	6	z	阶梯锯齿	s	7	c	闭合	jjzc	jj:生命形（人物、人体、动物、鸟、鱼）;视觉聚类C6→z;族内视觉组S7;组状态首选s;唯一键平衡→c	true	0.474975	0.9271	0.1276	1	0.1341	0.7884	0.7804	30_项目/个人Unicode音型输入法/数据/𓆟Egyptian Hieroglyph字块.md	machine-initial-v3	visual-balanced-4prefix-v3
𓃳	U+130F3	EGYPTIAN HIEROGLYPH E028A	E028a	jj	7	r	放射星芒	s	4	o	外包	jjro	jj:生命形（人物、人体、动物、鸟、鱼）;视觉聚类C7→r;族内视觉组S4;组状态首选s;唯一键平衡→o	true	1.088818	0.9896	0.2068	1	0.0649	0.8590	0.6496	30_项目/个人Unicode音型输入法/数据/𓆟Egyptian Hieroglyph字块.md	machine-initial-v3	visual-balanced-4prefix-v3
𓃴	U+130F4	EGYPTIAN HIEROGLYPH E029	E029	jj	6	z	阶梯锯齿	s	3	e	空心低填充	jjze	jj:生命形（人物、人体、动物、鸟、鱼）;视觉聚类C6→z;族内视觉组S3;组状态首选s;唯一键平衡→e	true	0.438072	0.8854	0.1131	1	0.1186	0.8054	0.7929	30_项目/个人Unicode音型输入法/数据/𓆟Egyptian Hieroglyph字块.md	machine-initial-v3	visual-balanced-4prefix-v3
𓃵	U+130F5	EGYPTIAN HIEROGLYPH E030	E030	jj	6	z	阶梯锯齿	s	7	c	闭合	jjzc	jj:生命形（人物、人体、动物、鸟、鱼）;视觉聚类C6→z;族内视觉组S7;组状态首选s;唯一键平衡→c	true	0.465246	0.9375	0.1262	1	0.1323	0.7949	0.7838	30_项目/个人Unicode音型输入法/数据/𓆟Egyptian Hieroglyph字块.md	machine-initial-v3	visual-balanced-4prefix-v3
𓃶	U+130F6	EGYPTIAN HIEROGLYPH E031	E031	jj	6	z	阶梯锯齿	s	7	c	闭合	jjzc	jj:生命形（人物、人体、动物、鸟、鱼）;视觉聚类C6→z;族内视觉组S7;组状态首选s;唯一键平衡→c	true	0.528303	0.9479	0.1323	2	0.1029	0.7830	0.7830	30_项目/个人Unicode音型输入法/数据/𓆟Egyptian Hieroglyph字块.md	machine-initial-v3	visual-balanced-4prefix-v3
𓃷	U+130F7	EGYPTIAN HIEROGLYPH E032	E032	jj	5	g	动物有机体	i	0	c	闭合	jjgc	jj:生命形（人物、人体、动物、鸟、鱼）;视觉聚类C5→g;族内视觉组S0;组状态首选i;唯一键平衡→c	true	0.550199	1.2785	0.1342	2	0.1806	0.7922	0.7859	30_项目/个人Unicode音型输入法/数据/𓆟Egyptian Hieroglyph字块.md	machine-initial-v3	visual-balanced-4prefix-v3
𓃸	U+130F8	EGYPTIAN HIEROGLYPH E033	E033	jj	5	g	动物有机体	i	0	c	闭合	jjgc	jj:生命形（人物、人体、动物、鸟、鱼）;视觉聚类C5→g;族内视觉组S0;组状态首选i;唯一键平衡→c	true	0.624815	1.3117	0.1580	1	0.1647	0.7606	0.7320	30_项目/个人Unicode音型输入法/数据/𓆟Egyptian Hieroglyph字块.md	machine-initial-v3	visual-balanced-4prefix-v3
𓃹	U+130F9	EGYPTIAN HIEROGLYPH E034	E034	jj	5	g	动物有机体	s	1	s	对称	jjgs	jj:生命形（人物、人体、动物、鸟、鱼）;视觉聚类C5→g;族内视觉组S1;组状态首选s;采用首选→s	false	0.514311	1.5781	0.1638	1	0.2104	0.8041	0.7429	30_项目/个人Unicode音型输入法/数据/𓆟Egyptian Hieroglyph字块.md	machine-initial-v3	visual-balanced-4prefix-v3
𓃺	U+130FA	EGYPTIAN HIEROGLYPH E034A	E034a	jj	6	z	阶梯锯齿	o	5	o	外包	jjzo	jj:生命形（人物、人体、动物、鸟、鱼）;视觉聚类C6→z;族内视觉组S5;组状态首选o;采用首选→o	false	0.467946	1.8364	0.1912	1	0.2148	0.8092	0.7293	30_项目/个人Unicode音型输入法/数据/𓆟Egyptian Hieroglyph字块.md	machine-initial-v3	visual-balanced-4prefix-v3
𓃻	U+130FB	EGYPTIAN HIEROGLYPH E036	E036	jj	20	e	椭圆	s	5	s	对称	jjes	jj:生命形（人物、人体、动物、鸟、鱼）;视觉聚类C20→e;族内视觉组S5;组状态首选s;采用首选→s	false	0.469077	0.7865	0.1462	2	0.1583	0.7583	0.7772	30_项目/个人Unicode音型输入法/数据/𓆟Egyptian Hieroglyph字块.md	machine-initial-v3	visual-balanced-4prefix-v3
𓃼	U+130FC	EGYPTIAN HIEROGLYPH E037	E037	jj	13	v	开口V形	i	2	i	内含	jjvi	jj:生命形（人物、人体、动物、鸟、鱼）;视觉聚类C13→v;族内视觉组S2;组状态首选i;采用首选→i	false	0.466270	1.1099	0.1229	1	0.1692	0.8762	0.8233	30_项目/个人Unicode音型输入法/数据/𓆟Egyptian Hieroglyph字块.md	machine-initial-v3	visual-balanced-4prefix-v3
𓃽	U+130FD	EGYPTIAN HIEROGLYPH E038	E038	jj	5	g	动物有机体	i	5	o	外包	jjgo	jj:生命形（人物、人体、动物、鸟、鱼）;视觉聚类C5→g;族内视觉组S5;组状态首选i;唯一键平衡→o	true	0.429639	1.2625	0.1291	1	0.1871	0.7814	0.7993	30_项目/个人Unicode音型输入法/数据/𓆟Egyptian Hieroglyph字块.md	machine-initial-v3	visual-balanced-4prefix-v3
𓃾	U+130FE	EGYPTIAN HIEROGLYPH F001	F001	jj	15	u	容器U形	i	2	i	内含	jjui	jj:生命形（人物、人体、动物、鸟、鱼）;视觉聚类C15→u;族内视觉组S2;组状态首选i;采用首选→i	false	0.985356	1.0000	0.1289	2	0.1981	0.8922	0.7856	30_项目/个人Unicode音型输入法/数据/𓆟Egyptian Hieroglyph字块.md	machine-initial-v3	visual-balanced-4prefix-v3
𓃿	U+130FF	EGYPTIAN HIEROGLYPH F001A	F001a	jj	0	x	交叉	s	2	c	闭合	jjxc	jj:生命形（人物、人体、动物、鸟、鱼）;视觉聚类C0→x;族内视觉组S2;组状态首选s;唯一键平衡→c	true	0.986147	1.3256	0.1195	1	0.2982	0.8123	0.8425	30_项目/个人Unicode音型输入法/数据/𓆟Egyptian Hieroglyph字块.md	machine-initial-v3	visual-balanced-4prefix-v3
𓄀	U+13100	EGYPTIAN HIEROGLYPH F002	F002	jj	17	j	钩弯	s	4	s	对称	jjjs	jj:生命形（人物、人体、动物、鸟、鱼）;视觉聚类C17→j;族内视觉组S4;组状态首选s;采用首选→s	false	0.517874	1.1625	0.0897	2	0.2574	0.8519	0.8492	30_项目/个人Unicode音型输入法/数据/𓆟Egyptian Hieroglyph字块.md	machine-initial-v3	visual-balanced-4prefix-v3
𓄁	U+13101	EGYPTIAN HIEROGLYPH F003	F003	jj	22	s	方框	s	0	s	对称	jjss	jj:生命形（人物、人体、动物、鸟、鱼）;视觉聚类C22→s;族内视觉组S0;组状态首选s;采用首选→s	false	0.488934	1.4655	0.1132	2	0.3318	0.8215	0.8402	30_项目/个人Unicode音型输入法/数据/𓆟Egyptian Hieroglyph字块.md	machine-initial-v3	visual-balanced-4prefix-v3
𓄂	U+13102	EGYPTIAN HIEROGLYPH F004	F004	jj	13	v	开口V形	s	0	s	对称	jjvs	jj:生命形（人物、人体、动物、鸟、鱼）;视觉聚类C13→v;族内视觉组S0;组状态首选s;采用首选→s	false	0.379167	1.5303	0.1041	1	0.1581	0.8242	0.8290	30_项目/个人Unicode音型输入法/数据/𓆟Egyptian Hieroglyph字块.md	machine-initial-v3	visual-balanced-4prefix-v3
𓄃	U+13103	EGYPTIAN HIEROGLYPH F005	F005	jj	2	y	分叉翼形	s	0	s	对称	jjys	jj:生命形（人物、人体、动物、鸟、鱼）;视觉聚类C2→y;族内视觉组S0;组状态首选s;采用首选→s	false	0.493366	0.8646	0.1020	2	0.1701	0.8205	0.8140	30_项目/个人Unicode音型输入法/数据/𓆟Egyptian Hieroglyph字块.md	machine-initial-v3	visual-balanced-4prefix-v3
𓄄	U+13104	EGYPTIAN HIEROGLYPH F006	F006	jj	8	m	复合	s	4	s	对称	jjms	jj:生命形（人物、人体、动物、鸟、鱼）;视觉聚类C8→m;族内视觉组S4;组状态首选s;采用首选→s	false	0.551780	0.9271	0.1170	2	0.1709	0.8148	0.7963	30_项目/个人Unicode音型输入法/数据/𓆟Egyptian Hieroglyph字块.md	machine-initial-v3	visual-balanced-4prefix-v3
𓄅	U+13105	EGYPTIAN HIEROGLYPH F007	F007	jj	2	y	分叉翼形	s	5	x	穿过交叠	jjyx	jj:生命形（人物、人体、动物、鸟、鱼）;视觉聚类C2→y;族内视觉组S5;组状态首选s;唯一键平衡→x	true	0.547239	1.2687	0.1059	2	0.1461	0.8673	0.8135	30_项目/个人Unicode音型输入法/数据/𓆟Egyptian Hieroglyph字块.md	machine-initial-v3	visual-balanced-4prefix-v3
𓄆	U+13106	EGYPTIAN HIEROGLYPH F008	F008	jj	12	k	绳结	s	5	o	外包	jjko	jj:生命形（人物、人体、动物、鸟、鱼）;视觉聚类C12→k;族内视觉组S5;组状态首选s;唯一键平衡→o	true	0.615869	0.9659	0.1251	2	0.1358	0.8460	0.8096	30_项目/个人Unicode音型输入法/数据/𓆟Egyptian Hieroglyph字块.md	machine-initial-v3	visual-balanced-4prefix-v3
𓄇	U+13107	EGYPTIAN HIEROGLYPH F009	F009	jj	20	e	椭圆	i	4	i	内含	jjei	jj:生命形（人物、人体、动物、鸟、鱼）;视觉聚类C20→e;族内视觉组S4;组状态首选i;采用首选→i	false	0.468294	0.8000	0.1129	2	0.2398	0.8070	0.8305	30_项目/个人Unicode音型输入法/数据/𓆟Egyptian Hieroglyph字块.md	machine-initial-v3	visual-balanced-4prefix-v3
𓄈	U+13108	EGYPTIAN HIEROGLYPH F010	F010	jj	3	i	细柱	s	0	o	外包	jjio	jj:生命形（人物、人体、动物、鸟、鱼）;视觉聚类C3→i;族内视觉组S0;组状态首选s;唯一键平衡→o	true	0.303878	0.5312	0.1254	2	0.0764	0.8848	0.7843	30_项目/个人Unicode音型输入法/数据/𓆟Egyptian Hieroglyph字块.md	machine-initial-v3	visual-balanced-4prefix-v3
𓄉	U+13109	EGYPTIAN HIEROGLYPH F011	F011	jj	23	h	枝杈	s	1	o	外包	jjho	jj:生命形（人物、人体、动物、鸟、鱼）;视觉聚类C23→h;族内视觉组S1;组状态首选s;唯一键平衡→o	true	0.336028	0.5625	0.1254	1	0.1159	0.7924	0.8056	30_项目/个人Unicode音型输入法/数据/𓆟Egyptian Hieroglyph字块.md	machine-initial-v3	visual-balanced-4prefix-v3
𓄊	U+1310A	EGYPTIAN HIEROGLYPH F012	F012	jj	16	d	点状	s	0	s	对称	jjds	jj:生命形（人物、人体、动物、鸟、鱼）;视觉聚类C16→d;族内视觉组S0;组状态首选s;采用首选→s	false	0.208839	0.4896	0.1033	1	0.0527	0.8302	0.8502	30_项目/个人Unicode音型输入法/数据/𓆟Egyptian Hieroglyph字块.md	machine-initial-v3	visual-balanced-4prefix-v3
𓄋	U+1310B	EGYPTIAN HIEROGLYPH F013	F013	jj	17	j	钩弯	s	4	s	对称	jjjs	jj:生命形（人物、人体、动物、鸟、鱼）;视觉聚类C17→j;族内视觉组S4;组状态首选s;采用首选→s	false	0.448415	1.4615	0.1012	1	0.0680	0.9841	0.8241	30_项目/个人Unicode音型输入法/数据/𓆟Egyptian Hieroglyph字块.md	machine-initial-v3	visual-balanced-4prefix-v3
𓄌	U+1310C	EGYPTIAN HIEROGLYPH F013A	F013a	jj	17	j	钩弯	s	4	s	对称	jjjs	jj:生命形（人物、人体、动物、鸟、鱼）;视觉聚类C17→j;族内视觉组S4;组状态首选s;采用首选→s	false	0.336830	1.7647	0.1072	1	0.0680	0.9826	0.8126	30_项目/个人Unicode音型输入法/数据/𓆟Egyptian Hieroglyph字块.md	machine-initial-v3	visual-balanced-4prefix-v3
𓄍	U+1310D	EGYPTIAN HIEROGLYPH F014	F014	jj	2	y	分叉翼形	s	0	s	对称	jjys	jj:生命形（人物、人体、动物、鸟、鱼）;视觉聚类C2→y;族内视觉组S0;组状态首选s;采用首选→s	false	0.482237	0.9792	0.1051	2	0.0459	0.9251	0.8551	30_项目/个人Unicode音型输入法/数据/𓆟Egyptian Hieroglyph字块.md	machine-initial-v3	visual-balanced-4prefix-v3
𓄎	U+1310E	EGYPTIAN HIEROGLYPH F015	F015	jj	2	y	分叉翼形	s	0	s	对称	jjys	jj:生命形（人物、人体、动物、鸟、鱼）;视觉聚类C2→y;族内视觉组S0;组状态首选s;采用首选→s	false	0.468549	1.0417	0.1094	1	0.0577	0.9579	0.8150	30_项目/个人Unicode音型输入法/数据/𓆟Egyptian Hieroglyph字块.md	machine-initial-v3	visual-balanced-4prefix-v3
𓄏	U+1310F	EGYPTIAN HIEROGLYPH F016	F016	jj	17	j	钩弯	s	0	q	倾斜	jjjq	jj:生命形（人物、人体、动物、鸟、鱼）;视觉聚类C17→j;族内视觉组S0;组状态首选s;唯一键平衡→q	true	0.262100	1.7119	0.0772	1	0.1015	0.8533	0.8520	30_项目/个人Unicode音型输入法/数据/𓆟Egyptian Hieroglyph字块.md	machine-initial-v3	visual-balanced-4prefix-v3
𓄐	U+13110	EGYPTIAN HIEROGLYPH F017	F017	jj	19	a	角折	s	0	w	宽展	jjaw	jj:生命形（人物、人体、动物、鸟、鱼）;视觉聚类C19→a;族内视觉组S0;组状态首选s;唯一键平衡→w	true	0.570413	1.5303	0.1253	1	0.0756	0.7912	0.8017	30_项目/个人Unicode音型输入法/数据/𓆟Egyptian Hieroglyph字块.md	machine-initial-v3	visual-balanced-4prefix-v3
𓄑	U+13111	EGYPTIAN HIEROGLYPH F018	F018	jj	11	w	波浪流线	s	0	s	对称	jjws	jj:生命形（人物、人体、动物、鸟、鱼）;视觉聚类C11→w;族内视觉组S0;组状态首选s;采用首选→s	false	0.249219	2.7297	0.1156	1	0.1528	0.8898	0.7800	30_项目/个人Unicode音型输入法/数据/𓆟Egyptian Hieroglyph字块.md	machine-initial-v3	visual-balanced-4prefix-v3
𓄒	U+13112	EGYPTIAN HIEROGLYPH F019	F019	jj	11	w	波浪流线	s	3	e	空心低填充	jjwe	jj:生命形（人物、人体、动物、鸟、鱼）;视觉聚类C11→w;族内视觉组S3;组状态首选s;唯一键平衡→e	true	0.351978	1.9804	0.1143	1	0.1491	0.8319	0.7942	30_项目/个人Unicode音型输入法/数据/𓆟Egyptian Hieroglyph字块.md	machine-initial-v3	visual-balanced-4prefix-v3
𓄓	U+13113	EGYPTIAN HIEROGLYPH F020	F020	jj	17	j	钩弯	s	1	e	空心低填充	jjje	jj:生命形（人物、人体、动物、鸟、鱼）;视觉聚类C17→j;族内视觉组S1;组状态首选s;唯一键平衡→e	true	0.375549	1.2625	0.0611	1	0.0000	0.9191	0.8876	30_项目/个人Unicode音型输入法/数据/𓆟Egyptian Hieroglyph字块.md	machine-initial-v3	visual-balanced-4prefix-v3
𓄔	U+13114	EGYPTIAN HIEROGLYPH F021	F021	jj	13	v	开口V形	i	2	i	内含	jjvi	jj:生命形（人物、人体、动物、鸟、鱼）;视觉聚类C13→v;族内视觉组S2;组状态首选i;采用首选→i	false	0.654057	1.2727	0.1117	1	0.2335	0.8026	0.8042	30_项目/个人Unicode音型输入法/数据/𓆟Egyptian Hieroglyph字块.md	machine-initial-v3	visual-balanced-4prefix-v3
𓄕	U+13115	EGYPTIAN HIEROGLYPH F021A	F021a	jj	13	v	开口V形	i	2	i	内含	jjvi	jj:生命形（人物、人体、动物、鸟、鱼）;视觉聚类C13→v;族内视觉组S2;组状态首选i;采用首选→i	false	0.706923	1.2963	0.1249	1	0.2138	0.8042	0.7852	30_项目/个人Unicode音型输入法/数据/𓆟Egyptian Hieroglyph字块.md	machine-initial-v3	visual-balanced-4prefix-v3
𓄖	U+13116	EGYPTIAN HIEROGLYPH F022	F022	jj	5	g	动物有机体	s	6	w	宽展	jjgw	jj:生命形（人物、人体、动物、鸟、鱼）;视觉聚类C5→g;族内视觉组S6;组状态首选s;唯一键平衡→w	true	0.710022	1.2581	0.1466	1	0.1967	0.7945	0.7746	30_项目/个人Unicode音型输入法/数据/𓆟Egyptian Hieroglyph字块.md	machine-initial-v3	visual-balanced-4prefix-v3
𓄗	U+13117	EGYPTIAN HIEROGLYPH F023	F023	jj	4	n	成列成排	s	2	w	宽展	jjnw	jj:生命形（人物、人体、动物、鸟、鱼）;视觉聚类C4→n;族内视觉组S2;组状态首选s;唯一键平衡→w	true	0.269899	2.4634	0.1323	1	0.1978	0.7909	0.7769	30_项目/个人Unicode音型输入法/数据/𓆟Egyptian Hieroglyph字块.md	machine-initial-v3	visual-balanced-4prefix-v3
𓄘	U+13118	EGYPTIAN HIEROGLYPH F024	F024	jj	1	l	线条	h	3	w	宽展	jjlw	jj:生命形（人物、人体、动物、鸟、鱼）;视觉聚类C1→l;族内视觉组S3;组状态首选h;唯一键平衡→w	true	0.255477	2.4634	0.1335	1	0.1983	0.7894	0.7745	30_项目/个人Unicode音型输入法/数据/𓆟Egyptian Hieroglyph字块.md	machine-initial-v3	visual-balanced-4prefix-v3
𓄙	U+13119	EGYPTIAN HIEROGLYPH F025	F025	jj	16	d	点状	s	0	s	对称	jjds	jj:生命形（人物、人体、动物、鸟、鱼）;视觉聚类C16→d;族内视觉组S0;组状态首选s;采用首选→s	false	0.151760	0.4167	0.1187	1	0.1388	0.8104	0.8542	30_项目/个人Unicode音型输入法/数据/𓆟Egyptian Hieroglyph字块.md	machine-initial-v3	visual-balanced-4prefix-v3
𓄚	U+1311A	EGYPTIAN HIEROGLYPH F026	F026	jj	5	g	动物有机体	i	5	o	外包	jjgo	jj:生命形（人物、人体、动物、鸟、鱼）;视觉聚类C5→g;族内视觉组S5;组状态首选i;唯一键平衡→o	true	0.530930	1.3836	0.1428	1	0.2238	0.7697	0.7841	30_项目/个人Unicode音型输入法/数据/𓆟Egyptian Hieroglyph字块.md	machine-initial-v3	visual-balanced-4prefix-v3
𓄛	U+1311B	EGYPTIAN HIEROGLYPH F027	F027	jj	18	p	螺旋回环	s	4	x	穿过交叠	jjpx	jj:生命形（人物、人体、动物、鸟、鱼）;视觉聚类C18→p;族内视觉组S4;组状态首选s;唯一键平衡→x	true	0.323656	0.5312	0.1179	1	0.1518	0.8276	0.8150	30_项目/个人Unicode音型输入法/数据/𓆟Egyptian Hieroglyph字块.md	machine-initial-v3	visual-balanced-4prefix-v3
𓄜	U+1311C	EGYPTIAN HIEROGLYPH F028	F028	jj	3	i	细柱	s	0	o	外包	jjio	jj:生命形（人物、人体、动物、鸟、鱼）;视觉聚类C3→i;族内视觉组S0;组状态首选s;唯一键平衡→o	true	0.195541	0.5000	0.1230	1	0.1556	0.9648	0.8173	30_项目/个人Unicode音型输入法/数据/𓆟Egyptian Hieroglyph字块.md	machine-initial-v3	visual-balanced-4prefix-v3
𓄝	U+1311D	EGYPTIAN HIEROGLYPH F029	F029	jj	3	i	细柱	s	0	o	外包	jjio	jj:生命形（人物、人体、动物、鸟、鱼）;视觉聚类C3→i;族内视觉组S0;组状态首选s;唯一键平衡→o	true	0.271421	0.8854	0.0864	1	0.0880	0.9760	0.8630	30_项目/个人Unicode音型输入法/数据/𓆟Egyptian Hieroglyph字块.md	machine-initial-v3	visual-balanced-4prefix-v3
𓄞	U+1311E	EGYPTIAN HIEROGLYPH F030	F030	jj	17	j	钩弯	s	1	e	空心低填充	jjje	jj:生命形（人物、人体、动物、鸟、鱼）;视觉聚类C17→j;族内视觉组S1;组状态首选s;唯一键平衡→e	true	0.362202	1.4028	0.1053	1	0.0949	0.8564	0.8179	30_项目/个人Unicode音型输入法/数据/𓆟Egyptian Hieroglyph字块.md	machine-initial-v3	visual-balanced-4prefix-v3
𓄟	U+1311F	EGYPTIAN HIEROGLYPH F031	F031	jj	23	h	枝杈	p	3	p	成对	jjhp	jj:生命形（人物、人体、动物、鸟、鱼）;视觉聚类C23→h;族内视觉组S3;组状态首选p;采用首选→p	false	0.422238	0.5729	0.1559	2	0.0000	0.9492	0.8231	30_项目/个人Unicode音型输入法/数据/𓆟Egyptian Hieroglyph字块.md	machine-initial-v3	visual-balanced-4prefix-v3
𓄠	U+13120	EGYPTIAN HIEROGLYPH F031A	F031a	jj	3	i	细柱	s	1	s	对称	jjis	jj:生命形（人物、人体、动物、鸟、鱼）;视觉聚类C3→i;族内视觉组S1;组状态首选s;采用首选→s	false	0.491386	0.4167	0.2549	1	0.0000	0.9943	0.7818	30_项目/个人Unicode音型输入法/数据/𓆟Egyptian Hieroglyph字块.md	machine-initial-v3	visual-balanced-4prefix-v3
𓄡	U+13121	EGYPTIAN HIEROGLYPH F032	F032	jj	1	l	线条	h	1	h	横向	jjlh	jj:生命形（人物、人体、动物、鸟、鱼）;视觉聚类C1→l;族内视觉组S1;组状态首选h;采用首选→h	false	0.184338	3.1562	0.1723	1	0.1182	0.8373	0.9041	30_项目/个人Unicode音型输入法/数据/𓆟Egyptian Hieroglyph字块.md	machine-initial-v3	visual-balanced-4prefix-v3
𓄢	U+13122	EGYPTIAN HIEROGLYPH F033	F033	jj	17	j	钩弯	s	0	q	倾斜	jjjq	jj:生命形（人物、人体、动物、鸟、鱼）;视觉聚类C17→j;族内视觉组S0;组状态首选s;唯一键平衡→q	true	0.251817	1.5303	0.0546	1	0.0651	0.8980	0.8968	30_项目/个人Unicode音型输入法/数据/𓆟Egyptian Hieroglyph字块.md	machine-initial-v3	visual-balanced-4prefix-v3
𓄣	U+13123	EGYPTIAN HIEROGLYPH F034	F034	jj	20	e	椭圆	i	3	c	闭合	jjec	jj:生命形（人物、人体、动物、鸟、鱼）;视觉聚类C20→e;族内视觉组S3;组状态首选i;唯一键平衡→c	true	0.853650	1.0508	0.1102	1	0.3086	0.9623	0.8573	30_项目/个人Unicode音型输入法/数据/𓆟Egyptian Hieroglyph字块.md	machine-initial-v3	visual-balanced-4prefix-v3
𓄤	U+13124	EGYPTIAN HIEROGLYPH F035	F035	jj	24	c	曲弧	s	2	s	对称	jjcs	jj:生命形（人物、人体、动物、鸟、鱼）;视觉聚类C24→c;族内视觉组S2;组状态首选s;采用首选→s	false	0.234626	0.4479	0.1538	2	0.1686	0.9627	0.7670	30_项目/个人Unicode音型输入法/数据/𓆟Egyptian Hieroglyph字块.md	machine-initial-v3	visual-balanced-4prefix-v3
𓄥	U+13125	EGYPTIAN HIEROGLYPH F036	F036	jj	3	i	细柱	s	1	s	对称	jjis	jj:生命形（人物、人体、动物、鸟、鱼）;视觉聚类C3→i;族内视觉组S1;组状态首选s;采用首选→s	false	0.238713	0.4688	0.1681	1	0.0653	0.9773	0.7491	30_项目/个人Unicode音型输入法/数据/𓆟Egyptian Hieroglyph字块.md	machine-initial-v3	visual-balanced-4prefix-v3
𓄦	U+13126	EGYPTIAN HIEROGLYPH F037	F037	jj	19	a	角折	s	2	s	对称	jjas	jj:生命形（人物、人体、动物、鸟、鱼）;视觉聚类C19→a;族内视觉组S2;组状态首选s;采用首选→s	false	0.454492	1.5781	0.1422	1	0.0097	0.8035	0.7584	30_项目/个人Unicode音型输入法/数据/𓆟Egyptian Hieroglyph字块.md	machine-initial-v3	visual-balanced-4prefix-v3
𓄧	U+13127	EGYPTIAN HIEROGLYPH F037A	F037a	jj	19	a	角折	q	1	q	倾斜	jjaq	jj:生命形（人物、人体、动物、鸟、鱼）;视觉聚类C19→a;族内视觉组S1;组状态首选q;采用首选→q	false	0.506846	1.6290	0.1009	1	0.0000	0.8237	0.8237	30_项目/个人Unicode音型输入法/数据/𓆟Egyptian Hieroglyph字块.md	machine-initial-v3	visual-balanced-4prefix-v3
𓄨	U+13128	EGYPTIAN HIEROGLYPH F038	F038	jj	5	g	动物有机体	s	6	w	宽展	jjgw	jj:生命形（人物、人体、动物、鸟、鱼）;视觉聚类C5→g;族内视觉组S6;组状态首选s;唯一键平衡→w	true	0.968351	1.3276	0.1899	1	0.0210	0.7622	0.6982	30_项目/个人Unicode音型输入法/数据/𓆟Egyptian Hieroglyph字块.md	machine-initial-v3	visual-balanced-4prefix-v3
𓄩	U+13129	EGYPTIAN HIEROGLYPH F038A	F038a	jj	7	r	放射星芒	s	0	x	穿过交叠	jjrx	jj:生命形（人物、人体、动物、鸟、鱼）;视觉聚类C7→r;族内视觉组S0;组状态首选s;唯一键平衡→x	true	0.865945	1.1500	0.1910	1	0.0302	0.7266	0.9136	30_项目/个人Unicode音型输入法/数据/𓆟Egyptian Hieroglyph字块.md	machine-initial-v3	visual-balanced-4prefix-v3
𓄪	U+1312A	EGYPTIAN HIEROGLYPH F039	F039	jj	18	p	螺旋回环	s	4	x	穿过交叠	jjpx	jj:生命形（人物、人体、动物、鸟、鱼）;视觉聚类C18→p;族内视觉组S4;组状态首选s;唯一键平衡→x	true	0.881826	1.0625	0.1412	1	0.0381	0.7894	0.7500	30_项目/个人Unicode音型输入法/数据/𓆟Egyptian Hieroglyph字块.md	machine-initial-v3	visual-balanced-4prefix-v3
𓄫	U+1312B	EGYPTIAN HIEROGLYPH F040	F040	jj	13	v	开口V形	s	0	s	对称	jjvs	jj:生命形（人物、人体、动物、鸟、鱼）;视觉聚类C13→v;族内视觉组S0;组状态首选s;采用首选→s	false	0.566905	1.1222	0.1281	1	0.0299	0.8990	0.7694	30_项目/个人Unicode音型输入法/数据/𓆟Egyptian Hieroglyph字块.md	machine-initial-v3	visual-balanced-4prefix-v3
𓄬	U+1312C	EGYPTIAN HIEROGLYPH F041	F041	jj	5	g	动物有机体	s	1	s	对称	jjgs	jj:生命形（人物、人体、动物、鸟、鱼）;视觉聚类C5→g;族内视觉组S1;组状态首选s;采用首选→s	false	1.104916	1.2222	0.2107	1	0.0528	0.9777	0.6747	30_项目/个人Unicode音型输入法/数据/𓆟Egyptian Hieroglyph字块.md	machine-initial-v3	visual-balanced-4prefix-v3
𓄭	U+1312D	EGYPTIAN HIEROGLYPH F042	F042	jj	19	a	角折	s	0	w	宽展	jjaw	jj:生命形（人物、人体、动物、鸟、鱼）;视觉聚类C19→a;族内视觉组S0;组状态首选s;唯一键平衡→w	true	0.199687	2.7297	0.1327	1	0.1196	0.8095	0.7811	30_项目/个人Unicode音型输入法/数据/𓆟Egyptian Hieroglyph字块.md	machine-initial-v3	visual-balanced-4prefix-v3
𓄮	U+1312E	EGYPTIAN HIEROGLYPH F043	F043	jj	0	x	交叉	s	0	o	外包	jjxo	jj:生命形（人物、人体、动物、鸟、鱼）;视觉聚类C0→x;族内视觉组S0;组状态首选s;唯一键平衡→o	true	2.066568	1.1961	0.2584	1	0.1430	0.7949	0.6348	30_项目/个人Unicode音型输入法/数据/𓆟Egyptian Hieroglyph字块.md	machine-initial-v3	visual-balanced-4prefix-v3
𓄯	U+1312F	EGYPTIAN HIEROGLYPH F044	F044	jj	17	j	钩弯	s	3	c	闭合	jjjc	jj:生命形（人物、人体、动物、鸟、鱼）;视觉聚类C17→j;族内视觉组S3;组状态首选s;唯一键平衡→c	true	0.267377	1.9804	0.1472	1	0.1359	0.7461	0.7453	30_项目/个人Unicode音型输入法/数据/𓆟Egyptian Hieroglyph字块.md	machine-initial-v3	visual-balanced-4prefix-v3
𓄰	U+13130	EGYPTIAN HIEROGLYPH F045	F045	jj	3	i	细柱	s	0	o	外包	jjio	jj:生命形（人物、人体、动物、鸟、鱼）;视觉聚类C3→i;族内视觉组S0;组状态首选s;唯一键平衡→o	true	0.288769	0.6354	0.1014	1	0.0000	0.9986	0.8757	30_项目/个人Unicode音型输入法/数据/𓆟Egyptian Hieroglyph字块.md	machine-initial-v3	visual-balanced-4prefix-v3
𓄱	U+13131	EGYPTIAN HIEROGLYPH F045A	F045a	jj	3	i	细柱	s	0	o	外包	jjio	jj:生命形（人物、人体、动物、鸟、鱼）;视觉聚类C3→i;族内视觉组S0;组状态首选s;唯一键平衡→o	true	0.246580	0.6458	0.0907	1	0.0000	0.9980	0.9032	30_项目/个人Unicode音型输入法/数据/𓆟Egyptian Hieroglyph字块.md	machine-initial-v3	visual-balanced-4prefix-v3
𓄲	U+13132	EGYPTIAN HIEROGLYPH F046	F046	jj	4	n	成列成排	s	3	s	对称	jjns	jj:生命形（人物、人体、动物、鸟、鱼）;视觉聚类C4→n;族内视觉组S3;组状态首选s;采用首选→s	false	0.393504	2.8857	0.2563	1	0.0000	0.9355	0.9378	30_项目/个人Unicode音型输入法/数据/𓆟Egyptian Hieroglyph字块.md	machine-initial-v3	visual-balanced-4prefix-v3
𓄳	U+13133	EGYPTIAN HIEROGLYPH F046A	F046a	jj	4	n	成列成排	s	3	s	对称	jjns	jj:生命形（人物、人体、动物、鸟、鱼）;视觉聚类C4→n;族内视觉组S3;组状态首选s;采用首选→s	false	0.394707	2.8857	0.2566	1	0.0000	0.9304	0.9327	30_项目/个人Unicode音型输入法/数据/𓆟Egyptian Hieroglyph字块.md	machine-initial-v3	visual-balanced-4prefix-v3
𓄴	U+13134	EGYPTIAN HIEROGLYPH F047	F047	jj	4	n	成列成排	s	3	s	对称	jjns	jj:生命形（人物、人体、动物、鸟、鱼）;视觉聚类C4→n;族内视觉组S3;组状态首选s;采用首选→s	false	0.396532	2.8857	0.2563	1	0.0000	0.9355	0.9378	30_项目/个人Unicode音型输入法/数据/𓆟Egyptian Hieroglyph字块.md	machine-initial-v3	visual-balanced-4prefix-v3
𓄵	U+13135	EGYPTIAN HIEROGLYPH F047A	F047a	jj	4	n	成列成排	s	3	s	对称	jjns	jj:生命形（人物、人体、动物、鸟、鱼）;视觉聚类C4→n;族内视觉组S3;组状态首选s;采用首选→s	false	0.396657	2.8857	0.2566	1	0.0000	0.9304	0.9327	30_项目/个人Unicode音型输入法/数据/𓆟Egyptian Hieroglyph字块.md	machine-initial-v3	visual-balanced-4prefix-v3
𓄶	U+13136	EGYPTIAN HIEROGLYPH F048	F048	jj	11	w	波浪流线	s	0	s	对称	jjws	jj:生命形（人物、人体、动物、鸟、鱼）;视觉聚类C11→w;族内视觉组S0;组状态首选s;采用首选→s	false	0.560999	2.7297	0.2473	1	0.0000	0.9486	0.9079	30_项目/个人Unicode音型输入法/数据/𓆟Egyptian Hieroglyph字块.md	machine-initial-v3	visual-balanced-4prefix-v3
𓄷	U+13137	EGYPTIAN HIEROGLYPH F049	F049	jj	11	w	波浪流线	s	0	s	对称	jjws	jj:生命形（人物、人体、动物、鸟、鱼）;视觉聚类C11→w;族内视觉组S0;组状态首选s;采用首选→s	false	0.553780	2.7297	0.2478	1	0.0000	0.9486	0.9079	30_项目/个人Unicode音型输入法/数据/𓆟Egyptian Hieroglyph字块.md	machine-initial-v3	visual-balanced-4prefix-v3
𓄸	U+13138	EGYPTIAN HIEROGLYPH F050	F050	jj	4	n	成列成排	s	3	s	对称	jjns	jj:生命形（人物、人体、动物、鸟、鱼）;视觉聚类C4→n;族内视觉组S3;组状态首选s;采用首选→s	false	0.788171	1.0521	0.1474	1	0.0491	0.9505	0.9412	30_项目/个人Unicode音型输入法/数据/𓆟Egyptian Hieroglyph字块.md	machine-initial-v3	visual-balanced-4prefix-v3
𓄹	U+13139	EGYPTIAN HIEROGLYPH F051	F051	jj	17	j	钩弯	i	2	i	内含	jjji	jj:生命形（人物、人体、动物、鸟、鱼）;视觉聚类C17→j;族内视觉组S2;组状态首选i;采用首选→i	false	0.962912	1.0000	0.0977	1	0.2422	0.8185	0.8178	30_项目/个人Unicode音型输入法/数据/𓆟Egyptian Hieroglyph字块.md	machine-initial-v3	visual-balanced-4prefix-v3
𓄺	U+1313A	EGYPTIAN HIEROGLYPH F051A	F051a	jj	1	l	线条	h	3	w	宽展	jjlw	jj:生命形（人物、人体、动物、鸟、鱼）;视觉聚类C1→l;族内视觉组S3;组状态首选h;唯一键平衡→w	true	0.183952	2.3529	0.1126	3	0.0993	0.8016	0.7987	30_项目/个人Unicode音型输入法/数据/𓆟Egyptian Hieroglyph字块.md	machine-initial-v3	visual-balanced-4prefix-v3
𓄻	U+1313B	EGYPTIAN HIEROGLYPH F051B	F051b	jj	10	t	三角尖形	s	1	c	闭合	jjtc	jj:生命形（人物、人体、动物、鸟、鱼）;视觉聚类C10→t;族内视觉组S1;组状态首选s;唯一键平衡→c	true	0.216701	0.5104	0.1237	3	0.1052	0.7891	0.7925	30_项目/个人Unicode音型输入法/数据/𓆟Egyptian Hieroglyph字块.md	machine-initial-v3	visual-balanced-4prefix-v3
𓄼	U+1313C	EGYPTIAN HIEROGLYPH F051C	F051c	jj	17	j	钩弯	s	5	o	外包	jjjo	jj:生命形（人物、人体、动物、鸟、鱼）;视觉聚类C17→j;族内视觉组S5;组状态首选s;唯一键平衡→o	true	0.931759	1.0000	0.0953	1	0.2430	0.8247	0.8255	30_项目/个人Unicode音型输入法/数据/𓆟Egyptian Hieroglyph字块.md	machine-initial-v3	visual-balanced-4prefix-v3
𓄽	U+1313D	EGYPTIAN HIEROGLYPH F052	F052	jj	20	e	椭圆	s	1	e	空心低填充	jjee	jj:生命形（人物、人体、动物、鸟、鱼）;视觉聚类C20→e;族内视觉组S1;组状态首选s;唯一键平衡→e	true	0.718788	0.9000	0.1105	1	0.2423	0.8086	0.7975	30_项目/个人Unicode音型输入法/数据/𓆟Egyptian Hieroglyph字块.md	machine-initial-v3	visual-balanced-4prefix-v3
𓄾	U+1313E	EGYPTIAN HIEROGLYPH F053	F053	jj	18	p	螺旋回环	s	4	x	穿过交叠	jjpx	jj:生命形（人物、人体、动物、鸟、鱼）;视觉聚类C18→p;族内视觉组S4;组状态首选s;唯一键平衡→x	true	0.394384	0.6875	0.1083	1	0.0627	0.8453	0.8226	30_项目/个人Unicode音型输入法/数据/𓆟Egyptian Hieroglyph字块.md	machine-initial-v3	visual-balanced-4prefix-v3
𓄿	U+1313F	EGYPTIAN HIEROGLYPH G001	G001	jj	7	r	放射星芒	s	4	o	外包	jjro	jj:生命形（人物、人体、动物、鸟、鱼）;视觉聚类C7→r;族内视觉组S4;组状态首选s;唯一键平衡→o	true	0.475724	1.0000	0.1174	2	0.1633	0.8203	0.8008	30_项目/个人Unicode音型输入法/数据/𓆟Egyptian Hieroglyph字块.md	machine-initial-v3	visual-balanced-4prefix-v3
𓅀	U+13140	EGYPTIAN HIEROGLYPH G002	G002	jj	7	r	放射星芒	s	2	i	内含	jjri	jj:生命形（人物、人体、动物、鸟、鱼）;视觉聚类C7→r;族内视觉组S2;组状态首选s;唯一键平衡→i	true	0.532008	1.0521	0.1430	1	0.1396	0.7892	0.7750	30_项目/个人Unicode音型输入法/数据/𓆟Egyptian Hieroglyph字块.md	machine-initial-v3	visual-balanced-4prefix-v3
𓅁	U+13141	EGYPTIAN HIEROGLYPH G003	G003	jj	7	r	放射星芒	s	4	o	外包	jjro	jj:生命形（人物、人体、动物、鸟、鱼）;视觉聚类C7→r;族内视觉组S4;组状态首选s;唯一键平衡→o	true	0.515274	1.0000	0.1510	2	0.1646	0.7669	0.7639	30_项目/个人Unicode音型输入法/数据/𓆟Egyptian Hieroglyph字块.md	machine-initial-v3	visual-balanced-4prefix-v3
𓅂	U+13142	EGYPTIAN HIEROGLYPH G004	G004	jj	7	r	放射星芒	s	4	o	外包	jjro	jj:生命形（人物、人体、动物、鸟、鱼）;视觉聚类C7→r;族内视觉组S4;组状态首选s;唯一键平衡→o	true	0.466053	1.0000	0.1156	2	0.1648	0.8201	0.8027	30_项目/个人Unicode音型输入法/数据/𓆟Egyptian Hieroglyph字块.md	machine-initial-v3	visual-balanced-4prefix-v3
𓅃	U+13143	EGYPTIAN HIEROGLYPH G005	G005	jj	7	r	放射星芒	s	2	i	内含	jjri	jj:生命形（人物、人体、动物、鸟、鱼）;视觉聚类C7→r;族内视觉组S2;组状态首选s;唯一键平衡→i	true	0.564498	1.0521	0.1202	2	0.1531	0.7993	0.8022	30_项目/个人Unicode音型输入法/数据/𓆟Egyptian Hieroglyph字块.md	machine-initial-v3	visual-balanced-4prefix-v3
𓅄	U+13144	EGYPTIAN HIEROGLYPH G006	G006	jj	7	r	放射星芒	s	2	i	内含	jjri	jj:生命形（人物、人体、动物、鸟、鱼）;视觉聚类C7→r;族内视觉组S2;组状态首选s;唯一键平衡→i	true	0.606938	1.0312	0.1373	2	0.1501	0.7936	0.7729	30_项目/个人Unicode音型输入法/数据/𓆟Egyptian Hieroglyph字块.md	machine-initial-v3	visual-balanced-4prefix-v3
𓅅	U+13145	EGYPTIAN HIEROGLYPH G006A	G006a	jj	6	z	阶梯锯齿	s	8	s	对称	jjzs	jj:生命形（人物、人体、动物、鸟、鱼）;视觉聚类C6→z;族内视觉组S8;组状态首选s;采用首选→s	false	0.490035	1.0521	0.1041	2	0.1608	0.8975	0.8286	30_项目/个人Unicode音型输入法/数据/𓆟Egyptian Hieroglyph字块.md	machine-initial-v3	visual-balanced-4prefix-v3
𓅆	U+13146	EGYPTIAN HIEROGLYPH G007	G007	jj	12	k	绳结	s	4	x	穿过交叠	jjkx	jj:生命形（人物、人体、动物、鸟、鱼）;视觉聚类C12→k;族内视觉组S4;组状态首选s;唯一键平衡→x	true	0.495519	0.7812	0.1356	2	0.0826	0.8103	0.7900	30_项目/个人Unicode音型输入法/数据/𓆟Egyptian Hieroglyph字块.md	machine-initial-v3	visual-balanced-4prefix-v3
𓅇	U+13147	EGYPTIAN HIEROGLYPH G007A	G007a	jj	7	r	放射星芒	s	4	o	外包	jjro	jj:生命形（人物、人体、动物、鸟、鱼）;视觉聚类C7→r;族内视觉组S4;组状态首选s;唯一键平衡→o	true	0.694708	1.0632	0.1478	2	0.1225	0.8103	0.7570	30_项目/个人Unicode音型输入法/数据/𓆟Egyptian Hieroglyph字块.md	machine-initial-v3	visual-balanced-4prefix-v3
𓅈	U+13148	EGYPTIAN HIEROGLYPH G007B	G007b	jj	8	m	复合	s	5	c	闭合	jjmc	jj:生命形（人物、人体、动物、鸟、鱼）;视觉聚类C8→m;族内视觉组S5;组状态首选s;唯一键平衡→c	true	0.746081	0.8958	0.1892	2	0.0911	0.8232	0.7064	30_项目/个人Unicode音型输入法/数据/𓆟Egyptian Hieroglyph字块.md	machine-initial-v3	visual-balanced-4prefix-v3
𓅉	U+13149	EGYPTIAN HIEROGLYPH G008	G008	jj	8	m	复合	s	2	x	穿过交叠	jjmx	jj:生命形（人物、人体、动物、鸟、鱼）;视觉聚类C8→m;族内视觉组S2;组状态首选s;唯一键平衡→x	true	0.553661	0.8229	0.1597	2	0.0795	0.7938	0.7492	30_项目/个人Unicode音型输入法/数据/𓆟Egyptian Hieroglyph字块.md	machine-initial-v3	visual-balanced-4prefix-v3
𓅊	U+1314A	EGYPTIAN HIEROGLYPH G009	G009	jj	8	m	复合	s	4	s	对称	jjms	jj:生命形（人物、人体、动物、鸟、鱼）;视觉聚类C8→m;族内视觉组S4;组状态首选s;采用首选→s	false	0.497220	0.8750	0.1225	2	0.1146	0.7961	0.7927	30_项目/个人Unicode音型输入法/数据/𓆟Egyptian Hieroglyph字块.md	machine-initial-v3	visual-balanced-4prefix-v3
𓅋	U+1314B	EGYPTIAN HIEROGLYPH G010	G010	jj	7	r	放射星芒	s	2	i	内含	jjri	jj:生命形（人物、人体、动物、鸟、鱼）;视觉聚类C7→r;族内视觉组S2;组状态首选s;唯一键平衡→i	true	0.679803	1.0521	0.1799	7	0.0420	0.7651	0.7170	30_项目/个人Unicode音型输入法/数据/𓆟Egyptian Hieroglyph字块.md	machine-initial-v3	visual-balanced-4prefix-v3
𓅌	U+1314C	EGYPTIAN HIEROGLYPH G011	G011	jj	6	z	阶梯锯齿	s	4	i	内含	jjzi	jj:生命形（人物、人体、动物、鸟、鱼）;视觉聚类C6→z;族内视觉组S4;组状态首选s;唯一键平衡→i	true	0.258474	1.9804	0.1006	1	0.2285	0.8839	0.8342	30_项目/个人Unicode音型输入法/数据/𓆟Egyptian Hieroglyph字块.md	machine-initial-v3	visual-balanced-4prefix-v3
𓅍	U+1314D	EGYPTIAN HIEROGLYPH G011A	G011a	jj	19	a	角折	s	2	s	对称	jjas	jj:生命形（人物、人体、动物、鸟、鱼）;视觉聚类C19→a;族内视觉组S2;组状态首选s;采用首选→s	false	0.523500	1.0814	0.1118	1	0.1292	0.8802	0.7959	30_项目/个人Unicode音型输入法/数据/𓆟Egyptian Hieroglyph字块.md	machine-initial-v3	visual-balanced-4prefix-v3
𓅎	U+1314E	EGYPTIAN HIEROGLYPH G012	G012	jj	6	z	阶梯锯齿	s	4	i	内含	jjzi	jj:生命形（人物、人体、动物、鸟、鱼）;视觉聚类C6→z;族内视觉组S4;组状态首选s;唯一键平衡→i	true	0.288392	1.8704	0.1260	1	0.2147	0.8445	0.7840	30_项目/个人Unicode音型输入法/数据/𓆟Egyptian Hieroglyph字块.md	machine-initial-v3	visual-balanced-4prefix-v3
𓅏	U+1314F	EGYPTIAN HIEROGLYPH G013	G013	jj	8	m	复合	s	4	s	对称	jjms	jj:生命形（人物、人体、动物、鸟、鱼）;视觉聚类C8→m;族内视觉组S4;组状态首选s;采用首选→s	false	0.507166	1.1477	0.0963	2	0.1402	0.8616	0.8384	30_项目/个人Unicode音型输入法/数据/𓆟Egyptian Hieroglyph字块.md	machine-initial-v3	visual-balanced-4prefix-v3
𓅐	U+13150	EGYPTIAN HIEROGLYPH G014	G014	jj	18	p	螺旋回环	s	0	c	闭合	jjpc	jj:生命形（人物、人体、动物、鸟、鱼）;视觉聚类C18→p;族内视觉组S0;组状态首选s;唯一键平衡→c	true	0.457349	1.0521	0.0964	1	0.2278	0.8296	0.8298	30_项目/个人Unicode音型输入法/数据/𓆟Egyptian Hieroglyph字块.md	machine-initial-v3	visual-balanced-4prefix-v3
𓅑	U+13151	EGYPTIAN HIEROGLYPH G015	G015	jj	18	p	螺旋回环	s	0	c	闭合	jjpc	jj:生命形（人物、人体、动物、鸟、鱼）;视觉聚类C18→p;族内视觉组S0;组状态首选s;唯一键平衡→c	true	0.618729	1.0521	0.1170	1	0.2278	0.7993	0.8073	30_项目/个人Unicode音型输入法/数据/𓆟Egyptian Hieroglyph字块.md	machine-initial-v3	visual-balanced-4prefix-v3
𓅒	U+13152	EGYPTIAN HIEROGLYPH G016	G016	jj	5	g	动物有机体	s	2	e	空心低填充	jjge	jj:生命形（人物、人体、动物、鸟、鱼）;视觉聚类C5→g;族内视觉组S2;组状态首选s;唯一键平衡→e	true	0.358452	1.3021	0.1411	1	0.1172	0.8422	0.7525	30_项目/个人Unicode音型输入法/数据/𓆟Egyptian Hieroglyph字块.md	machine-initial-v3	visual-balanced-4prefix-v3
𓅓	U+13153	EGYPTIAN HIEROGLYPH G017	G017	jj	7	r	放射星芒	s	3	c	闭合	jjrc	jj:生命形（人物、人体、动物、鸟、鱼）;视觉聚类C7→r;族内视觉组S3;组状态首选s;唯一键平衡→c	true	0.460585	1.0000	0.1022	2	0.2058	0.8238	0.8194	30_项目/个人Unicode音型输入法/数据/𓆟Egyptian Hieroglyph字块.md	machine-initial-v3	visual-balanced-4prefix-v3
𓅔	U+13154	EGYPTIAN HIEROGLYPH G018	G018	jj	6	z	阶梯锯齿	s	0	w	宽展	jjzw	jj:生命形（人物、人体、动物、鸟、鱼）;视觉聚类C6→z;族内视觉组S0;组状态首选s;唯一键平衡→w	true	0.461775	1.1771	0.1332	3	0.1667	0.7850	0.7690	30_项目/个人Unicode音型输入法/数据/𓆟Egyptian Hieroglyph字块.md	machine-initial-v3	visual-balanced-4prefix-v3
𓅕	U+13155	EGYPTIAN HIEROGLYPH G019	G019	jj	2	y	分叉翼形	s	1	o	外包	jjyo	jj:生命形（人物、人体、动物、鸟、鱼）;视觉聚类C2→y;族内视觉组S1;组状态首选s;唯一键平衡→o	true	0.698712	1.0521	0.1453	2	0.0816	0.7989	0.7568	30_项目/个人Unicode音型输入法/数据/𓆟Egyptian Hieroglyph字块.md	machine-initial-v3	visual-balanced-4prefix-v3
𓅖	U+13156	EGYPTIAN HIEROGLYPH G020	G020	jj	2	y	分叉翼形	s	1	o	外包	jjyo	jj:生命形（人物、人体、动物、鸟、鱼）;视觉聚类C2→y;族内视觉组S1;组状态首选s;唯一键平衡→o	true	0.646124	1.0521	0.1352	2	0.0821	0.8127	0.7754	30_项目/个人Unicode音型输入法/数据/𓆟Egyptian Hieroglyph字块.md	machine-initial-v3	visual-balanced-4prefix-v3
𓅗	U+13157	EGYPTIAN HIEROGLYPH G020A	G020a	jj	7	r	放射星芒	s	2	i	内含	jjri	jj:生命形（人物、人体、动物、鸟、鱼）;视觉聚类C7→r;族内视觉组S2;组状态首选s;唯一键平衡→i	true	0.643632	1.0000	0.1502	2	0.0807	0.8260	0.7582	30_项目/个人Unicode音型输入法/数据/𓆟Egyptian Hieroglyph字块.md	machine-initial-v3	visual-balanced-4prefix-v3
𓅘	U+13158	EGYPTIAN HIEROGLYPH G021	G021	jj	8	m	复合	s	3	o	外包	jjmo	jj:生命形（人物、人体、动物、鸟、鱼）;视觉聚类C8→m;族内视觉组S3;组状态首选s;唯一键平衡→o	true	0.484380	1.0521	0.0978	1	0.1892	0.8340	0.8201	30_项目/个人Unicode音型输入法/数据/𓆟Egyptian Hieroglyph字块.md	machine-initial-v3	visual-balanced-4prefix-v3
𓅙	U+13159	EGYPTIAN HIEROGLYPH G022	G022	jj	6	z	阶梯锯齿	s	1	x	穿过交叠	jjzx	jj:生命形（人物、人体、动物、鸟、鱼）;视觉聚类C6→z;族内视觉组S1;组状态首选s;唯一键平衡→x	true	0.312122	1.2625	0.0989	1	0.1100	0.8285	0.8215	30_项目/个人Unicode音型输入法/数据/𓆟Egyptian Hieroglyph字块.md	machine-initial-v3	visual-balanced-4prefix-v3
𓅚	U+1315A	EGYPTIAN HIEROGLYPH G023	G023	jj	6	z	阶梯锯齿	s	1	x	穿过交叠	jjzx	jj:生命形（人物、人体、动物、鸟、鱼）;视觉聚类C6→z;族内视觉组S1;组状态首选s;唯一键平衡→x	true	0.318542	1.1348	0.0928	1	0.1075	0.8563	0.8291	30_项目/个人Unicode音型输入法/数据/𓆟Egyptian Hieroglyph字块.md	machine-initial-v3	visual-balanced-4prefix-v3
𓅛	U+1315B	EGYPTIAN HIEROGLYPH G024	G024	jj	6	z	阶梯锯齿	o	5	o	外包	jjzo	jj:生命形（人物、人体、动物、鸟、鱼）;视觉聚类C6→z;族内视觉组S5;组状态首选o;采用首选→o	false	0.374776	1.4429	0.1156	1	0.1918	0.8059	0.7921	30_项目/个人Unicode音型输入法/数据/𓆟Egyptian Hieroglyph字块.md	machine-initial-v3	visual-balanced-4prefix-v3
𓅜	U+1315C	EGYPTIAN HIEROGLYPH G025	G025	jj	6	z	阶梯锯齿	s	0	w	宽展	jjzw	jj:生命形（人物、人体、动物、鸟、鱼）;视觉聚类C6→z;族内视觉组S0;组状态首选s;唯一键平衡→w	true	0.420382	1.1477	0.1053	1	0.0340	0.8135	0.8281	30_项目/个人Unicode音型输入法/数据/𓆟Egyptian Hieroglyph字块.md	machine-initial-v3	visual-balanced-4prefix-v3
𓅝	U+1315D	EGYPTIAN HIEROGLYPH G026	G026	jj	2	y	分叉翼形	s	5	x	穿过交叠	jjyx	jj:生命形（人物、人体、动物、鸟、鱼）;视觉聚类C2→y;族内视觉组S5;组状态首选s;唯一键平衡→x	true	0.485840	0.8854	0.1112	1	0.0522	0.8387	0.8199	30_项目/个人Unicode音型输入法/数据/𓆟Egyptian Hieroglyph字块.md	machine-initial-v3	visual-balanced-4prefix-v3
𓅞	U+1315E	EGYPTIAN HIEROGLYPH G026A	G026a	jj	2	y	分叉翼形	s	1	o	外包	jjyo	jj:生命形（人物、人体、动物、鸟、鱼）;视觉聚类C2→y;族内视觉组S1;组状态首选s;唯一键平衡→o	true	0.428835	1.0521	0.0934	1	0.0770	0.8488	0.8469	30_项目/个人Unicode音型输入法/数据/𓆟Egyptian Hieroglyph字块.md	machine-initial-v3	visual-balanced-4prefix-v3
𓅟	U+1315F	EGYPTIAN HIEROGLYPH G027	G027	jj	17	j	钩弯	s	3	c	闭合	jjjc	jj:生命形（人物、人体、动物、鸟、鱼）;视觉聚类C17→j;族内视觉组S3;组状态首选s;唯一键平衡→c	true	0.340253	1.3836	0.1175	1	0.1344	0.8017	0.8020	30_项目/个人Unicode音型输入法/数据/𓆟Egyptian Hieroglyph字块.md	machine-initial-v3	visual-balanced-4prefix-v3
𓅠	U+13160	EGYPTIAN HIEROGLYPH G028	G028	jj	19	a	角折	s	0	w	宽展	jjaw	jj:生命形（人物、人体、动物、鸟、鱼）;视觉聚类C19→a;族内视觉组S0;组状态首选s;唯一键平衡→w	true	0.255061	1.5781	0.0992	1	0.1145	0.8345	0.8444	30_项目/个人Unicode音型输入法/数据/𓆟Egyptian Hieroglyph字块.md	machine-initial-v3	visual-balanced-4prefix-v3
𓅡	U+13161	EGYPTIAN HIEROGLYPH G029	G029	jj	6	z	阶梯锯齿	s	3	e	空心低填充	jjze	jj:生命形（人物、人体、动物、鸟、鱼）;视觉聚类C6→z;族内视觉组S3;组状态首选s;唯一键平衡→e	true	0.356792	1.0521	0.0946	1	0.0791	0.8304	0.8323	30_项目/个人Unicode音型输入法/数据/𓆟Egyptian Hieroglyph字块.md	machine-initial-v3	visual-balanced-4prefix-v3
𓅢	U+13162	EGYPTIAN HIEROGLYPH G030	G030	jj	6	z	阶梯锯齿	s	1	x	穿过交叠	jjzx	jj:生命形（人物、人体、动物、鸟、鱼）;视觉聚类C6→z;族内视觉组S1;组状态首选s;唯一键平衡→x	true	0.356090	1.3438	0.1499	1	0.0608	0.7495	0.7697	30_项目/个人Unicode音型输入法/数据/𓆟Egyptian Hieroglyph字块.md	machine-initial-v3	visual-balanced-4prefix-v3
𓅣	U+13163	EGYPTIAN HIEROGLYPH G031	G031	jj	2	y	分叉翼形	s	4	e	空心低填充	jjye	jj:生命形（人物、人体、动物、鸟、鱼）;视觉聚类C2→y;族内视觉组S4;组状态首选s;唯一键平衡→e	true	0.415354	1.1111	0.1006	1	0.0513	0.8384	0.8416	30_项目/个人Unicode音型输入法/数据/𓆟Egyptian Hieroglyph字块.md	machine-initial-v3	visual-balanced-4prefix-v3
𓅤	U+13164	EGYPTIAN HIEROGLYPH G032	G032	jj	7	r	放射星芒	s	0	x	穿过交叠	jjrx	jj:生命形（人物、人体、动物、鸟、鱼）;视觉聚类C7→r;族内视觉组S0;组状态首选s;唯一键平衡→x	true	0.664514	1.0521	0.1217	1	0.0370	0.8065	0.7995	30_项目/个人Unicode音型输入法/数据/𓆟Egyptian Hieroglyph字块.md	machine-initial-v3	visual-balanced-4prefix-v3
𓅥	U+13165	EGYPTIAN HIEROGLYPH G033	G033	jj	18	p	螺旋回环	s	1	e	空心低填充	jjpe	jj:生命形（人物、人体、动物、鸟、鱼）;视觉聚类C18→p;族内视觉组S1;组状态首选s;唯一键平衡→e	true	0.408914	1.0860	0.0804	1	0.1021	0.8656	0.8565	30_项目/个人Unicode音型输入法/数据/𓆟Egyptian Hieroglyph字块.md	machine-initial-v3	visual-balanced-4prefix-v3
𓅦	U+13166	EGYPTIAN HIEROGLYPH G034	G034	jj	10	t	三角尖形	s	2	o	外包	jjto	jj:生命形（人物、人体、动物、鸟、鱼）;视觉聚类C10→t;族内视觉组S2;组状态首选s;唯一键平衡→o	true	0.327740	0.8229	0.0849	1	0.0919	0.8592	0.8391	30_项目/个人Unicode音型输入法/数据/𓆟Egyptian Hieroglyph字块.md	machine-initial-v3	visual-balanced-4prefix-v3
𓅧	U+13167	EGYPTIAN HIEROGLYPH G035	G035	jj	6	z	阶梯锯齿	s	0	w	宽展	jjzw	jj:生命形（人物、人体、动物、鸟、鱼）;视觉聚类C6→z;族内视觉组S0;组状态首选s;唯一键平衡→w	true	0.343766	1.2785	0.1093	1	0.0659	0.8092	0.8128	30_项目/个人Unicode音型输入法/数据/𓆟Egyptian Hieroglyph字块.md	machine-initial-v3	visual-balanced-4prefix-v3
𓅨	U+13168	EGYPTIAN HIEROGLYPH G036	G036	jj	6	z	阶梯锯齿	s	0	w	宽展	jjzw	jj:生命形（人物、人体、动物、鸟、鱼）;视觉聚类C6→z;族内视觉组S0;组状态首选s;唯一键平衡→w	true	0.322509	1.4853	0.1184	2	0.1637	0.7950	0.7976	30_项目/个人Unicode音型输入法/数据/𓆟Egyptian Hieroglyph字块.md	machine-initial-v3	visual-balanced-4prefix-v3
𓅩	U+13169	EGYPTIAN HIEROGLYPH G036A	G036a	jj	17	j	钩弯	s	3	c	闭合	jjjc	jj:生命形（人物、人体、动物、鸟、鱼）;视觉聚类C17→j;族内视觉组S3;组状态首选s;唯一键平衡→c	true	0.328979	1.6032	0.1216	2	0.1773	0.8070	0.7897	30_项目/个人Unicode音型输入法/数据/𓆟Egyptian Hieroglyph字块.md	machine-initial-v3	visual-balanced-4prefix-v3
𓅪	U+1316A	EGYPTIAN HIEROGLYPH G037	G037	jj	6	z	阶梯锯齿	s	8	s	对称	jjzs	jj:生命形（人物、人体、动物、鸟、鱼）;视觉聚类C6→z;族内视觉组S8;组状态首选s;采用首选→s	false	0.346982	1.3649	0.1098	2	0.1515	0.8041	0.8124	30_项目/个人Unicode音型输入法/数据/𓆟Egyptian Hieroglyph字块.md	machine-initial-v3	visual-balanced-4prefix-v3
𓅫	U+1316B	EGYPTIAN HIEROGLYPH G037A	G037a	jj	17	j	钩弯	s	4	s	对称	jjjs	jj:生命形（人物、人体、动物、鸟、鱼）;视觉聚类C17→j;族内视觉组S4;组状态首选s;采用首选→s	false	0.323027	1.6032	0.1191	2	0.1616	0.8105	0.7960	30_项目/个人Unicode音型输入法/数据/𓆟Egyptian Hieroglyph字块.md	machine-initial-v3	visual-balanced-4prefix-v3
𓅬	U+1316C	EGYPTIAN HIEROGLYPH G038	G038	jj	6	z	阶梯锯齿	s	7	c	闭合	jjzc	jj:生命形（人物、人体、动物、鸟、鱼）;视觉聚类C6→z;族内视觉组S7;组状态首选s;唯一键平衡→c	true	0.409030	1.0521	0.0962	1	0.1347	0.8354	0.8274	30_项目/个人Unicode音型输入法/数据/𓆟Egyptian Hieroglyph字块.md	machine-initial-v3	visual-balanced-4prefix-v3
𓅭	U+1316D	EGYPTIAN HIEROGLYPH G039	G039	jj	6	z	阶梯锯齿	s	8	s	对称	jjzs	jj:生命形（人物、人体、动物、鸟、鱼）;视觉聚类C6→z;族内视觉组S8;组状态首选s;采用首选→s	false	0.417746	1.0521	0.0899	1	0.1342	0.8480	0.8342	30_项目/个人Unicode音型输入法/数据/𓆟Egyptian Hieroglyph字块.md	machine-initial-v3	visual-balanced-4prefix-v3
𓅮	U+1316E	EGYPTIAN HIEROGLYPH G040	G040	jj	0	x	交叉	s	2	c	闭合	jjxc	jj:生命形（人物、人体、动物、鸟、鱼）;视觉聚类C0→x;族内视觉组S2;组状态首选s;唯一键平衡→c	true	0.702107	1.0521	0.1100	1	0.1444	0.8168	0.8158	30_项目/个人Unicode音型输入法/数据/𓆟Egyptian Hieroglyph字块.md	machine-initial-v3	visual-balanced-4prefix-v3
𓅯	U+1316F	EGYPTIAN HIEROGLYPH G041	G041	jj	13	v	开口V形	i	2	i	内含	jjvi	jj:生命形（人物、人体、动物、鸟、鱼）;视觉聚类C13→v;族内视觉组S2;组状态首选i;采用首选→i	false	0.432684	1.1744	0.0928	1	0.1573	0.8434	0.8287	30_项目/个人Unicode音型输入法/数据/𓆟Egyptian Hieroglyph字块.md	machine-initial-v3	visual-balanced-4prefix-v3
𓅰	U+13170	EGYPTIAN HIEROGLYPH G042	G042	jj	17	j	钩弯	s	3	c	闭合	jjjc	jj:生命形（人物、人体、动物、鸟、鱼）;视觉聚类C17→j;族内视觉组S3;组状态首选s;唯一键平衡→c	true	0.343934	1.4028	0.1108	2	0.1995	0.8053	0.8201	30_项目/个人Unicode音型输入法/数据/𓆟Egyptian Hieroglyph字块.md	machine-initial-v3	visual-balanced-4prefix-v3
𓅱	U+13171	EGYPTIAN HIEROGLYPH G043	G043	jj	18	p	螺旋回环	s	1	e	空心低填充	jjpe	jj:生命形（人物、人体、动物、鸟、鱼）;视觉聚类C18→p;族内视觉组S1;组状态首选s;唯一键平衡→e	true	0.347348	0.7292	0.1001	1	0.1699	0.8324	0.8432	30_项目/个人Unicode音型输入法/数据/𓆟Egyptian Hieroglyph字块.md	machine-initial-v3	visual-balanced-4prefix-v3
𓅲	U+13172	EGYPTIAN HIEROGLYPH G043A	G043a	jj	10	t	三角尖形	s	1	c	闭合	jjtc	jj:生命形（人物、人体、动物、鸟、鱼）;视觉聚类C10→t;族内视觉组S1;组状态首选s;唯一键平衡→c	true	0.372426	0.8854	0.1017	2	0.1406	0.8569	0.8373	30_项目/个人Unicode音型输入法/数据/𓆟Egyptian Hieroglyph字块.md	machine-initial-v3	visual-balanced-4prefix-v3
𓅳	U+13173	EGYPTIAN HIEROGLYPH G044	G044	jj	12	k	绳结	s	0	c	闭合	jjkc	jj:生命形（人物、人体、动物、鸟、鱼）;视觉聚类C12→k;族内视觉组S0;组状态首选s;唯一键平衡→c	true	0.480301	0.9271	0.1324	1	0.1352	0.7961	0.7910	30_项目/个人Unicode音型输入法/数据/𓆟Egyptian Hieroglyph字块.md	machine-initial-v3	visual-balanced-4prefix-v3
𓅴	U+13174	EGYPTIAN HIEROGLYPH G045	G045	jj	2	y	分叉翼形	s	6	i	内含	jjyi	jj:生命形（人物、人体、动物、鸟、鱼）;视觉聚类C2→y;族内视觉组S6;组状态首选s;唯一键平衡→i	true	0.514916	1.0104	0.1192	1	0.0585	0.8572	0.7998	30_项目/个人Unicode音型输入法/数据/𓆟Egyptian Hieroglyph字块.md	machine-initial-v3	visual-balanced-4prefix-v3
𓅵	U+13175	EGYPTIAN HIEROGLYPH G045A	G045a	jj	2	y	分叉翼形	s	6	i	内含	jjyi	jj:生命形（人物、人体、动物、鸟、鱼）;视觉聚类C2→y;族内视觉组S6;组状态首选s;唯一键平衡→i	true	0.568329	1.0208	0.1293	1	0.0571	0.8457	0.7810	30_项目/个人Unicode音型输入法/数据/𓆟Egyptian Hieroglyph字块.md	machine-initial-v3	visual-balanced-4prefix-v3
𓅶	U+13176	EGYPTIAN HIEROGLYPH G046	G046	jj	14	f	人物轮廓	s	0	x	穿过交叠	jjfx	jj:生命形（人物、人体、动物、鸟、鱼）;视觉聚类C14→f;族内视觉组S0;组状态首选s;唯一键平衡→x	true	0.453882	0.8958	0.1286	1	0.1391	0.7829	0.8009	30_项目/个人Unicode音型输入法/数据/𓆟Egyptian Hieroglyph字块.md	machine-initial-v3	visual-balanced-4prefix-v3
𓅷	U+13177	EGYPTIAN HIEROGLYPH G047	G047	jj	18	p	螺旋回环	s	2	s	对称	jjps	jj:生命形（人物、人体、动物、鸟、鱼）;视觉聚类C18→p;族内视觉组S2;组状态首选s;采用首选→s	false	0.516810	1.0860	0.1014	2	0.2145	0.8341	0.8380	30_项目/个人Unicode音型输入法/数据/𓆟Egyptian Hieroglyph字块.md	machine-initial-v3	visual-balanced-4prefix-v3
𓅸	U+13178	EGYPTIAN HIEROGLYPH G048	G048	jj	11	w	波浪流线	s	0	s	对称	jjws	jj:生命形（人物、人体、动物、鸟、鱼）;视觉聚类C11→w;族内视觉组S0;组状态首选s;采用首选→s	false	0.349514	1.9649	0.2209	1	0.0489	0.7751	0.6883	30_项目/个人Unicode音型输入法/数据/𓆟Egyptian Hieroglyph字块.md	machine-initial-v3	visual-balanced-4prefix-v3
𓅹	U+13179	EGYPTIAN HIEROGLYPH G049	G049	jj	22	s	方框	s	1	o	外包	jjso	jj:生命形（人物、人体、动物、鸟、鱼）;视觉聚类C22→s;族内视觉组S1;组状态首选s;唯一键平衡→o	true	0.418901	1.6949	0.1631	1	0.1924	0.8332	0.7569	30_项目/个人Unicode音型输入法/数据/𓆟Egyptian Hieroglyph字块.md	machine-initial-v3	visual-balanced-4prefix-v3
𓅺	U+1317A	EGYPTIAN HIEROGLYPH G050	G050	jj	2	y	分叉翼形	s	4	e	空心低填充	jjye	jj:生命形（人物、人体、动物、鸟、鱼）;视觉聚类C2→y;族内视觉组S4;组状态首选s;唯一键平衡→e	true	0.459377	1.2658	0.1115	1	0.1008	0.8124	0.7992	30_项目/个人Unicode音型输入法/数据/𓆟Egyptian Hieroglyph字块.md	machine-initial-v3	visual-balanced-4prefix-v3
𓅻	U+1317B	EGYPTIAN HIEROGLYPH G051	G051	jj	5	g	动物有机体	s	2	e	空心低填充	jjge	jj:生命形（人物、人体、动物、鸟、鱼）;视觉聚类C5→g;族内视觉组S2;组状态首选s;唯一键平衡→e	true	0.548342	1.2024	0.1472	1	0.1094	0.7798	0.8050	30_项目/个人Unicode音型输入法/数据/𓆟Egyptian Hieroglyph字块.md	machine-initial-v3	visual-balanced-4prefix-v3
𓅼	U+1317C	EGYPTIAN HIEROGLYPH G052	G052	jj	2	y	分叉翼形	s	4	e	空心低填充	jjye	jj:生命形（人物、人体、动物、鸟、鱼）;视觉聚类C2→y;族内视觉组S4;组状态首选s;唯一键平衡→e	true	0.426540	1.5538	0.1371	2	0.0911	0.8059	0.7880	30_项目/个人Unicode音型输入法/数据/𓆟Egyptian Hieroglyph字块.md	machine-initial-v3	visual-balanced-4prefix-v3
𓅽	U+1317D	EGYPTIAN HIEROGLYPH G053	G053	jj	8	m	复合	s	3	o	外包	jjmo	jj:生命形（人物、人体、动物、鸟、鱼）;视觉聚类C8→m;族内视觉组S3;组状态首选s;唯一键平衡→o	true	0.532943	0.9583	0.1313	3	0.0914	0.7849	0.7772	30_项目/个人Unicode音型输入法/数据/𓆟Egyptian Hieroglyph字块.md	machine-initial-v3	visual-balanced-4prefix-v3
𓅾	U+1317E	EGYPTIAN HIEROGLYPH G054	G054	jj	13	v	开口V形	i	2	i	内含	jjvi	jj:生命形（人物、人体、动物、鸟、鱼）;视觉聚类C13→v;族内视觉组S2;组状态首选i;采用首选→i	false	0.486697	1.1882	0.1081	1	0.3105	0.8441	0.8146	30_项目/个人Unicode音型输入法/数据/𓆟Egyptian Hieroglyph字块.md	machine-initial-v3	visual-balanced-4prefix-v3
𓅿	U+1317F	EGYPTIAN HIEROGLYPH H001	H001	jj	2	y	分叉翼形	s	2	c	闭合	jjyc	jj:生命形（人物、人体、动物、鸟、鱼）;视觉聚类C2→y;族内视觉组S2;组状态首选s;唯一键平衡→c	true	0.879685	0.9667	0.1124	2	0.1649	0.8063	0.8167	30_项目/个人Unicode音型输入法/数据/𓆟Egyptian Hieroglyph字块.md	machine-initial-v3	visual-balanced-4prefix-v3
𓆀	U+13180	EGYPTIAN HIEROGLYPH H002	H002	jj	2	y	分叉翼形	s	4	e	空心低填充	jjye	jj:生命形（人物、人体、动物、鸟、鱼）;视觉聚类C2→y;族内视觉组S4;组状态首选s;唯一键平衡→e	true	0.409724	1.4167	0.0943	1	0.0494	0.8545	0.8490	30_项目/个人Unicode音型输入法/数据/𓆟Egyptian Hieroglyph字块.md	machine-initial-v3	visual-balanced-4prefix-v3
𓆁	U+13181	EGYPTIAN HIEROGLYPH H003	H003	jj	15	u	容器U形	i	2	i	内含	jjui	jj:生命形（人物、人体、动物、鸟、鱼）;视觉聚类C15→u;族内视觉组S2;组状态首选i;采用首选→i	false	1.112667	0.8704	0.1564	2	0.1371	0.7644	0.8117	30_项目/个人Unicode音型输入法/数据/𓆟Egyptian Hieroglyph字块.md	machine-initial-v3	visual-balanced-4prefix-v3
𓆂	U+13182	EGYPTIAN HIEROGLYPH H004	H004	jj	12	k	绳结	s	5	o	外包	jjko	jj:生命形（人物、人体、动物、鸟、鱼）;视觉聚类C12→k;族内视觉组S5;组状态首选s;唯一键平衡→o	true	0.696156	0.7667	0.1562	2	0.2130	0.7862	0.8036	30_项目/个人Unicode音型输入法/数据/𓆟Egyptian Hieroglyph字块.md	machine-initial-v3	visual-balanced-4prefix-v3
𓆃	U+13183	EGYPTIAN HIEROGLYPH H005	H005	jj	4	n	成列成排	h	0	h	横向	jjnh	jj:生命形（人物、人体、动物、鸟、鱼）;视觉聚类C4→n;族内视觉组S0;组状态首选h;采用首选→h	false	0.276687	2.5897	0.2343	1	0.1183	0.6877	0.7101	30_项目/个人Unicode音型输入法/数据/𓆟Egyptian Hieroglyph字块.md	machine-initial-v3	visual-balanced-4prefix-v3
𓆄	U+13184	EGYPTIAN HIEROGLYPH H006	H006	jj	16	d	点状	s	0	s	对称	jjds	jj:生命形（人物、人体、动物、鸟、鱼）;视觉聚类C16→d;族内视觉组S0;组状态首选s;采用首选→s	false	0.219082	0.3958	0.1151	1	0.2459	0.7829	0.8377	30_项目/个人Unicode音型输入法/数据/𓆟Egyptian Hieroglyph字块.md	machine-initial-v3	visual-balanced-4prefix-v3
𓆅	U+13185	EGYPTIAN HIEROGLYPH H006A	H006a	jj	24	c	曲弧	s	1	o	外包	jjco	jj:生命形（人物、人体、动物、鸟、鱼）;视觉聚类C24→c;族内视觉组S1;组状态首选s;唯一键平衡→o	true	0.278884	0.5417	0.1044	1	0.2027	0.8121	0.8730	30_项目/个人Unicode音型输入法/数据/𓆟Egyptian Hieroglyph字块.md	machine-initial-v3	visual-balanced-4prefix-v3
𓆆	U+13186	EGYPTIAN HIEROGLYPH H007	H007	jj	8	m	复合	s	4	s	对称	jjms	jj:生命形（人物、人体、动物、鸟、鱼）;视觉聚类C8→m;族内视觉组S4;组状态首选s;采用首选→s	false	0.599670	1.0625	0.0960	1	0.0265	0.8438	0.8503	30_项目/个人Unicode音型输入法/数据/𓆟Egyptian Hieroglyph字块.md	machine-initial-v3	visual-balanced-4prefix-v3
𓆇	U+13187	EGYPTIAN HIEROGLYPH H008	H008	jj	20	e	椭圆	i	4	i	内含	jjei	jj:生命形（人物、人体、动物、鸟、鱼）;视觉聚类C20→e;族内视觉组S4;组状态首选i;采用首选→i	false	0.650721	0.8305	0.1003	1	0.3234	0.8187	0.8167	30_项目/个人Unicode音型输入法/数据/𓆟Egyptian Hieroglyph字块.md	machine-initial-v3	visual-balanced-4prefix-v3
𓆈	U+13188	EGYPTIAN HIEROGLYPH I001	I001	jj	17	j	钩弯	s	5	o	外包	jjjo	jj:生命形（人物、人体、动物、鸟、鱼）;视觉聚类C17→j;族内视觉组S5;组状态首选s;唯一键平衡→o	true	0.408483	1.0521	0.0870	1	0.0694	0.8573	0.8362	30_项目/个人Unicode音型输入法/数据/𓆟Egyptian Hieroglyph字块.md	machine-initial-v3	visual-balanced-4prefix-v3
𓆉	U+13189	EGYPTIAN HIEROGLYPH I002	I002	jj	5	g	动物有机体	i	5	o	外包	jjgo	jj:生命形（人物、人体、动物、鸟、鱼）;视觉聚类C5→g;族内视觉组S5;组状态首选i;唯一键平衡→o	true	0.592668	1.4167	0.1208	1	0.2686	0.7957	0.9490	30_项目/个人Unicode音型输入法/数据/𓆟Egyptian Hieroglyph字块.md	machine-initial-v3	visual-balanced-4prefix-v3
𓆊	U+1318A	EGYPTIAN HIEROGLYPH I003	I003	jj	1	l	线条	h	1	h	横向	jjlh	jj:生命形（人物、人体、动物、鸟、鱼）;视觉聚类C1→l;族内视觉组S1;组状态首选h;采用首选→h	false	0.234450	2.7297	0.1507	1	0.1680	0.7597	0.7533	30_项目/个人Unicode音型输入法/数据/𓆟Egyptian Hieroglyph字块.md	machine-initial-v3	visual-balanced-4prefix-v3
𓆋	U+1318B	EGYPTIAN HIEROGLYPH I004	I004	jj	0	x	交叉	s	1	s	对称	jjxs	jj:生命形（人物、人体、动物、鸟、鱼）;视觉聚类C0→x;族内视觉组S1;组状态首选s;采用首选→s	false	0.792603	1.1882	0.1689	1	0.1997	0.7997	0.7197	30_项目/个人Unicode音型输入法/数据/𓆟Egyptian Hieroglyph字块.md	machine-initial-v3	visual-balanced-4prefix-v3
𓆌	U+1318C	EGYPTIAN HIEROGLYPH I005	I005	jj	17	j	钩弯	s	5	o	外包	jjjo	jj:生命形（人物、人体、动物、鸟、鱼）;视觉聚类C17→j;族内视觉组S5;组状态首选s;唯一键平衡→o	true	0.322844	1.9804	0.1559	1	0.2118	0.7643	0.7224	30_项目/个人Unicode音型输入法/数据/𓆟Egyptian Hieroglyph字块.md	machine-initial-v3	visual-balanced-4prefix-v3
𓆍	U+1318D	EGYPTIAN HIEROGLYPH I005A	I005a	jj	7	r	放射星芒	s	3	c	闭合	jjrc	jj:生命形（人物、人体、动物、鸟、鱼）;视觉聚类C7→r;族内视觉组S3;组状态首选s;唯一键平衡→c	true	0.720714	2.8857	0.1547	1	0.1454	0.7884	0.7850	30_项目/个人Unicode音型输入法/数据/𓆟Egyptian Hieroglyph字块.md	machine-initial-v3	visual-balanced-4prefix-v3
𓆎	U+1318E	EGYPTIAN HIEROGLYPH I006	I006	jj	5	g	动物有机体	s	6	w	宽展	jjgw	jj:生命形（人物、人体、动物、鸟、鱼）;视觉聚类C5→g;族内视觉组S6;组状态首选s;唯一键平衡→w	true	0.712558	1.5909	0.1422	1	0.3581	0.7987	0.8623	30_项目/个人Unicode音型输入法/数据/𓆟Egyptian Hieroglyph字块.md	machine-initial-v3	visual-balanced-4prefix-v3
𓆏	U+1318F	EGYPTIAN HIEROGLYPH I007	I007	jj	5	g	动物有机体	s	6	w	宽展	jjgw	jj:生命形（人物、人体、动物、鸟、鱼）;视觉聚类C5→g;族内视觉组S6;组状态首选s;唯一键平衡→w	true	0.464681	1.3373	0.1100	1	0.3504	0.8279	0.8098	30_项目/个人Unicode音型输入法/数据/𓆟Egyptian Hieroglyph字块.md	machine-initial-v3	visual-balanced-4prefix-v3
𓆐	U+13190	EGYPTIAN HIEROGLYPH I008	I008	jj	17	j	钩弯	s	0	q	倾斜	jjjq	jj:生命形（人物、人体、动物、鸟、鱼）;视觉聚类C17→j;族内视觉组S0;组状态首选s;唯一键平衡→q	true	0.373088	0.8854	0.0737	1	0.1792	0.8779	0.8664	30_项目/个人Unicode音型输入法/数据/𓆟Egyptian Hieroglyph字块.md	machine-initial-v3	visual-balanced-4prefix-v3
𓆑	U+13191	EGYPTIAN HIEROGLYPH I009	I009	jj	1	l	线条	h	1	h	横向	jjlh	jj:生命形（人物、人体、动物、鸟、鱼）;视觉聚类C1→l;族内视觉组S1;组状态首选h;采用首选→h	false	0.198770	2.7297	0.1239	1	0.0808	0.8014	0.7881	30_项目/个人Unicode音型输入法/数据/𓆟Egyptian Hieroglyph字块.md	machine-initial-v3	visual-balanced-4prefix-v3
𓆒	U+13192	EGYPTIAN HIEROGLYPH I009A	I009a	jj	22	s	方框	s	2	w	宽展	jjsw	jj:生命形（人物、人体、动物、鸟、鱼）;视觉聚类C22→s;族内视觉组S2;组状态首选s;唯一键平衡→w	true	0.372628	1.9804	0.1838	2	0.1268	0.7892	0.7853	30_项目/个人Unicode音型输入法/数据/𓆟Egyptian Hieroglyph字块.md	machine-initial-v3	visual-balanced-4prefix-v3
𓆓	U+13193	EGYPTIAN HIEROGLYPH I010	I010	jj	18	p	螺旋回环	s	2	s	对称	jjps	jj:生命形（人物、人体、动物、鸟、鱼）;视觉聚类C18→p;族内视觉组S2;组状态首选s;采用首选→s	false	0.333325	1.0521	0.0671	1	0.0616	0.8987	0.8764	30_项目/个人Unicode音型输入法/数据/𓆟Egyptian Hieroglyph字块.md	machine-initial-v3	visual-balanced-4prefix-v3
𓆔	U+13194	EGYPTIAN HIEROGLYPH I010A	I010a	jj	18	p	螺旋回环	s	2	s	对称	jjps	jj:生命形（人物、人体、动物、鸟、鱼）;视觉聚类C18→p;族内视觉组S2;组状态首选s;采用首选→s	false	0.482141	1.0521	0.0797	1	0.0616	0.8872	0.8583	30_项目/个人Unicode音型输入法/数据/𓆟Egyptian Hieroglyph字块.md	machine-initial-v3	visual-balanced-4prefix-v3
𓆕	U+13195	EGYPTIAN HIEROGLYPH I011	I011	jj	18	p	螺旋回环	s	2	s	对称	jjps	jj:生命形（人物、人体、动物、鸟、鱼）;视觉聚类C18→p;族内视觉组S2;组状态首选s;采用首选→s	false	0.352189	1.0521	0.0775	1	0.0586	0.8764	0.8517	30_项目/个人Unicode音型输入法/数据/𓆟Egyptian Hieroglyph字块.md	machine-initial-v3	visual-balanced-4prefix-v3
𓆖	U+13196	EGYPTIAN HIEROGLYPH I011A	I011a	jj	8	m	复合	s	4	s	对称	jjms	jj:生命形（人物、人体、动物、鸟、鱼）;视觉聚类C8→m;族内视觉组S4;组状态首选s;采用首选→s	false	0.522179	1.0521	0.1138	3	0.0574	0.8678	0.7968	30_项目/个人Unicode音型输入法/数据/𓆟Egyptian Hieroglyph字块.md	machine-initial-v3	visual-balanced-4prefix-v3
𓆗	U+13197	EGYPTIAN HIEROGLYPH I012	I012	jj	10	t	三角尖形	s	0	s	对称	jjts	jj:生命形（人物、人体、动物、鸟、鱼）;视觉聚类C10→t;族内视觉组S0;组状态首选s;采用首选→s	false	0.341311	0.7292	0.1022	1	0.1637	0.8562	0.8205	30_项目/个人Unicode音型输入法/数据/𓆟Egyptian Hieroglyph字块.md	machine-initial-v3	visual-balanced-4prefix-v3
𓆘	U+13198	EGYPTIAN HIEROGLYPH I013	I013	jj	10	t	三角尖形	s	0	s	对称	jjts	jj:生命形（人物、人体、动物、鸟、鱼）;视觉聚类C10→t;族内视觉组S0;组状态首选s;采用首选→s	false	0.337989	0.7292	0.1165	1	0.1333	0.8503	0.8003	30_项目/个人Unicode音型输入法/数据/𓆟Egyptian Hieroglyph字块.md	machine-initial-v3	visual-balanced-4prefix-v3
𓆙	U+13199	EGYPTIAN HIEROGLYPH I014	I014	jj	6	z	阶梯锯齿	s	1	x	穿过交叠	jjzx	jj:生命形（人物、人体、动物、鸟、鱼）;视觉聚类C6→z;族内视觉组S1;组状态首选s;唯一键平衡→x	true	0.331633	1.9804	0.1477	1	0.0349	0.7876	0.7701	30_项目/个人Unicode音型输入法/数据/𓆟Egyptian Hieroglyph字块.md	machine-initial-v3	visual-balanced-4prefix-v3
𓆚	U+1319A	EGYPTIAN HIEROGLYPH I015	I015	jj	6	z	阶梯锯齿	s	8	s	对称	jjzs	jj:生命形（人物、人体、动物、鸟、鱼）;视觉聚类C6→z;族内视觉组S8;组状态首选s;采用首选→s	false	0.368629	1.7119	0.1789	1	0.0396	0.7288	0.7708	30_项目/个人Unicode音型输入法/数据/𓆟Egyptian Hieroglyph字块.md	machine-initial-v3	visual-balanced-4prefix-v3
𓆛	U+1319B	EGYPTIAN HIEROGLYPH K001	K001	jj	11	w	波浪流线	i	2	c	闭合	jjwc	jj:生命形（人物、人体、动物、鸟、鱼）;视觉聚类C11→w;族内视觉组S2;组状态首选i;唯一键平衡→c	true	0.359448	1.8364	0.1357	1	0.2031	0.8106	0.7624	30_项目/个人Unicode音型输入法/数据/𓆟Egyptian Hieroglyph字块.md	machine-initial-v3	visual-balanced-4prefix-v3
𓆜	U+1319C	EGYPTIAN HIEROGLYPH K002	K002	jj	11	w	波浪流线	s	3	e	空心低填充	jjwe	jj:生命形（人物、人体、动物、鸟、鱼）;视觉聚类C11→w;族内视觉组S3;组状态首选s;唯一键平衡→e	true	0.244085	1.9423	0.1133	2	0.2123	0.8340	0.8153	30_项目/个人Unicode音型输入法/数据/𓆟Egyptian Hieroglyph字块.md	machine-initial-v3	visual-balanced-4prefix-v3
𓆝	U+1319D	EGYPTIAN HIEROGLYPH K003	K003	jj	11	w	波浪流线	i	4	o	外包	jjwo	jj:生命形（人物、人体、动物、鸟、鱼）;视觉聚类C11→w;族内视觉组S4;组状态首选i;唯一键平衡→o	true	0.335529	2.0200	0.1491	1	0.1758	0.7739	0.7446	30_项目/个人Unicode音型输入法/数据/𓆟Egyptian Hieroglyph字块.md	machine-initial-v3	visual-balanced-4prefix-v3
𓆞	U+1319E	EGYPTIAN HIEROGLYPH K004	K004	jj	17	j	钩弯	s	5	o	外包	jjjo	jj:生命形（人物、人体、动物、鸟、鱼）;视觉聚类C17→j;族内视觉组S5;组状态首选s;唯一键平衡→o	true	0.303375	1.9804	0.1190	1	0.1390	0.7903	0.7907	30_项目/个人Unicode音型输入法/数据/𓆟Egyptian Hieroglyph字块.md	machine-initial-v3	visual-balanced-4prefix-v3
𓆟	U+1319F	EGYPTIAN HIEROGLYPH K005	K005	jj	4	g	动物有机体	h	-1	h	横向	jjgh	用户锚点：𓆟为生命形、动物有机体、横向	false	0.295211	2.2955	0.1577	1	0.1991	0.7669	0.8609	30_项目/个人Unicode音型输入法/数据/𓆟Egyptian Hieroglyph字块.md	machine-initial-v3	visual-balanced-4prefix-v3
𓆠	U+131A0	EGYPTIAN HIEROGLYPH K006	K006	jj	20	e	椭圆	i	0	o	外包	jjeo	jj:生命形（人物、人体、动物、鸟、鱼）;视觉聚类C20→e;族内视觉组S0;组状态首选i;唯一键平衡→o	true	0.631928	0.8070	0.1011	1	0.2670	0.8314	0.9764	30_项目/个人Unicode音型输入法/数据/𓆟Egyptian Hieroglyph字块.md	machine-initial-v3	visual-balanced-4prefix-v3
𓆡	U+131A1	EGYPTIAN HIEROGLYPH K007	K007	jj	18	p	螺旋回环	s	0	c	闭合	jjpc	jj:生命形（人物、人体、动物、鸟、鱼）;视觉聚类C18→p;族内视觉组S0;组状态首选s;唯一键平衡→c	true	0.465197	1.0521	0.0709	1	0.3044	0.8676	0.8678	30_项目/个人Unicode音型输入法/数据/𓆟Egyptian Hieroglyph字块.md	machine-initial-v3	visual-balanced-4prefix-v3
𓆢	U+131A2	EGYPTIAN HIEROGLYPH K008	K008	jj	11	w	波浪流线	s	0	s	对称	jjws	jj:生命形（人物、人体、动物、鸟、鱼）;视觉聚类C11→w;族内视觉组S0;组状态首选s;采用首选→s	false	0.319013	2.0213	0.1677	3	0.2166	0.7922	0.9606	30_项目/个人Unicode音型输入法/数据/𓆟Egyptian Hieroglyph字块.md	machine-initial-v3	visual-balanced-4prefix-v3
𓆣	U+131A3	EGYPTIAN HIEROGLYPH L001	L001	jj	12	k	绳结	s	3	s	对称	jjks	jj:生命形（人物、人体、动物、鸟、鱼）;视觉聚类C12→k;族内视觉组S3;组状态首选s;采用首选→s	false	0.520958	0.7292	0.1518	1	0.0795	0.9690	0.7702	30_项目/个人Unicode音型输入法/数据/𓆟Egyptian Hieroglyph字块.md	machine-initial-v3	visual-balanced-4prefix-v3
𓆤	U+131A4	EGYPTIAN HIEROGLYPH L002	L002	jj	8	m	复合	s	2	x	穿过交叠	jjmx	jj:生命形（人物、人体、动物、鸟、鱼）;视觉聚类C8→m;族内视觉组S2;组状态首选s;唯一键平衡→x	true	0.584261	1.0521	0.1330	1	0.0642	0.7723	0.7706	30_项目/个人Unicode音型输入法/数据/𓆟Egyptian Hieroglyph字块.md	machine-initial-v3	visual-balanced-4prefix-v3
𓆥	U+131A5	EGYPTIAN HIEROGLYPH L002A	L002a	jj	8	m	复合	m	1	m	重复多部件	jjmm	jj:生命形（人物、人体、动物、鸟、鱼）;视觉聚类C8→m;族内视觉组S1;组状态首选m;采用首选→m	false	0.535921	1.0417	0.1326	6	0.0387	0.8406	0.8031	30_项目/个人Unicode音型输入法/数据/𓆟Egyptian Hieroglyph字块.md	machine-initial-v3	visual-balanced-4prefix-v3
𓆦	U+131A6	EGYPTIAN HIEROGLYPH L003	L003	jj	16	d	点状	i	3	i	内含	jjdi	jj:生命形（人物、人体、动物、鸟、鱼）;视觉聚类C16→d;族内视觉组S3;组状态首选i;采用首选→i	false	0.462210	0.8854	0.1186	5	0.2925	0.9819	0.7868	30_项目/个人Unicode音型输入法/数据/𓆟Egyptian Hieroglyph字块.md	machine-initial-v3	visual-balanced-4prefix-v3
𓆧	U+131A7	EGYPTIAN HIEROGLYPH L004	L004	jj	1	l	线条	h	0	o	外包	jjlo	jj:生命形（人物、人体、动物、鸟、鱼）;视觉聚类C1→l;族内视觉组S0;组状态首选h;唯一键平衡→o	true	0.330556	1.9804	0.1829	1	0.0485	0.7507	0.7391	30_项目/个人Unicode音型输入法/数据/𓆟Egyptian Hieroglyph字块.md	machine-initial-v3	visual-balanced-4prefix-v3
𓆨	U+131A8	EGYPTIAN HIEROGLYPH L005	L005	jj	19	a	角折	s	2	s	对称	jjas	jj:生命形（人物、人体、动物、鸟、鱼）;视觉聚类C19→a;族内视觉组S2;组状态首选s;采用首选→s	false	0.206725	2.7297	0.1678	1	0.0792	0.8245	0.7800	30_项目/个人Unicode音型输入法/数据/𓆟Egyptian Hieroglyph字块.md	machine-initial-v3	visual-balanced-4prefix-v3
𓆩	U+131A9	EGYPTIAN HIEROGLYPH L006	L006	jj	18	p	螺旋回环	s	3	o	外包	jjpo	jj:生命形（人物、人体、动物、鸟、鱼）;视觉聚类C18→p;族内视觉组S3;组状态首选s;唯一键平衡→o	true	0.923112	1.0784	0.0873	1	0.1619	0.8439	0.8410	30_项目/个人Unicode音型输入法/数据/𓆟Egyptian Hieroglyph字块.md	machine-initial-v3	visual-balanced-4prefix-v3
𓆪	U+131AA	EGYPTIAN HIEROGLYPH L006A	L006a	jj	13	v	开口V形	s	0	s	对称	jjvs	jj:生命形（人物、人体、动物、鸟、鱼）;视觉聚类C13→v;族内视觉组S0;组状态首选s;采用首选→s	false	0.995017	1.0784	0.0877	1	0.1611	0.8431	0.8410	30_项目/个人Unicode音型输入法/数据/𓆟Egyptian Hieroglyph字块.md	machine-initial-v3	visual-balanced-4prefix-v3
𓆫	U+131AB	EGYPTIAN HIEROGLYPH L007	L007	jj	12	k	绳结	s	5	o	外包	jjko	jj:生命形（人物、人体、动物、鸟、鱼）;视觉聚类C12→k;族内视觉组S5;组状态首选s;唯一键平衡→o	true	0.387359	0.8125	0.1111	1	0.1498	0.9882	0.8082	30_项目/个人Unicode音型输入法/数据/𓆟Egyptian Hieroglyph字块.md	machine-initial-v3	visual-balanced-4prefix-v3
𓆬	U+131AC	EGYPTIAN HIEROGLYPH L008	L008	jj	16	d	点状	s	0	s	对称	jjds	jj:生命形（人物、人体、动物、鸟、鱼）;视觉聚类C16→d;族内视觉组S0;组状态首选s;采用首选→s	false	0.182104	0.3333	0.1576	1	0.3014	0.9557	0.8854	30_项目/个人Unicode音型输入法/数据/𓆟Egyptian Hieroglyph字块.md	machine-initial-v3	visual-balanced-4prefix-v3
𓆭	U+131AD	EGYPTIAN HIEROGLYPH M001	M001	jn	10	t	三角尖形	s	0	s	对称	jnts	jn:自然、天地、水和植物;视觉聚类C10→t;族内视觉组S0;组状态首选s;采用首选→s	false	0.232839	0.5208	0.0935	1	0.3729	0.9804	0.8712	30_项目/个人Unicode音型输入法/数据/𓆟Egyptian Hieroglyph字块.md	machine-initial-v3	visual-balanced-4prefix-v3
𓆮	U+131AE	EGYPTIAN HIEROGLYPH M001A	M001a	jn	13	v	开口V形	s	1	s	对称	jnvs	jn:自然、天地、水和植物;视觉聚类C13→v;族内视觉组S1;组状态首选s;采用首选→s	false	0.500777	1.0208	0.0828	1	0.1820	0.8620	0.8739	30_项目/个人Unicode音型输入法/数据/𓆟Egyptian Hieroglyph字块.md	machine-initial-v3	visual-balanced-4prefix-v3
𓆯	U+131AF	EGYPTIAN HIEROGLYPH M001B	M001b	jn	13	v	开口V形	s	1	s	对称	jnvs	jn:自然、天地、水和植物;视觉聚类C13→v;族内视觉组S1;组状态首选s;采用首选→s	false	0.433479	1.0521	0.0880	1	0.1744	0.8467	0.8616	30_项目/个人Unicode音型输入法/数据/𓆟Egyptian Hieroglyph字块.md	machine-initial-v3	visual-balanced-4prefix-v3
𓆰	U+131B0	EGYPTIAN HIEROGLYPH M002	M002	jn	8	m	复合	s	1	o	外包	jnmo	jn:自然、天地、水和植物;视觉聚类C8→m;族内视觉组S1;组状态首选s;唯一键平衡→o	true	0.792500	1.0625	0.1387	1	0.0421	0.7768	0.7685	30_项目/个人Unicode音型输入法/数据/𓆟Egyptian Hieroglyph字块.md	machine-initial-v3	visual-balanced-4prefix-v3
𓆱	U+131B1	EGYPTIAN HIEROGLYPH M003	M003	jn	19	a	角折	s	1	s	对称	jnas	jn:自然、天地、水和植物;视觉聚类C19→a;族内视觉组S1;组状态首选s;采用首选→s	false	0.217893	3.6071	0.1453	1	0.0000	0.7659	0.7348	30_项目/个人Unicode音型输入法/数据/𓆟Egyptian Hieroglyph字块.md	machine-initial-v3	visual-balanced-4prefix-v3
𓆲	U+131B2	EGYPTIAN HIEROGLYPH M003A	M003a	jn	7	r	放射星芒	s	2	o	外包	jnro	jn:自然、天地、水和植物;视觉聚类C7→r;族内视觉组S2;组状态首选s;唯一键平衡→o	true	0.609983	1.0521	0.1354	2	0.0829	0.7797	0.7745	30_项目/个人Unicode音型输入法/数据/𓆟Egyptian Hieroglyph字块.md	machine-initial-v3	visual-balanced-4prefix-v3
𓆳	U+131B3	EGYPTIAN HIEROGLYPH M004	M004	jn	19	a	角折	s	1	s	对称	jnas	jn:自然、天地、水和植物;视觉聚类C19→a;族内视觉组S1;组状态首选s;采用首选→s	false	0.392741	0.3958	0.0979	1	0.0118	0.8120	0.9391	30_项目/个人Unicode音型输入法/数据/𓆟Egyptian Hieroglyph字块.md	machine-initial-v3	visual-balanced-4prefix-v3
𓆴	U+131B4	EGYPTIAN HIEROGLYPH M005	M005	jn	3	i	细柱	s	0	o	外包	jnio	jn:自然、天地、水和植物;视觉聚类C3→i;族内视觉组S0;组状态首选s;唯一键平衡→o	true	0.162534	0.5625	0.0966	1	0.0500	0.9325	0.9047	30_项目/个人Unicode音型输入法/数据/𓆟Egyptian Hieroglyph字块.md	machine-initial-v3	visual-balanced-4prefix-v3
𓆵	U+131B5	EGYPTIAN HIEROGLYPH M006	M006	jn	3	i	细柱	s	0	o	外包	jnio	jn:自然、天地、水和植物;视觉聚类C3→i;族内视觉组S0;组状态首选s;唯一键平衡→o	true	0.190654	0.6354	0.0920	1	0.0174	0.9604	0.9115	30_项目/个人Unicode音型输入法/数据/𓆟Egyptian Hieroglyph字块.md	machine-initial-v3	visual-balanced-4prefix-v3
𓆶	U+131B6	EGYPTIAN HIEROGLYPH M007	M007	jn	24	c	曲弧	s	0	v	纵向	jncv	jn:自然、天地、水和植物;视觉聚类C24→c;族内视觉组S0;组状态首选s;唯一键平衡→v	true	0.242496	0.4271	0.1397	1	0.1052	0.7642	0.8201	30_项目/个人Unicode音型输入法/数据/𓆟Egyptian Hieroglyph字块.md	machine-initial-v3	visual-balanced-4prefix-v3
𓆷	U+131B7	EGYPTIAN HIEROGLYPH M008	M008	jn	22	s	方框	i	0	i	内含	jnsi	jn:自然、天地、水和植物;视觉聚类C22→s;族内视觉组S0;组状态首选i;采用首选→i	false	0.471921	1.6557	0.1802	1	0.2392	0.9961	0.7653	30_项目/个人Unicode音型输入法/数据/𓆟Egyptian Hieroglyph字块.md	machine-initial-v3	visual-balanced-4prefix-v3
𓆸	U+131B8	EGYPTIAN HIEROGLYPH M009	M009	jn	17	j	钩弯	s	0	s	对称	jnjs	jn:自然、天地、水和植物;视觉聚类C17→j;族内视觉组S0;组状态首选s;采用首选→s	false	0.508742	1.2169	0.1126	1	0.0276	0.8251	0.7850	30_项目/个人Unicode音型输入法/数据/𓆟Egyptian Hieroglyph字块.md	machine-initial-v3	visual-balanced-4prefix-v3
𓆹	U+131B9	EGYPTIAN HIEROGLYPH M010	M010	jn	18	p	螺旋回环	s	1	o	外包	jnpo	jn:自然、天地、水和植物;视觉聚类C18→p;族内视觉组S1;组状态首选s;唯一键平衡→o	true	0.537142	1.0625	0.0756	1	0.0894	0.8594	0.8559	30_项目/个人Unicode音型输入法/数据/𓆟Egyptian Hieroglyph字块.md	machine-initial-v3	visual-balanced-4prefix-v3
𓆺	U+131BA	EGYPTIAN HIEROGLYPH M010A	M010a	jn	11	w	波浪流线	s	0	o	外包	jnwo	jn:自然、天地、水和植物;视觉聚类C11→w;族内视觉组S0;组状态首选s;唯一键平衡→o	true	0.417187	1.6667	0.1541	1	0.1377	0.7689	0.7444	30_项目/个人Unicode音型输入法/数据/𓆟Egyptian Hieroglyph字块.md	machine-initial-v3	visual-balanced-4prefix-v3
𓆻	U+131BB	EGYPTIAN HIEROGLYPH M011	M011	jn	11	w	波浪流线	s	0	o	外包	jnwo	jn:自然、天地、水和植物;视觉聚类C11→w;族内视觉组S0;组状态首选s;唯一键平衡→o	true	0.584009	2.3488	0.2047	1	0.0101	0.8770	0.6155	30_项目/个人Unicode音型输入法/数据/𓆟Egyptian Hieroglyph字块.md	machine-initial-v3	visual-balanced-4prefix-v3
𓆼	U+131BC	EGYPTIAN HIEROGLYPH M012	M012	jn	3	i	细柱	s	0	o	外包	jnio	jn:自然、天地、水和植物;视觉聚类C3→i;族内视觉组S0;组状态首选s;唯一键平衡→o	true	0.180636	0.4167	0.1297	1	0.0701	0.9281	0.8719	30_项目/个人Unicode音型输入法/数据/𓆟Egyptian Hieroglyph字块.md	machine-initial-v3	visual-balanced-4prefix-v3
𓆽	U+131BD	EGYPTIAN HIEROGLYPH M012A	M012a	jn	10	t	三角尖形	s	0	s	对称	jnts	jn:自然、天地、水和植物;视觉聚类C10→t;族内视觉组S0;组状态首选s;采用首选→s	false	0.395844	0.7292	0.1467	2	0.0385	0.9310	0.8583	30_项目/个人Unicode音型输入法/数据/𓆟Egyptian Hieroglyph字块.md	machine-initial-v3	visual-balanced-4prefix-v3
𓆾	U+131BE	EGYPTIAN HIEROGLYPH M012B	M012b	jn	8	m	复合	s	0	s	对称	jnms	jn:自然、天地、水和植物;视觉聚类C8→m;族内视觉组S0;组状态首选s;采用首选→s	false	0.799630	1.0521	0.1475	3	0.0271	0.9264	0.8535	30_项目/个人Unicode音型输入法/数据/𓆟Egyptian Hieroglyph字块.md	machine-initial-v3	visual-balanced-4prefix-v3
𓆿	U+131BF	EGYPTIAN HIEROGLYPH M012C	M012c	jn	5	g	动物有机体	s	0	s	对称	jngs	jn:自然、天地、水和植物;视觉聚类C5→g;族内视觉组S0;组状态首选s;采用首选→s	false	0.397682	1.3542	0.1522	4	0.0208	0.9079	0.8495	30_项目/个人Unicode音型输入法/数据/𓆟Egyptian Hieroglyph字块.md	machine-initial-v3	visual-balanced-4prefix-v3
𓇀	U+131C0	EGYPTIAN HIEROGLYPH M012D	M012d	jn	5	g	动物有机体	s	1	o	外包	jngo	jn:自然、天地、水和植物;视觉聚类C5→g;族内视觉组S1;组状态首选s;唯一键平衡→o	true	0.341392	1.3542	0.1567	5	0.0165	0.8978	0.8490	30_项目/个人Unicode音型输入法/数据/𓆟Egyptian Hieroglyph字块.md	machine-initial-v3	visual-balanced-4prefix-v3
𓇁	U+131C1	EGYPTIAN HIEROGLYPH M012E	M012e	jn	20	e	椭圆	s	0	s	对称	jnes	jn:自然、天地、水和植物;视觉聚类C20→e;族内视觉组S0;组状态首选s;采用首选→s	false	0.252132	0.7292	0.1533	6	0.0132	0.9405	0.8363	30_项目/个人Unicode音型输入法/数据/𓆟Egyptian Hieroglyph字块.md	machine-initial-v3	visual-balanced-4prefix-v3
𓇂	U+131C2	EGYPTIAN HIEROGLYPH M012F	M012f	jn	20	e	椭圆	s	0	s	对称	jnes	jn:自然、天地、水和植物;视觉聚类C20→e;族内视觉组S0;组状态首选s;采用首选→s	false	0.339153	0.8854	0.1408	7	0.0100	0.9275	0.7816	30_项目/个人Unicode音型输入法/数据/𓆟Egyptian Hieroglyph字块.md	machine-initial-v3	visual-balanced-4prefix-v3
𓇃	U+131C3	EGYPTIAN HIEROGLYPH M012G	M012g	jn	8	m	复合	s	0	s	对称	jnms	jn:自然、天地、水和植物;视觉聚类C8→m;族内视觉组S0;组状态首选s;采用首选→s	false	0.374521	0.8854	0.1609	12	0.0091	0.9488	0.8522	30_项目/个人Unicode音型输入法/数据/𓆟Egyptian Hieroglyph字块.md	machine-initial-v3	visual-balanced-4prefix-v3
𓇄	U+131C4	EGYPTIAN HIEROGLYPH M012H	M012h	jn	18	p	螺旋回环	s	1	o	外包	jnpo	jn:自然、天地、水和植物;视觉聚类C18→p;族内视觉组S1;组状态首选s;唯一键平衡→o	true	0.253547	0.5521	0.1808	29	0.0086	0.9230	0.8113	30_项目/个人Unicode音型输入法/数据/𓆟Egyptian Hieroglyph字块.md	machine-initial-v3	visual-balanced-4prefix-v3
𓇅	U+131C5	EGYPTIAN HIEROGLYPH M013	M013	jn	24	c	曲弧	s	1	s	对称	jncs	jn:自然、天地、水和植物;视觉聚类C24→c;族内视觉组S1;组状态首选s;采用首选→s	false	0.137111	0.5104	0.1040	1	0.0861	0.9753	0.8525	30_项目/个人Unicode音型输入法/数据/𓆟Egyptian Hieroglyph字块.md	machine-initial-v3	visual-balanced-4prefix-v3
𓇆	U+131C6	EGYPTIAN HIEROGLYPH M014	M014	jn	18	p	螺旋回环	s	1	o	外包	jnpo	jn:自然、天地、水和植物;视觉聚类C18→p;族内视觉组S1;组状态首选s;唯一键平衡→o	true	0.408404	1.0521	0.1116	1	0.0608	0.8946	0.8189	30_项目/个人Unicode音型输入法/数据/𓆟Egyptian Hieroglyph字块.md	machine-initial-v3	visual-balanced-4prefix-v3
𓇇	U+131C7	EGYPTIAN HIEROGLYPH M015	M015	jn	12	k	绳结	s	1	s	对称	jnks	jn:自然、天地、水和植物;视觉聚类C12→k;族内视觉组S1;组状态首选s;采用首选→s	false	0.321375	0.7292	0.1399	1	0.0330	0.9780	0.8196	30_项目/个人Unicode音型输入法/数据/𓆟Egyptian Hieroglyph字块.md	machine-initial-v3	visual-balanced-4prefix-v3
𓇈	U+131C8	EGYPTIAN HIEROGLYPH M015A	M015a	jn	12	k	绳结	s	1	s	对称	jnks	jn:自然、天地、水和植物;视觉聚类C12→k;族内视觉组S1;组状态首选s;采用首选→s	false	0.386517	0.7292	0.1686	1	0.0241	0.9711	0.7640	30_项目/个人Unicode音型输入法/数据/𓆟Egyptian Hieroglyph字块.md	machine-initial-v3	visual-balanced-4prefix-v3
𓇉	U+131C9	EGYPTIAN HIEROGLYPH M016	M016	jn	13	v	开口V形	s	1	s	对称	jnvs	jn:自然、天地、水和植物;视觉聚类C13→v;族内视觉组S1;组状态首选s;采用首选→s	false	0.424186	0.7292	0.1125	1	0.0365	0.9940	0.8429	30_项目/个人Unicode音型输入法/数据/𓆟Egyptian Hieroglyph字块.md	machine-initial-v3	visual-balanced-4prefix-v3
𓇊	U+131CA	EGYPTIAN HIEROGLYPH M016A	M016a	jn	12	k	绳结	s	1	s	对称	jnks	jn:自然、天地、水和植物;视觉聚类C12→k;族内视觉组S1;组状态首选s;采用首选→s	false	0.363006	0.7292	0.1580	1	0.0287	0.9345	0.7851	30_项目/个人Unicode音型输入法/数据/𓆟Egyptian Hieroglyph字块.md	machine-initial-v3	visual-balanced-4prefix-v3
𓇋	U+131CB	EGYPTIAN HIEROGLYPH M017	M017	jn	16	d	点状	i	0	i	内含	jndi	jn:自然、天地、水和植物;视觉聚类C16→d;族内视觉组S0;组状态首选i;采用首选→i	false	0.131164	0.3646	0.1381	1	0.2390	0.7762	0.8631	30_项目/个人Unicode音型输入法/数据/𓆟Egyptian Hieroglyph字块.md	machine-initial-v3	visual-balanced-4prefix-v3
𓇌	U+131CC	EGYPTIAN HIEROGLYPH M017A	M017a	jn	20	e	椭圆	s	0	s	对称	jnes	jn:自然、天地、水和植物;视觉聚类C20→e;族内视觉组S0;组状态首选s;采用首选→s	false	0.376161	0.6771	0.1375	2	0.1362	0.7635	0.8551	30_项目/个人Unicode音型输入法/数据/𓆟Egyptian Hieroglyph字块.md	machine-initial-v3	visual-balanced-4prefix-v3
𓇍	U+131CD	EGYPTIAN HIEROGLYPH M018	M018	jn	16	d	点状	i	0	i	内含	jndi	jn:自然、天地、水和植物;视觉聚类C16→d;族内视觉组S0;组状态首选i;采用首选→i	false	0.240202	0.4167	0.1417	1	0.2211	0.7781	0.8406	30_项目/个人Unicode音型输入法/数据/𓆟Egyptian Hieroglyph字块.md	machine-initial-v3	visual-balanced-4prefix-v3
𓇎	U+131CE	EGYPTIAN HIEROGLYPH M019	M019	jn	0	x	交叉	s	0	s	对称	jnxs	jn:自然、天地、水和植物;视觉聚类C0→x;族内视觉组S0;组状态首选s;采用首选→s	false	0.671891	0.8854	0.1652	1	0.1080	0.7853	0.7564	30_项目/个人Unicode音型输入法/数据/𓆟Egyptian Hieroglyph字块.md	machine-initial-v3	visual-balanced-4prefix-v3
𓇏	U+131CF	EGYPTIAN HIEROGLYPH M020	M020	jn	7	r	放射星芒	s	2	o	外包	jnro	jn:自然、天地、水和植物;视觉聚类C7→r;族内视觉组S2;组状态首选s;唯一键平衡→o	true	0.818010	1.0521	0.1569	1	0.0892	0.8313	0.8348	30_项目/个人Unicode音型输入法/数据/𓆟Egyptian Hieroglyph字块.md	machine-initial-v3	visual-balanced-4prefix-v3
𓇐	U+131D0	EGYPTIAN HIEROGLYPH M021	M021	jn	8	m	复合	s	1	o	外包	jnmo	jn:自然、天地、水和植物;视觉聚类C8→m;族内视觉组S1;组状态首选s;唯一键平衡→o	true	0.632222	0.8854	0.1473	1	0.0602	0.8152	0.8172	30_项目/个人Unicode音型输入法/数据/𓆟Egyptian Hieroglyph字块.md	machine-initial-v3	visual-balanced-4prefix-v3
𓇑	U+131D1	EGYPTIAN HIEROGLYPH M022	M022	jn	3	i	细柱	s	1	s	对称	jnis	jn:自然、天地、水和植物;视觉聚类C3→i;族内视觉组S1;组状态首选s;采用首选→s	false	0.151205	0.5729	0.0782	1	0.0000	0.9822	0.9367	30_项目/个人Unicode音型输入法/数据/𓆟Egyptian Hieroglyph字块.md	machine-initial-v3	visual-balanced-4prefix-v3
𓇒	U+131D2	EGYPTIAN HIEROGLYPH M022A	M022a	jn	20	e	椭圆	s	0	s	对称	jnes	jn:自然、天地、水和植物;视觉聚类C20→e;族内视觉组S0;组状态首选s;采用首选→s	false	0.486294	1.0521	0.0818	2	0.0000	0.9825	0.9371	30_项目/个人Unicode音型输入法/数据/𓆟Egyptian Hieroglyph字块.md	machine-initial-v3	visual-balanced-4prefix-v3
𓇓	U+131D3	EGYPTIAN HIEROGLYPH M023	M023	jn	3	i	细柱	s	1	s	对称	jnis	jn:自然、天地、水和植物;视觉聚类C3→i;族内视觉组S1;组状态首选s;采用首选→s	false	0.114495	0.5521	0.0827	1	0.0000	0.9768	0.9226	30_项目/个人Unicode音型输入法/数据/𓆟Egyptian Hieroglyph字块.md	machine-initial-v3	visual-balanced-4prefix-v3
𓇔	U+131D4	EGYPTIAN HIEROGLYPH M024	M024	jn	3	i	细柱	s	1	s	对称	jnis	jn:自然、天地、水和植物;视觉聚类C3→i;族内视觉组S1;组状态首选s;采用首选→s	false	0.174267	0.5729	0.1006	1	0.0178	0.9799	0.8875	30_项目/个人Unicode音型输入法/数据/𓆟Egyptian Hieroglyph字块.md	machine-initial-v3	visual-balanced-4prefix-v3
𓇕	U+131D5	EGYPTIAN HIEROGLYPH M024A	M024a	jn	24	c	曲弧	s	1	s	对称	jncs	jn:自然、天地、水和植物;视觉聚类C24→c;族内视觉组S1;组状态首选s;采用首选→s	false	0.093909	0.3021	0.1196	1	0.1394	0.9878	0.8211	30_项目/个人Unicode音型输入法/数据/𓆟Egyptian Hieroglyph字块.md	machine-initial-v3	visual-balanced-4prefix-v3
𓇖	U+131D6	EGYPTIAN HIEROGLYPH M025	M025	jn	3	i	细柱	s	0	o	外包	jnio	jn:自然、天地、水和植物;视觉聚类C3→i;族内视觉组S0;组状态首选s;唯一键平衡→o	true	0.431707	0.7292	0.1442	1	0.0223	0.9664	0.8223	30_项目/个人Unicode音型输入法/数据/𓆟Egyptian Hieroglyph字块.md	machine-initial-v3	visual-balanced-4prefix-v3
𓇗	U+131D7	EGYPTIAN HIEROGLYPH M026	M026	jn	3	i	细柱	s	1	s	对称	jnis	jn:自然、天地、水和植物;视觉聚类C3→i;族内视觉组S1;组状态首选s;采用首选→s	false	0.348231	0.7292	0.1186	1	0.0000	0.9676	0.8568	30_项目/个人Unicode音型输入法/数据/𓆟Egyptian Hieroglyph字块.md	machine-initial-v3	visual-balanced-4prefix-v3
𓇘	U+131D8	EGYPTIAN HIEROGLYPH M027	M027	jn	2	y	分叉翼形	s	0	s	对称	jnys	jn:自然、天地、水和植物;视觉聚类C2→y;族内视觉组S0;组状态首选s;采用首选→s	false	0.727999	1.0521	0.1288	1	0.0179	0.8465	0.8001	30_项目/个人Unicode音型输入法/数据/𓆟Egyptian Hieroglyph字块.md	machine-initial-v3	visual-balanced-4prefix-v3
𓇙	U+131D9	EGYPTIAN HIEROGLYPH M028	M028	jn	3	i	细柱	s	2	x	穿过交叠	jnix	jn:自然、天地、水和植物;视觉聚类C3→i;族内视觉组S2;组状态首选s;唯一键平衡→x	true	0.364104	0.7292	0.1231	1	0.0000	0.9628	0.8521	30_项目/个人Unicode音型输入法/数据/𓆟Egyptian Hieroglyph字块.md	machine-initial-v3	visual-balanced-4prefix-v3
𓇚	U+131DA	EGYPTIAN HIEROGLYPH M028A	M028a	jn	12	k	绳结	s	1	s	对称	jnks	jn:自然、天地、水和植物;视觉聚类C12→k;族内视觉组S1;组状态首选s;采用首选→s	false	0.330688	0.6562	0.1581	1	0.0270	0.8548	0.7884	30_项目/个人Unicode音型输入法/数据/𓆟Egyptian Hieroglyph字块.md	machine-initial-v3	visual-balanced-4prefix-v3
𓇛	U+131DB	EGYPTIAN HIEROGLYPH M029	M029	jn	24	c	曲弧	s	1	s	对称	jncs	jn:自然、天地、水和植物;视觉聚类C24→c;族内视觉组S1;组状态首选s;采用首选→s	false	0.113296	0.3125	0.1462	1	0.2049	0.9326	0.8438	30_项目/个人Unicode音型输入法/数据/𓆟Egyptian Hieroglyph字块.md	machine-initial-v3	visual-balanced-4prefix-v3
𓇜	U+131DC	EGYPTIAN HIEROGLYPH M030	M030	jn	3	i	细柱	s	0	o	外包	jnio	jn:自然、天地、水和植物;视觉聚类C3→i;族内视觉组S0;组状态首选s;唯一键平衡→o	true	0.213443	0.4167	0.1224	1	0.1135	0.7927	0.8469	30_项目/个人Unicode音型输入法/数据/𓆟Egyptian Hieroglyph字块.md	machine-initial-v3	visual-balanced-4prefix-v3
𓇝	U+131DD	EGYPTIAN HIEROGLYPH M031	M031	jn	20	e	椭圆	i	1	i	内含	jnei	jn:自然、天地、水和植物;视觉聚类C20→e;族内视觉组S1;组状态首选i;采用首选→i	false	0.478808	0.7121	0.1335	1	0.3536	0.9742	0.7988	30_项目/个人Unicode音型输入法/数据/𓆟Egyptian Hieroglyph字块.md	machine-initial-v3	visual-balanced-4prefix-v3
𓇞	U+131DE	EGYPTIAN HIEROGLYPH M031A	M031a	jn	16	d	点状	i	0	i	内含	jndi	jn:自然、天地、水和植物;视觉聚类C16→d;族内视觉组S0;组状态首选i;采用首选→i	false	0.271235	0.4167	0.1466	1	0.1578	0.9401	0.7859	30_项目/个人Unicode音型输入法/数据/𓆟Egyptian Hieroglyph字块.md	machine-initial-v3	visual-balanced-4prefix-v3
𓇟	U+131DF	EGYPTIAN HIEROGLYPH M032	M032	jn	7	r	放射星芒	s	2	o	外包	jnro	jn:自然、天地、水和植物;视觉聚类C7→r;族内视觉组S2;组状态首选s;唯一键平衡→o	true	0.615027	0.4167	0.1547	1	0.2091	0.9771	0.7823	30_项目/个人Unicode音型输入法/数据/𓆟Egyptian Hieroglyph字块.md	machine-initial-v3	visual-balanced-4prefix-v3
𓇠	U+131E0	EGYPTIAN HIEROGLYPH M033	M033	jn	1	l	线条	h	0	h	横向	jnlh	jn:自然、天地、水和植物;视觉聚类C1→l;族内视觉组S0;组状态首选h;采用首选→h	false	0.160713	3.6071	0.1139	3	0.0290	0.8218	0.8218	30_项目/个人Unicode音型输入法/数据/𓆟Egyptian Hieroglyph字块.md	machine-initial-v3	visual-balanced-4prefix-v3
𓇡	U+131E1	EGYPTIAN HIEROGLYPH M033A	M033a	jn	24	c	曲弧	s	1	s	对称	jncs	jn:自然、天地、水和植物;视觉聚类C24→c;族内视觉组S1;组状态首选s;采用首选→s	false	0.153912	0.3021	0.1171	3	0.0295	0.8182	0.8118	30_项目/个人Unicode音型输入法/数据/𓆟Egyptian Hieroglyph字块.md	machine-initial-v3	visual-balanced-4prefix-v3
𓇢	U+131E2	EGYPTIAN HIEROGLYPH M033B	M033b	jn	18	p	螺旋回环	s	0	s	对称	jnps	jn:自然、天地、水和植物;视觉聚类C18→p;族内视觉组S0;组状态首选s;采用首选→s	false	0.774407	1.0606	0.0673	3	0.0186	0.8913	0.8654	30_项目/个人Unicode音型输入法/数据/𓆟Egyptian Hieroglyph字块.md	machine-initial-v3	visual-balanced-4prefix-v3
𓇣	U+131E3	EGYPTIAN HIEROGLYPH M034	M034	jn	3	i	细柱	s	1	s	对称	jnis	jn:自然、天地、水和植物;视觉聚类C3→i;族内视觉组S1;组状态首选s;采用首选→s	false	0.216169	0.5417	0.1268	1	0.0000	0.9932	0.8586	30_项目/个人Unicode音型输入法/数据/𓆟Egyptian Hieroglyph字块.md	machine-initial-v3	visual-balanced-4prefix-v3
𓇤	U+131E4	EGYPTIAN HIEROGLYPH M035	M035	jn	8	m	复合	s	0	s	对称	jnms	jn:自然、天地、水和植物;视觉聚类C8→m;族内视觉组S0;组状态首选s;采用首选→s	false	0.820237	1.0678	0.0920	1	0.3723	0.9656	0.8445	30_项目/个人Unicode音型输入法/数据/𓆟Egyptian Hieroglyph字块.md	machine-initial-v3	visual-balanced-4prefix-v3
𓇥	U+131E5	EGYPTIAN HIEROGLYPH M036	M036	jn	0	x	交叉	s	0	s	对称	jnxs	jn:自然、天地、水和植物;视觉聚类C0→x;族内视觉组S0;组状态首选s;采用首选→s	false	1.185076	1.1667	0.1819	1	0.2317	0.7867	0.7590	30_项目/个人Unicode音型输入法/数据/𓆟Egyptian Hieroglyph字块.md	machine-initial-v3	visual-balanced-4prefix-v3
𓇦	U+131E6	EGYPTIAN HIEROGLYPH M037	M037	jn	5	g	动物有机体	s	0	s	对称	jngs	jn:自然、天地、水和植物;视觉聚类C5→g;族内视觉组S0;组状态首选s;采用首选→s	false	2.111170	1.3404	0.3880	1	0.0213	0.6454	0.7839	30_项目/个人Unicode音型输入法/数据/𓆟Egyptian Hieroglyph字块.md	machine-initial-v3	visual-balanced-4prefix-v3
𓇧	U+131E7	EGYPTIAN HIEROGLYPH M038	M038	jn	5	g	动物有机体	s	1	o	外包	jngo	jn:自然、天地、水和植物;视觉聚类C5→g;族内视觉组S1;组状态首选s;唯一键平衡→o	true	0.902582	1.2879	0.2032	1	0.0893	0.7704	0.7027	30_项目/个人Unicode音型输入法/数据/𓆟Egyptian Hieroglyph字块.md	machine-initial-v3	visual-balanced-4prefix-v3
𓇨	U+131E8	EGYPTIAN HIEROGLYPH M039	M039	jn	9	o	圆环	i	1	o	外包	jnoo	jn:自然、天地、水和植物;视觉聚类C9→o;族内视觉组S1;组状态首选i;唯一键平衡→o	true	1.431605	1.0784	0.1512	1	0.2781	0.9586	0.7704	30_项目/个人Unicode音型输入法/数据/𓆟Egyptian Hieroglyph字块.md	machine-initial-v3	visual-balanced-4prefix-v3
𓇩	U+131E9	EGYPTIAN HIEROGLYPH M040	M040	jn	16	d	点状	i	0	i	内含	jndi	jn:自然、天地、水和植物;视觉聚类C16→d;族内视觉组S0;组状态首选i;采用首选→i	false	0.135818	0.3646	0.1411	1	0.2223	0.7571	0.9583	30_项目/个人Unicode音型输入法/数据/𓆟Egyptian Hieroglyph字块.md	machine-initial-v3	visual-balanced-4prefix-v3
𓇪	U+131EA	EGYPTIAN HIEROGLYPH M040A	M040a	jn	18	p	螺旋回环	s	1	o	外包	jnpo	jn:自然、天地、水和植物;视觉聚类C18→p;族内视觉组S1;组状态首选s;唯一键平衡→o	true	0.372840	0.4167	0.1211	1	0.0977	0.7911	0.9349	30_项目/个人Unicode音型输入法/数据/𓆟Egyptian Hieroglyph字块.md	machine-initial-v3	visual-balanced-4prefix-v3
𓇫	U+131EB	EGYPTIAN HIEROGLYPH M041	M041	jn	1	l	线条	h	0	h	横向	jnlh	jn:自然、天地、水和植物;视觉聚类C1→l;族内视觉组S0;组状态首选h;采用首选→h	false	0.266890	3.0000	0.1430	1	0.1183	0.7436	0.7515	30_项目/个人Unicode音型输入法/数据/𓆟Egyptian Hieroglyph字块.md	machine-initial-v3	visual-balanced-4prefix-v3
𓇬	U+131EC	EGYPTIAN HIEROGLYPH M042	M042	jn	1	l	线条	s	1	s	对称	jnls	jn:自然、天地、水和植物;视觉聚类C1→l;族内视觉组S1;组状态首选s;采用首选→s	false	0.239712	1.0521	0.0772	1	0.0343	0.9860	0.9866	30_项目/个人Unicode音型输入法/数据/𓆟Egyptian Hieroglyph字块.md	machine-initial-v3	visual-balanced-4prefix-v3
𓇭	U+131ED	EGYPTIAN HIEROGLYPH M043	M043	jn	0	x	交叉	s	0	s	对称	jnxs	jn:自然、天地、水和植物;视觉聚类C0→x;族内视觉组S0;组状态首选s;采用首选→s	false	0.959643	1.0521	0.1611	1	0.0118	0.8243	0.7979	30_项目/个人Unicode音型输入法/数据/𓆟Egyptian Hieroglyph字块.md	machine-initial-v3	visual-balanced-4prefix-v3
𓇮	U+131EE	EGYPTIAN HIEROGLYPH M044	M044	jn	10	t	三角尖形	s	0	s	对称	jnts	jn:自然、天地、水和植物;视觉聚类C10→t;族内视觉组S0;组状态首选s;采用首选→s	false	0.187797	0.4896	0.1022	1	0.2555	0.9699	0.8143	30_项目/个人Unicode音型输入法/数据/𓆟Egyptian Hieroglyph字块.md	machine-initial-v3	visual-balanced-4prefix-v3
𓇯	U+131EF	EGYPTIAN HIEROGLYPH N001	N001	jn	4	n	成列成排	h	2	h	横向	jnnh	jn:自然、天地、水和植物;视觉聚类C4→n;族内视觉组S2;组状态首选h;采用首选→h	false	0.214628	2.8857	0.1641	1	0.2999	0.9983	0.7579	30_项目/个人Unicode音型输入法/数据/𓆟Egyptian Hieroglyph字块.md	machine-initial-v3	visual-balanced-4prefix-v3
𓇰	U+131F0	EGYPTIAN HIEROGLYPH N002	N002	jn	18	p	螺旋回环	s	0	s	对称	jnps	jn:自然、天地、水和植物;视觉聚类C18→p;族内视觉组S0;组状态首选s;采用首选→s	false	0.653016	1.0521	0.0919	1	0.0638	0.9767	0.8509	30_项目/个人Unicode音型输入法/数据/𓆟Egyptian Hieroglyph字块.md	machine-initial-v3	visual-balanced-4prefix-v3
𓇱	U+131F1	EGYPTIAN HIEROGLYPH N003	N003	jn	18	p	螺旋回环	s	0	s	对称	jnps	jn:自然、天地、水和植物;视觉聚类C18→p;族内视觉组S0;组状态首选s;采用首选→s	false	0.581628	0.8854	0.1043	1	0.0626	0.9196	0.8350	30_项目/个人Unicode音型输入法/数据/𓆟Egyptian Hieroglyph字块.md	machine-initial-v3	visual-balanced-4prefix-v3
𓇲	U+131F2	EGYPTIAN HIEROGLYPH N004	N004	jn	22	s	方框	i	0	i	内含	jnsi	jn:自然、天地、水和植物;视觉聚类C22→s;族内视觉组S0;组状态首选i;采用首选→i	false	0.451260	1.9804	0.1656	1	0.1937	0.9542	0.7709	30_项目/个人Unicode音型输入法/数据/𓆟Egyptian Hieroglyph字块.md	machine-initial-v3	visual-balanced-4prefix-v3
𓇳	U+131F3	EGYPTIAN HIEROGLYPH N005	N005	jn	9	o	圆环	i	0	c	闭合	jnoc	jn:自然、天地、水和植物;视觉聚类C9→o;族内视觉组S0;组状态首选i;唯一键平衡→c	true	0.612463	1.0500	0.1111	2	0.4148	0.9810	0.9937	30_项目/个人Unicode音型输入法/数据/𓆟Egyptian Hieroglyph字块.md	machine-initial-v3	visual-balanced-4prefix-v3
𓇴	U+131F4	EGYPTIAN HIEROGLYPH N006	N006	jn	6	z	阶梯锯齿	i	0	i	内含	jnzi	jn:自然、天地、水和植物;视觉聚类C6→z;族内视觉组S0;组状态首选i;采用首选→i	false	0.353646	1.7119	0.1138	1	0.2759	0.8966	0.8983	30_项目/个人Unicode音型输入法/数据/𓆟Egyptian Hieroglyph字块.md	machine-initial-v3	visual-balanced-4prefix-v3
𓇵	U+131F5	EGYPTIAN HIEROGLYPH N007	N007	jn	12	k	绳结	i	0	i	内含	jnki	jn:自然、天地、水和植物;视觉聚类C12→k;族内视觉组S0;组状态首选i;采用首选→i	false	0.427092	0.6354	0.1745	2	0.2423	0.9669	0.7179	30_项目/个人Unicode音型输入法/数据/𓆟Egyptian Hieroglyph字块.md	machine-initial-v3	visual-balanced-4prefix-v3
𓇶	U+131F6	EGYPTIAN HIEROGLYPH N008	N008	jn	20	e	椭圆	i	1	i	内含	jnei	jn:自然、天地、水和植物;视觉聚类C20→e;族内视觉组S1;组状态首选i;采用首选→i	false	0.804744	0.8030	0.1512	1	0.1921	0.9640	0.7936	30_项目/个人Unicode音型输入法/数据/𓆟Egyptian Hieroglyph字块.md	machine-initial-v3	visual-balanced-4prefix-v3
𓇷	U+131F7	EGYPTIAN HIEROGLYPH N009	N009	jn	9	o	圆环	i	0	c	闭合	jnoc	jn:自然、天地、水和植物;视觉聚类C9→o;族内视觉组S0;组状态首选i;唯一键平衡→c	true	0.698663	1.0678	0.1192	1	0.2139	0.9919	0.9526	30_项目/个人Unicode音型输入法/数据/𓆟Egyptian Hieroglyph字块.md	machine-initial-v3	visual-balanced-4prefix-v3
𓇸	U+131F8	EGYPTIAN HIEROGLYPH N010	N010	jn	9	o	圆环	i	0	c	闭合	jnoc	jn:自然、天地、水和植物;视觉聚类C9→o;族内视觉组S0;组状态首选i;唯一键平衡→c	true	0.706867	1.0667	0.1237	1	0.3216	0.9526	0.9203	30_项目/个人Unicode音型输入法/数据/𓆟Egyptian Hieroglyph字块.md	machine-initial-v3	visual-balanced-4prefix-v3
𓇹	U+131F9	EGYPTIAN HIEROGLYPH N011	N011	jn	19	a	角折	s	1	s	对称	jnas	jn:自然、天地、水和植物;视觉聚类C19→a;族内视觉组S1;组状态首选s;采用首选→s	false	0.180122	2.7297	0.1009	1	0.1145	0.9599	0.8154	30_项目/个人Unicode音型输入法/数据/𓆟Egyptian Hieroglyph字块.md	machine-initial-v3	visual-balanced-4prefix-v3
𓇺	U+131FA	EGYPTIAN HIEROGLYPH N012	N012	jn	19	a	角折	h	0	h	横向	jnah	jn:自然、天地、水和植物;视觉聚类C19→a;族内视觉组S0;组状态首选h;采用首选→h	false	0.172639	2.7297	0.1220	1	0.1148	0.9561	0.8084	30_项目/个人Unicode音型输入法/数据/𓆟Egyptian Hieroglyph字块.md	machine-initial-v3	visual-balanced-4prefix-v3
𓇻	U+131FB	EGYPTIAN HIEROGLYPH N013	N013	jn	12	k	绳结	s	1	s	对称	jnks	jn:自然、天地、水和植物;视觉聚类C12→k;族内视觉组S1;组状态首选s;采用首选→s	false	0.577424	1.0521	0.0902	2	0.0000	0.8529	0.8509	30_项目/个人Unicode音型输入法/数据/𓆟Egyptian Hieroglyph字块.md	machine-initial-v3	visual-balanced-4prefix-v3
𓇼	U+131FC	EGYPTIAN HIEROGLYPH N014	N014	jn	2	y	分叉翼形	s	0	s	对称	jnys	jn:自然、天地、水和植物;视觉聚类C2→y;族内视觉组S0;组状态首选s;采用首选→s	false	0.554006	1.0521	0.0899	1	0.0000	0.9897	0.8729	30_项目/个人Unicode音型输入法/数据/𓆟Egyptian Hieroglyph字块.md	machine-initial-v3	visual-balanced-4prefix-v3
𓇽	U+131FD	EGYPTIAN HIEROGLYPH N015	N015	jn	9	o	圆环	i	0	c	闭合	jnoc	jn:自然、天地、水和植物;视觉聚类C9→o;族内视觉组S0;组状态首选i;唯一键平衡→c	true	1.038985	1.0517	0.1987	2	0.3310	0.9689	0.9045	30_项目/个人Unicode音型输入法/数据/𓆟Egyptian Hieroglyph字块.md	machine-initial-v3	visual-balanced-4prefix-v3
𓇾	U+131FE	EGYPTIAN HIEROGLYPH N016	N016	jn	19	a	角折	s	1	s	对称	jnas	jn:自然、天地、水和植物;视觉聚类C19→a;族内视觉组S1;组状态首选s;采用首选→s	false	0.166039	3.8846	0.1458	4	0.1900	0.9977	0.8454	30_项目/个人Unicode音型输入法/数据/𓆟Egyptian Hieroglyph字块.md	machine-initial-v3	visual-balanced-4prefix-v3
𓇿	U+131FF	EGYPTIAN HIEROGLYPH N017	N017	jn	1	l	线条	h	0	h	横向	jnlh	jn:自然、天地、水和植物;视觉聚类C1→l;族内视觉组S0;组状态首选h;采用首选→h	false	0.147702	4.5909	0.1683	1	0.2624	1.0000	0.8344	30_项目/个人Unicode音型输入法/数据/𓆟Egyptian Hieroglyph字块.md	machine-initial-v3	visual-balanced-4prefix-v3
𓈀	U+13200	EGYPTIAN HIEROGLYPH N018	N018	jn	4	n	成列成排	s	0	s	对称	jnns	jn:自然、天地、水和植物;视觉聚类C4→n;族内视觉组S0;组状态首选s;采用首选→s	false	0.230865	3.7407	0.1437	1	0.4206	0.9985	0.8841	30_项目/个人Unicode音型输入法/数据/𓆟Egyptian Hieroglyph字块.md	machine-initial-v3	visual-balanced-4prefix-v3
𓈁	U+13201	EGYPTIAN HIEROGLYPH N018A	N018a	jn	19	a	角折	h	0	h	横向	jnah	jn:自然、天地、水和植物;视觉聚类C19→a;族内视觉组S0;组状态首选h;采用首选→h	false	0.326436	3.7407	0.2475	2	0.3168	0.9699	0.7521	30_项目/个人Unicode音型输入法/数据/𓆟Egyptian Hieroglyph字块.md	machine-initial-v3	visual-balanced-4prefix-v3
𓈂	U+13202	EGYPTIAN HIEROGLYPH N018B	N018b	jn	19	a	角折	h	0	h	横向	jnah	jn:自然、天地、水和植物;视觉聚类C19→a;族内视觉组S0;组状态首选h;采用首选→h	false	0.326172	3.7407	0.2655	2	0.2989	0.9985	0.8320	30_项目/个人Unicode音型输入法/数据/𓆟Egyptian Hieroglyph字块.md	machine-initial-v3	visual-balanced-4prefix-v3
𓈃	U+13203	EGYPTIAN HIEROGLYPH N019	N019	jn	22	s	方框	i	0	i	内含	jnsi	jn:自然、天地、水和植物;视觉聚类C22→s;族内视觉组S0;组状态首选i;采用首选→i	false	0.306442	1.9804	0.1485	2	0.2052	0.9981	0.9321	30_项目/个人Unicode音型输入法/数据/𓆟Egyptian Hieroglyph字块.md	machine-initial-v3	visual-balanced-4prefix-v3
𓈄	U+13204	EGYPTIAN HIEROGLYPH N020	N020	jn	1	l	线条	h	0	h	横向	jnlh	jn:自然、天地、水和植物;视觉聚类C1→l;族内视觉组S0;组状态首选h;采用首选→h	false	0.176163	3.2581	0.1453	1	0.3370	0.7879	0.9227	30_项目/个人Unicode音型输入法/数据/𓆟Egyptian Hieroglyph字块.md	machine-initial-v3	visual-balanced-4prefix-v3
𓈅	U+13205	EGYPTIAN HIEROGLYPH N021	N021	jn	17	j	钩弯	s	0	s	对称	jnjs	jn:自然、天地、水和植物;视觉聚类C17→j;族内视觉组S0;组状态首选s;采用首选→s	false	0.513297	1.9091	0.1304	1	0.2078	0.7787	0.7922	30_项目/个人Unicode音型输入法/数据/𓆟Egyptian Hieroglyph字块.md	machine-initial-v3	visual-balanced-4prefix-v3
𓈆	U+13206	EGYPTIAN HIEROGLYPH N022	N022	jn	11	w	波浪流线	s	0	o	外包	jnwo	jn:自然、天地、水和植物;视觉聚类C11→w;族内视觉组S0;组状态首选s;唯一键平衡→o	true	0.279711	2.3939	0.1496	1	0.4196	0.8972	0.9747	30_项目/个人Unicode音型输入法/数据/𓆟Egyptian Hieroglyph字块.md	machine-initial-v3	visual-balanced-4prefix-v3
𓈇	U+13207	EGYPTIAN HIEROGLYPH N023	N023	jn	5	g	动物有机体	s	1	o	外包	jngo	jn:自然、天地、水和植物;视觉聚类C5→g;族内视觉组S1;组状态首选s;唯一键平衡→o	true	1.353809	1.6176	0.2241	1	0.1289	0.9016	0.8578	30_项目/个人Unicode音型输入法/数据/𓆟Egyptian Hieroglyph字块.md	machine-initial-v3	visual-balanced-4prefix-v3
𓈈	U+13208	EGYPTIAN HIEROGLYPH N024	N024	jn	11	w	波浪流线	s	1	s	对称	jnws	jn:自然、天地、水和植物;视觉聚类C11→w;族内视觉组S1;组状态首选s;采用首选→s	false	0.948020	2.2444	0.2900	1	0.0370	0.9424	0.9300	30_项目/个人Unicode音型输入法/数据/𓆟Egyptian Hieroglyph字块.md	machine-initial-v3	visual-balanced-4prefix-v3
𓈉	U+13209	EGYPTIAN HIEROGLYPH N025	N025	jn	22	s	方框	i	0	i	内含	jnsi	jn:自然、天地、水和植物;视觉聚类C22→s;族内视觉组S0;组状态首选i;采用首选→i	false	0.336204	1.9804	0.1143	1	0.4758	0.9996	0.8653	30_项目/个人Unicode音型输入法/数据/𓆟Egyptian Hieroglyph字块.md	machine-initial-v3	visual-balanced-4prefix-v3
𓈊	U+1320A	EGYPTIAN HIEROGLYPH N025A	N025a	jn	11	w	波浪流线	s	0	o	外包	jnwo	jn:自然、天地、水和植物;视觉聚类C11→w;族内视觉组S0;组状态首选s;唯一键平衡→o	true	0.230802	2.7297	0.1346	1	0.4001	0.9995	0.8421	30_项目/个人Unicode音型输入法/数据/𓆟Egyptian Hieroglyph字块.md	machine-initial-v3	visual-balanced-4prefix-v3
𓈋	U+1320B	EGYPTIAN HIEROGLYPH N026	N026	jn	5	g	动物有机体	s	0	s	对称	jngs	jn:自然、天地、水和植物;视觉聚类C5→g;族内视觉组S0;组状态首选s;采用首选→s	false	0.851297	1.3725	0.1244	1	0.3294	0.9798	0.8650	30_项目/个人Unicode音型输入法/数据/𓆟Egyptian Hieroglyph字块.md	machine-initial-v3	visual-balanced-4prefix-v3
𓈌	U+1320C	EGYPTIAN HIEROGLYPH N027	N027	jn	5	g	动物有机体	s	0	s	对称	jngs	jn:自然、天地、水和植物;视觉聚类C5→g;族内视觉组S0;组状态首选s;采用首选→s	false	0.856432	1.3390	0.1431	2	0.2188	0.9751	0.7764	30_项目/个人Unicode音型输入法/数据/𓆟Egyptian Hieroglyph字块.md	machine-initial-v3	visual-balanced-4prefix-v3
𓈍	U+1320D	EGYPTIAN HIEROGLYPH N028	N028	jn	6	z	阶梯锯齿	i	0	i	内含	jnzi	jn:自然、天地、水和植物;视觉聚类C6→z;族内视觉组S0;组状态首选i;采用首选→i	false	0.348405	2.0213	0.1317	1	0.2092	0.9785	0.8114	30_项目/个人Unicode音型输入法/数据/𓆟Egyptian Hieroglyph字块.md	machine-initial-v3	visual-balanced-4prefix-v3
𓈎	U+1320E	EGYPTIAN HIEROGLYPH N029	N029	jn	9	o	圆环	i	2	i	内含	jnoi	jn:自然、天地、水和植物;视觉聚类C9→o;族内视觉组S2;组状态首选i;采用首选→i	false	1.574039	1.0784	0.1087	1	0.2756	0.8503	0.8602	30_项目/个人Unicode音型输入法/数据/𓆟Egyptian Hieroglyph字块.md	machine-initial-v3	visual-balanced-4prefix-v3
𓈏	U+1320F	EGYPTIAN HIEROGLYPH N030	N030	jn	11	w	波浪流线	s	0	o	外包	jnwo	jn:自然、天地、水和植物;视觉聚类C11→w;族内视觉组S0;组状态首选s;唯一键平衡→o	true	0.305456	2.4048	0.1132	1	0.2824	0.9934	0.8058	30_项目/个人Unicode音型输入法/数据/𓆟Egyptian Hieroglyph字块.md	machine-initial-v3	visual-balanced-4prefix-v3
𓈐	U+13210	EGYPTIAN HIEROGLYPH N031	N031	jn	4	n	成列成排	s	0	s	对称	jnns	jn:自然、天地、水和植物;视觉聚类C4→n;族内视觉组S0;组状态首选s;采用首选→s	false	0.253318	1.9804	0.1270	1	0.2054	0.9550	0.9107	30_项目/个人Unicode音型输入法/数据/𓆟Egyptian Hieroglyph字块.md	machine-initial-v3	visual-balanced-4prefix-v3
𓈑	U+13211	EGYPTIAN HIEROGLYPH N032	N032	jn	20	e	椭圆	i	1	i	内含	jnei	jn:自然、天地、水和植物;视觉聚类C20→e;族内视觉组S1;组状态首选i;采用首选→i	false	0.640625	0.7667	0.1192	1	0.2312	0.8877	0.8384	30_项目/个人Unicode音型输入法/数据/𓆟Egyptian Hieroglyph字块.md	machine-initial-v3	visual-balanced-4prefix-v3
𓈒	U+13212	EGYPTIAN HIEROGLYPH N033	N033	jn	9	o	圆环	i	0	c	闭合	jnoc	jn:自然、天地、水和植物;视觉聚类C9→o;族内视觉组S0;组状态首选i;唯一键平衡→c	true	0.835307	1.0811	0.1196	1	0.2892	0.9662	0.9892	30_项目/个人Unicode音型输入法/数据/𓆟Egyptian Hieroglyph字块.md	machine-initial-v3	visual-balanced-4prefix-v3
𓈓	U+13213	EGYPTIAN HIEROGLYPH N033A	N033a	jn	4	n	成列成排	s	0	s	对称	jnns	jn:自然、天地、水和植物;视觉聚类C4→n;族内视觉组S0;组状态首选s;采用首选→s	false	0.217050	2.7297	0.1421	3	0.1148	0.9898	0.9850	30_项目/个人Unicode音型输入法/数据/𓆟Egyptian Hieroglyph字块.md	machine-initial-v3	visual-balanced-4prefix-v3
𓈔	U+13214	EGYPTIAN HIEROGLYPH N034	N034	jn	13	v	开口V形	i	0	i	内含	jnvi	jn:自然、天地、水和植物;视觉聚类C13→v;族内视觉组S0;组状态首选i;采用首选→i	false	0.950016	1.1525	0.0972	1	0.3539	0.8485	0.8465	30_项目/个人Unicode音型输入法/数据/𓆟Egyptian Hieroglyph字块.md	machine-initial-v3	visual-balanced-4prefix-v3
𓈕	U+13215	EGYPTIAN HIEROGLYPH N034A	N034a	jn	13	v	开口V形	i	0	i	内含	jnvi	jn:自然、天地、水和植物;视觉聚类C13→v;族内视觉组S0;组状态首选i;采用首选→i	false	1.011230	1.1525	0.0967	1	0.3350	0.8455	0.8500	30_项目/个人Unicode音型输入法/数据/𓆟Egyptian Hieroglyph字块.md	machine-initial-v3	visual-balanced-4prefix-v3
𓈖	U+13216	EGYPTIAN HIEROGLYPH N035	N035	jn	19	a	角折	s	1	s	对称	jnas	jn:自然、天地、水和植物;视觉聚类C19→a;族内视觉组S1;组状态首选s;采用首选→s	false	0.181497	4.5909	0.1913	1	0.0000	0.9928	0.7381	30_项目/个人Unicode音型输入法/数据/𓆟Egyptian Hieroglyph字块.md	machine-initial-v3	visual-balanced-4prefix-v3
𓈗	U+13217	EGYPTIAN HIEROGLYPH N035A	N035a	jn	7	r	放射星芒	s	0	s	对称	jnrs	jn:自然、天地、水和植物;视觉聚类C7→r;族内视觉组S0;组状态首选s;采用首选→s	false	1.135725	1.0521	0.1331	3	0.0000	0.9946	0.8208	30_项目/个人Unicode音型输入法/数据/𓆟Egyptian Hieroglyph字块.md	machine-initial-v3	visual-balanced-4prefix-v3
𓈘	U+13218	EGYPTIAN HIEROGLYPH N036	N036	jn	4	n	成列成排	h	2	h	横向	jnnh	jn:自然、天地、水和植物;视觉聚类C4→n;族内视觉组S2;组状态首选h;采用首选→h	false	0.173472	3.2581	0.1674	1	0.3114	0.9866	0.9438	30_项目/个人Unicode音型输入法/数据/𓆟Egyptian Hieroglyph字块.md	machine-initial-v3	visual-balanced-4prefix-v3
𓈙	U+13219	EGYPTIAN HIEROGLYPH N037	N037	jn	4	n	成列成排	s	0	s	对称	jnns	jn:自然、天地、水和植物;视觉聚类C4→n;族内视觉组S0;组状态首选s;采用首选→s	false	0.198606	3.4828	0.1413	1	0.4353	1.0000	0.9986	30_项目/个人Unicode音型输入法/数据/𓆟Egyptian Hieroglyph字块.md	machine-initial-v3	visual-balanced-4prefix-v3
𓈚	U+1321A	EGYPTIAN HIEROGLYPH N037A	N037a	jn	4	n	成列成排	h	2	h	横向	jnnh	jn:自然、天地、水和植物;视觉聚类C4→n;族内视觉组S2;组状态首选h;采用首选→h	false	0.153152	3.2581	0.1862	1	0.2047	0.9617	0.9074	30_项目/个人Unicode音型输入法/数据/𓆟Egyptian Hieroglyph字块.md	machine-initial-v3	visual-balanced-4prefix-v3
𓈛	U+1321B	EGYPTIAN HIEROGLYPH N038	N038	jn	4	n	成列成排	h	2	h	横向	jnnh	jn:自然、天地、水和植物;视觉聚类C4→n;族内视觉组S2;组状态首选h;采用首选→h	false	0.227734	3.2581	0.2676	1	0.1578	0.9987	0.9393	30_项目/个人Unicode音型输入法/数据/𓆟Egyptian Hieroglyph字块.md	machine-initial-v3	visual-balanced-4prefix-v3
𓈜	U+1321C	EGYPTIAN HIEROGLYPH N039	N039	jn	4	n	成列成排	h	1	w	宽展	jnnw	jn:自然、天地、水和植物;视觉聚类C4→n;族内视觉组S1;组状态首选h;唯一键平衡→w	true	0.226604	3.2581	0.3085	1	0.0271	0.8620	0.8109	30_项目/个人Unicode音型输入法/数据/𓆟Egyptian Hieroglyph字块.md	machine-initial-v3	visual-balanced-4prefix-v3
𓈝	U+1321D	EGYPTIAN HIEROGLYPH N040	N040	jn	2	y	分叉翼形	s	0	s	对称	jnys	jn:自然、天地、水和植物;视觉聚类C2→y;族内视觉组S0;组状态首选s;采用首选→s	false	0.673532	1.5303	0.1397	1	0.1910	0.8833	0.8023	30_项目/个人Unicode音型输入法/数据/𓆟Egyptian Hieroglyph字块.md	machine-initial-v3	visual-balanced-4prefix-v3
𓈞	U+1321E	EGYPTIAN HIEROGLYPH N041	N041	jn	9	o	圆环	i	1	o	外包	jnoo	jn:自然、天地、水和植物;视觉聚类C9→o;族内视觉组S1;组状态首选i;唯一键平衡→o	true	1.048683	1.0500	0.1294	1	0.3910	0.9534	0.8153	30_项目/个人Unicode音型输入法/数据/𓆟Egyptian Hieroglyph字块.md	machine-initial-v3	visual-balanced-4prefix-v3
𓈟	U+1321F	EGYPTIAN HIEROGLYPH N042	N042	jn	9	o	圆环	i	2	i	内含	jnoi	jn:自然、天地、水和植物;视觉聚类C9→o;族内视觉组S2;组状态首选i;采用首选→i	false	1.039709	1.0667	0.1081	1	0.3995	0.9797	0.8339	30_项目/个人Unicode音型输入法/数据/𓆟Egyptian Hieroglyph字块.md	machine-initial-v3	visual-balanced-4prefix-v3
𓈠	U+13220	EGYPTIAN HIEROGLYPH NL001	Nl001	jn	8	m	复合	s	1	o	外包	jnmo	jn:自然、天地、水和植物;视觉聚类C8→m;族内视觉组S1;组状态首选s;唯一键平衡→o	true	0.690640	0.8854	0.1860	1	0.0575	0.8821	0.7353	30_项目/个人Unicode音型输入法/数据/𓆟Egyptian Hieroglyph字块.md	machine-initial-v3	visual-balanced-4prefix-v3
𓈡	U+13221	EGYPTIAN HIEROGLYPH NL002	Nl002	jn	7	r	放射星芒	p	1	p	成对	jnrp	jn:自然、天地、水和植物;视觉聚类C7→r;族内视觉组S1;组状态首选p;采用首选→p	false	1.380090	1.1806	0.2302	2	0.1265	0.8758	0.6775	30_项目/个人Unicode音型输入法/数据/𓆟Egyptian Hieroglyph字块.md	machine-initial-v3	visual-balanced-4prefix-v3
𓈢	U+13222	EGYPTIAN HIEROGLYPH NL003	Nl003	jn	21	b	块面	s	3	s	对称	jnbs	jn:自然、天地、水和植物;视觉聚类C21→b;族内视觉组S3;组状态首选s;采用首选→s	false	0.201718	0.9659	0.1884	13	0.0544	0.8778	0.7040	30_项目/个人Unicode音型输入法/数据/𓆟Egyptian Hieroglyph字块.md	machine-initial-v3	visual-balanced-4prefix-v3
𓈣	U+13223	EGYPTIAN HIEROGLYPH NL004	Nl004	jn	21	b	块面	s	7	g	缺口开放	jnbg	jn:自然、天地、水和植物;视觉聚类C21→b;族内视觉组S7;组状态首选s;唯一键平衡→g	true	0.386436	0.9239	0.2035	2	0.0178	0.8435	0.7153	30_项目/个人Unicode音型输入法/数据/𓆟Egyptian Hieroglyph字块.md	machine-initial-v3	visual-balanced-4prefix-v3
𓈤	U+13224	EGYPTIAN HIEROGLYPH NL005	Nl005	jn	21	b	块面	s	7	g	缺口开放	jnbg	jn:自然、天地、水和植物;视觉聚类C21→b;族内视觉组S7;组状态首选s;唯一键平衡→g	true	0.424798	0.9239	0.2216	10	0.0178	0.8338	0.6780	30_项目/个人Unicode音型输入法/数据/𓆟Egyptian Hieroglyph字块.md	machine-initial-v3	visual-balanced-4prefix-v3
𓈥	U+13225	EGYPTIAN HIEROGLYPH NL005A	Nl005a	jn	21	b	块面	s	7	g	缺口开放	jnbg	jn:自然、天地、水和植物;视觉聚类C21→b;族内视觉组S7;组状态首选s;唯一键平衡→g	true	0.448772	0.9239	0.2061	4	0.0178	0.8366	0.6951	30_项目/个人Unicode音型输入法/数据/𓆟Egyptian Hieroglyph字块.md	machine-initial-v3	visual-balanced-4prefix-v3
𓈦	U+13226	EGYPTIAN HIEROGLYPH NL006	Nl006	jn	21	b	块面	s	8	o	外包	jnbo	jn:自然、天地、水和植物;视觉聚类C21→b;族内视觉组S8;组状态首选s;唯一键平衡→o	true	0.149679	0.9770	0.1963	10	0.1064	0.8377	0.7152	30_项目/个人Unicode音型输入法/数据/𓆟Egyptian Hieroglyph字块.md	machine-initial-v3	visual-balanced-4prefix-v3
𓈧	U+13227	EGYPTIAN HIEROGLYPH NL007	Nl007	jn	21	b	块面	m	5	y	分叉	jnby	jn:自然、天地、水和植物;视觉聚类C21→b;族内视觉组S5;组状态首选m;唯一键平衡→y	true	0.673233	1.0494	0.1981	6	0.0112	0.8789	0.6837	30_项目/个人Unicode音型输入法/数据/𓆟Egyptian Hieroglyph字块.md	machine-initial-v3	visual-balanced-4prefix-v3
𓈨	U+13228	EGYPTIAN HIEROGLYPH NL008	Nl008	jn	21	b	块面	m	5	y	分叉	jnby	jn:自然、天地、水和植物;视觉聚类C21→b;族内视觉组S5;组状态首选m;唯一键平衡→y	true	0.772122	1.0494	0.2103	5	0.0112	0.8545	0.6848	30_项目/个人Unicode音型输入法/数据/𓆟Egyptian Hieroglyph字块.md	machine-initial-v3	visual-balanced-4prefix-v3
𓈩	U+13229	EGYPTIAN HIEROGLYPH NL009	Nl009	jn	8	m	复合	s	1	o	外包	jnmo	jn:自然、天地、水和植物;视觉聚类C8→m;族内视觉组S1;组状态首选s;唯一键平衡→o	true	0.484401	0.8854	0.1641	1	0.0098	0.8909	0.7321	30_项目/个人Unicode音型输入法/数据/𓆟Egyptian Hieroglyph字块.md	machine-initial-v3	visual-balanced-4prefix-v3
𓈪	U+1322A	EGYPTIAN HIEROGLYPH NL010	Nl010	jn	21	b	块面	s	8	o	外包	jnbo	jn:自然、天地、水和植物;视觉聚类C21→b;族内视觉组S8;组状态首选s;唯一键平衡→o	true	0.150994	0.9770	0.1963	8	0.1064	0.8383	0.7060	30_项目/个人Unicode音型输入法/数据/𓆟Egyptian Hieroglyph字块.md	machine-initial-v3	visual-balanced-4prefix-v3
𓈫	U+1322B	EGYPTIAN HIEROGLYPH NL011	Nl011	jn	21	b	块面	s	8	o	外包	jnbo	jn:自然、天地、水和植物;视觉聚类C21→b;族内视觉组S8;组状态首选s;唯一键平衡→o	true	0.159553	0.9770	0.1972	8	0.1064	0.8426	0.7041	30_项目/个人Unicode音型输入法/数据/𓆟Egyptian Hieroglyph字块.md	machine-initial-v3	visual-balanced-4prefix-v3
𓈬	U+1322C	EGYPTIAN HIEROGLYPH NL012	Nl012	jn	21	b	块面	s	8	o	外包	jnbo	jn:自然、天地、水和植物;视觉聚类C21→b;族内视觉组S8;组状态首选s;唯一键平衡→o	true	0.196600	0.9770	0.2078	2	0.1062	0.8540	0.7036	30_项目/个人Unicode音型输入法/数据/𓆟Egyptian Hieroglyph字块.md	machine-initial-v3	visual-balanced-4prefix-v3
𓈭	U+1322D	EGYPTIAN HIEROGLYPH NL013	Nl013	jn	21	b	块面	s	6	b	下重	jnbb	jn:自然、天地、水和植物;视觉聚类C21→b;族内视觉组S6;组状态首选s;唯一键平衡→b	true	0.365421	1.0241	0.1653	1	0.0159	0.9311	0.7253	30_项目/个人Unicode音型输入法/数据/𓆟Egyptian Hieroglyph字块.md	machine-initial-v3	visual-balanced-4prefix-v3
𓈮	U+1322E	EGYPTIAN HIEROGLYPH NL014	Nl014	jn	21	b	块面	s	0	c	闭合	jnbc	jn:自然、天地、水和植物;视觉聚类C21→b;族内视觉组S0;组状态首选s;唯一键平衡→c	true	0.396115	0.9659	0.2111	5	0.0087	0.8647	0.7120	30_项目/个人Unicode音型输入法/数据/𓆟Egyptian Hieroglyph字块.md	machine-initial-v3	visual-balanced-4prefix-v3
𓈯	U+1322F	EGYPTIAN HIEROGLYPH NL015	Nl015	jn	7	r	放射星芒	s	0	s	对称	jnrs	jn:自然、天地、水和植物;视觉聚类C7→r;族内视觉组S0;组状态首选s;采用首选→s	false	0.783162	1.1184	0.1944	4	0.0590	0.8780	0.7115	30_项目/个人Unicode音型输入法/数据/𓆟Egyptian Hieroglyph字块.md	machine-initial-v3	visual-balanced-4prefix-v3
𓈰	U+13230	EGYPTIAN HIEROGLYPH NL016	Nl016	jn	5	g	动物有机体	s	0	s	对称	jngs	jn:自然、天地、水和植物;视觉聚类C5→g;族内视觉组S0;组状态首选s;采用首选→s	false	0.617565	1.2625	0.1838	2	0.1339	0.7970	0.7017	30_项目/个人Unicode音型输入法/数据/𓆟Egyptian Hieroglyph字块.md	machine-initial-v3	visual-balanced-4prefix-v3
𓈱	U+13231	EGYPTIAN HIEROGLYPH NL017	Nl017	jn	21	b	块面	s	0	c	闭合	jnbc	jn:自然、天地、水和植物;视觉聚类C21→b;族内视觉组S0;组状态首选s;唯一键平衡→c	true	0.425874	0.9884	0.2253	5	0.0601	0.8834	0.6856	30_项目/个人Unicode音型输入法/数据/𓆟Egyptian Hieroglyph字块.md	machine-initial-v3	visual-balanced-4prefix-v3
𓈲	U+13232	EGYPTIAN HIEROGLYPH NL017A	Nl017a	jn	21	b	块面	s	8	o	外包	jnbo	jn:自然、天地、水和植物;视觉聚类C21→b;族内视觉组S8;组状态首选s;唯一键平衡→o	true	0.414862	0.9770	0.2319	6	0.0449	0.8623	0.7128	30_项目/个人Unicode音型输入法/数据/𓆟Egyptian Hieroglyph字块.md	machine-initial-v3	visual-balanced-4prefix-v3
𓈳	U+13233	EGYPTIAN HIEROGLYPH NL018	Nl018	jn	21	b	块面	s	0	c	闭合	jnbc	jn:自然、天地、水和植物;视觉聚类C21→b;族内视觉组S0;组状态首选s;唯一键平衡→c	true	0.221447	0.9659	0.1888	3	0.0238	0.8679	0.7273	30_项目/个人Unicode音型输入法/数据/𓆟Egyptian Hieroglyph字块.md	machine-initial-v3	visual-balanced-4prefix-v3
𓈴	U+13234	EGYPTIAN HIEROGLYPH NL019	Nl019	jn	21	b	块面	s	0	c	闭合	jnbc	jn:自然、天地、水和植物;视觉聚类C21→b;族内视觉组S0;组状态首选s;唯一键平衡→c	true	0.224104	0.9659	0.1884	4	0.0226	0.8671	0.7056	30_项目/个人Unicode音型输入法/数据/𓆟Egyptian Hieroglyph字块.md	machine-initial-v3	visual-balanced-4prefix-v3
𓈵	U+13235	EGYPTIAN HIEROGLYPH NL020	Nl020	jn	21	b	块面	s	0	c	闭合	jnbc	jn:自然、天地、水和植物;视觉聚类C21→b;族内视觉组S0;组状态首选s;唯一键平衡→c	true	0.339324	1.0119	0.1838	4	0.0436	0.8919	0.6980	30_项目/个人Unicode音型输入法/数据/𓆟Egyptian Hieroglyph字块.md	machine-initial-v3	visual-balanced-4prefix-v3
𓈶	U+13236	EGYPTIAN HIEROGLYPH NU001	Nu001	jn	21	b	块面	s	6	b	下重	jnbb	jn:自然、天地、水和植物;视觉聚类C21→b;族内视觉组S6;组状态首选s;唯一键平衡→b	true	0.487651	0.9551	0.2215	5	0.0637	0.8956	0.7108	30_项目/个人Unicode音型输入法/数据/𓆟Egyptian Hieroglyph字块.md	machine-initial-v3	visual-balanced-4prefix-v3
𓈷	U+13237	EGYPTIAN HIEROGLYPH NU002	Nu002	jn	21	b	块面	m	5	y	分叉	jnby	jn:自然、天地、水和植物;视觉聚类C21→b;族内视觉组S5;组状态首选m;唯一键平衡→y	true	0.728004	1.0366	0.2095	10	0.0452	0.8585	0.7062	30_项目/个人Unicode音型输入法/数据/𓆟Egyptian Hieroglyph字块.md	machine-initial-v3	visual-balanced-4prefix-v3
𓈸	U+13238	EGYPTIAN HIEROGLYPH NU003	Nu003	jn	21	b	块面	s	1	d	向下	jnbd	jn:自然、天地、水和植物;视觉聚类C21→b;族内视觉组S1;组状态首选s;唯一键平衡→d	true	0.253270	0.9551	0.1712	5	0.0174	0.9603	0.7179	30_项目/个人Unicode音型输入法/数据/𓆟Egyptian Hieroglyph字块.md	machine-initial-v3	visual-balanced-4prefix-v3
𓈹	U+13239	EGYPTIAN HIEROGLYPH NU004	Nu004	jn	21	b	块面	s	3	s	对称	jnbs	jn:自然、天地、水和植物;视觉聚类C21→b;族内视觉组S3;组状态首选s;采用首选→s	false	0.197595	0.9659	0.1468	4	0.0087	0.9481	0.7540	30_项目/个人Unicode音型输入法/数据/𓆟Egyptian Hieroglyph字块.md	machine-initial-v3	visual-balanced-4prefix-v3
𓈺	U+1323A	EGYPTIAN HIEROGLYPH NU005	Nu005	jn	7	r	放射星芒	s	2	o	外包	jnro	jn:自然、天地、水和植物;视觉聚类C7→r;族内视觉组S2;组状态首选s;唯一键平衡→o	true	0.756058	1.1585	0.1914	17	0.0411	0.8054	0.7245	30_项目/个人Unicode音型输入法/数据/𓆟Egyptian Hieroglyph字块.md	machine-initial-v3	visual-balanced-4prefix-v3
𓈻	U+1323B	EGYPTIAN HIEROGLYPH NU006	Nu006	jn	21	b	块面	s	6	b	下重	jnbb	jn:自然、天地、水和植物;视觉聚类C21→b;族内视觉组S6;组状态首选s;唯一键平衡→b	true	0.207691	0.9551	0.1673	2	0.0654	0.9003	0.7084	30_项目/个人Unicode音型输入法/数据/𓆟Egyptian Hieroglyph字块.md	machine-initial-v3	visual-balanced-4prefix-v3
𓈼	U+1323C	EGYPTIAN HIEROGLYPH NU007	Nu007	jn	21	b	块面	s	3	s	对称	jnbs	jn:自然、天地、水和植物;视觉聚类C21→b;族内视觉组S3;组状态首选s;采用首选→s	false	0.161541	0.9884	0.1573	2	0.0166	0.9549	0.7395	30_项目/个人Unicode音型输入法/数据/𓆟Egyptian Hieroglyph字块.md	machine-initial-v3	visual-balanced-4prefix-v3
𓈽	U+1323D	EGYPTIAN HIEROGLYPH NU008	Nu008	jn	21	b	块面	s	3	s	对称	jnbs	jn:自然、天地、水和植物;视觉聚类C21→b;族内视觉组S3;组状态首选s;采用首选→s	false	0.161843	0.9884	0.1520	2	0.0259	0.9425	0.7245	30_项目/个人Unicode音型输入法/数据/𓆟Egyptian Hieroglyph字块.md	machine-initial-v3	visual-balanced-4prefix-v3
𓈾	U+1323E	EGYPTIAN HIEROGLYPH NU009	Nu009	jn	21	b	块面	s	1	d	向下	jnbd	jn:自然、天地、水和植物;视觉聚类C21→b;族内视觉组S1;组状态首选s;唯一键平衡→d	true	0.277069	0.9659	0.1838	5	0.0136	0.9513	0.7436	30_项目/个人Unicode音型输入法/数据/𓆟Egyptian Hieroglyph字块.md	machine-initial-v3	visual-balanced-4prefix-v3
𓈿	U+1323F	EGYPTIAN HIEROGLYPH NU010	Nu010	jn	21	b	块面	m	5	y	分叉	jnby	jn:自然、天地、水和植物;视觉聚类C21→b;族内视觉组S5;组状态首选m;唯一键平衡→y	true	0.564465	1.0366	0.1749	8	0.0261	0.9245	0.7145	30_项目/个人Unicode音型输入法/数据/𓆟Egyptian Hieroglyph字块.md	machine-initial-v3	visual-balanced-4prefix-v3
𓉀	U+13240	EGYPTIAN HIEROGLYPH NU010A	Nu010a	jn	21	b	块面	s	1	d	向下	jnbd	jn:自然、天地、水和植物;视觉聚类C21→b;族内视觉组S1;组状态首选s;唯一键平衡→d	true	0.189417	0.9770	0.1884	4	0.0206	0.8688	0.7068	30_项目/个人Unicode音型输入法/数据/𓆟Egyptian Hieroglyph字块.md	machine-initial-v3	visual-balanced-4prefix-v3
𓉁	U+13241	EGYPTIAN HIEROGLYPH NU011	Nu011	jn	21	b	块面	s	6	b	下重	jnbb	jn:自然、天地、水和植物;视觉聚类C21→b;族内视觉组S6;组状态首选s;唯一键平衡→b	true	0.371083	1.0235	0.1808	5	0.0630	0.8507	0.6838	30_项目/个人Unicode音型输入法/数据/𓆟Egyptian Hieroglyph字块.md	machine-initial-v3	visual-balanced-4prefix-v3
𓉂	U+13242	EGYPTIAN HIEROGLYPH NU011A	Nu011a	jn	21	b	块面	m	4	m	重复多部件	jnbm	jn:自然、天地、水和植物;视觉聚类C21→b;族内视觉组S4;组状态首选m;采用首选→m	false	0.525894	0.9770	0.2087	6	0.0214	0.8632	0.6876	30_项目/个人Unicode音型输入法/数据/𓆟Egyptian Hieroglyph字块.md	machine-initial-v3	visual-balanced-4prefix-v3
𓉃	U+13243	EGYPTIAN HIEROGLYPH NU012	Nu012	jn	21	b	块面	s	1	d	向下	jnbd	jn:自然、天地、水和植物;视觉聚类C21→b;族内视觉组S1;组状态首选s;唯一键平衡→d	true	0.241670	0.9659	0.1848	5	0.0341	0.8791	0.6877	30_项目/个人Unicode音型输入法/数据/𓆟Egyptian Hieroglyph字块.md	machine-initial-v3	visual-balanced-4prefix-v3
𓉄	U+13244	EGYPTIAN HIEROGLYPH NU013	Nu013	jn	21	b	块面	s	9	x	穿过交叠	jnbx	jn:自然、天地、水和植物;视觉聚类C21→b;族内视觉组S9;组状态首选s;唯一键平衡→x	true	0.347739	0.9884	0.2141	1	0.0402	0.8394	0.7146	30_项目/个人Unicode音型输入法/数据/𓆟Egyptian Hieroglyph字块.md	machine-initial-v3	visual-balanced-4prefix-v3
𓉅	U+13245	EGYPTIAN HIEROGLYPH NU014	Nu014	jn	7	r	放射星芒	s	0	s	对称	jnrs	jn:自然、天地、水和植物;视觉聚类C7→r;族内视觉组S0;组状态首选s;采用首选→s	false	0.794006	1.0759	0.2013	4	0.0273	0.8663	0.6986	30_项目/个人Unicode音型输入法/数据/𓆟Egyptian Hieroglyph字块.md	machine-initial-v3	visual-balanced-4prefix-v3
𓉆	U+13246	EGYPTIAN HIEROGLYPH NU015	Nu015	jn	7	r	放射星芒	s	0	s	对称	jnrs	jn:自然、天地、水和植物;视觉聚类C7→r;族内视觉组S0;组状态首选s;采用首选→s	false	0.782108	1.0759	0.1985	8	0.0992	0.8812	0.7045	30_项目/个人Unicode音型输入法/数据/𓆟Egyptian Hieroglyph字块.md	machine-initial-v3	visual-balanced-4prefix-v3
𓉇	U+13247	EGYPTIAN HIEROGLYPH NU016	Nu016	jn	8	m	复合	s	1	o	外包	jnmo	jn:自然、天地、水和植物;视觉聚类C8→m;族内视觉组S1;组状态首选s;唯一键平衡→o	true	0.493869	0.8854	0.1690	1	0.0513	0.8806	0.7125	30_项目/个人Unicode音型输入法/数据/𓆟Egyptian Hieroglyph字块.md	machine-initial-v3	visual-balanced-4prefix-v3
𓉈	U+13248	EGYPTIAN HIEROGLYPH NU017	Nu017	jn	7	r	放射星芒	s	2	o	外包	jnro	jn:自然、天地、水和植物;视觉聚类C7→r;族内视觉组S2;组状态首选s;唯一键平衡→o	true	0.737353	1.0652	0.1687	1	0.0674	0.8396	0.7181	30_项目/个人Unicode音型输入法/数据/𓆟Egyptian Hieroglyph字块.md	machine-initial-v3	visual-balanced-4prefix-v3
𓉉	U+13249	EGYPTIAN HIEROGLYPH NU018	Nu018	jn	21	b	块面	m	2	z	层叠错列	jnbz	jn:自然、天地、水和植物;视觉聚类C21→b;族内视觉组S2;组状态首选m;唯一键平衡→z	true	0.402180	0.9140	0.1849	20	0.0554	0.8755	0.7101	30_项目/个人Unicode音型输入法/数据/𓆟Egyptian Hieroglyph字块.md	machine-initial-v3	visual-balanced-4prefix-v3
𓉊	U+1324A	EGYPTIAN HIEROGLYPH NU018A	Nu018a	jn	21	b	块面	s	7	g	缺口开放	jnbg	jn:自然、天地、水和植物;视觉聚类C21→b;族内视觉组S7;组状态首选s;唯一键平衡→g	true	0.372754	0.9239	0.1818	3	0.0276	0.9141	0.7202	30_项目/个人Unicode音型输入法/数据/𓆟Egyptian Hieroglyph字块.md	machine-initial-v3	visual-balanced-4prefix-v3
𓉋	U+1324B	EGYPTIAN HIEROGLYPH NU019	Nu019	jn	21	b	块面	s	1	d	向下	jnbd	jn:自然、天地、水和植物;视觉聚类C21→b;族内视觉组S1;组状态首选s;唯一键平衡→d	true	0.298518	0.9884	0.1927	1	0.0285	0.8542	0.6949	30_项目/个人Unicode音型输入法/数据/𓆟Egyptian Hieroglyph字块.md	machine-initial-v3	visual-balanced-4prefix-v3
𓉌	U+1324C	EGYPTIAN HIEROGLYPH NU020	Nu020	jn	21	b	块面	s	9	x	穿过交叠	jnbx	jn:自然、天地、水和植物;视觉聚类C21→b;族内视觉组S9;组状态首选s;唯一键平衡→x	true	0.327148	0.9884	0.2026	1	0.0402	0.8503	0.7163	30_项目/个人Unicode音型输入法/数据/𓆟Egyptian Hieroglyph字块.md	machine-initial-v3	visual-balanced-4prefix-v3
𓉍	U+1324D	EGYPTIAN HIEROGLYPH NU021	Nu021	jn	7	r	放射星芒	s	0	s	对称	jnrs	jn:自然、天地、水和植物;视觉聚类C7→r;族内视觉组S0;组状态首选s;采用首选→s	false	0.758082	1.0759	0.1882	4	0.0284	0.8853	0.6902	30_项目/个人Unicode音型输入法/数据/𓆟Egyptian Hieroglyph字块.md	machine-initial-v3	visual-balanced-4prefix-v3
𓉎	U+1324E	EGYPTIAN HIEROGLYPH NU022	Nu022	jn	21	b	块面	s	6	b	下重	jnbb	jn:自然、天地、水和植物;视觉聚类C21→b;族内视觉组S6;组状态首选s;唯一键平衡→b	true	0.309234	0.9551	0.1640	2	0.0564	0.9017	0.7211	30_项目/个人Unicode音型输入法/数据/𓆟Egyptian Hieroglyph字块.md	machine-initial-v3	visual-balanced-4prefix-v3
𓉏	U+1324F	EGYPTIAN HIEROGLYPH NU022A	Nu022a	jn	21	b	块面	s	3	s	对称	jnbs	jn:自然、天地、水和植物;视觉聚类C21→b;族内视觉组S3;组状态首选s;采用首选→s	false	0.219917	0.9659	0.1548	2	0.0429	0.9241	0.7396	30_项目/个人Unicode音型输入法/数据/𓆟Egyptian Hieroglyph字块.md	machine-initial-v3	visual-balanced-4prefix-v3
𓉐	U+13250	EGYPTIAN HIEROGLYPH O001	O001	jw	22	s	方框	s	3	s	对称	jwss	jw:器物、建筑和工具;视觉聚类C22→s;族内视觉组S3;组状态首选s;采用首选→s	false	0.709017	1.8085	0.1692	1	0.0000	0.9810	0.9414	30_项目/个人Unicode音型输入法/数据/𓆟Egyptian Hieroglyph字块.md	machine-initial-v3	visual-balanced-4prefix-v3
𓉑	U+13251	EGYPTIAN HIEROGLYPH O001A	O001a	jw	18	p	螺旋回环	s	0	s	对称	jwps	jw:器物、建筑和工具;视觉聚类C18→p;族内视觉组S0;组状态首选s;采用首选→s	false	1.047962	1.0521	0.1079	2	0.0290	0.9975	0.7987	30_项目/个人Unicode音型输入法/数据/𓆟Egyptian Hieroglyph字块.md	machine-initial-v3	visual-balanced-4prefix-v3
𓉒	U+13252	EGYPTIAN HIEROGLYPH O002	O002	jw	18	p	螺旋回环	s	0	s	对称	jwps	jw:器物、建筑和工具;视觉聚类C18→p;族内视觉组S0;组状态首选s;采用首选→s	false	0.906779	1.0521	0.0974	2	0.0152	0.9928	0.8441	30_项目/个人Unicode音型输入法/数据/𓆟Egyptian Hieroglyph字块.md	machine-initial-v3	visual-balanced-4prefix-v3
𓉓	U+13253	EGYPTIAN HIEROGLYPH O003	O003	jw	18	p	螺旋回环	s	2	m	重复多部件	jwpm	jw:器物、建筑和工具;视觉聚类C18→p;族内视觉组S2;组状态首选s;唯一键平衡→m	true	1.088593	1.0625	0.1480	4	0.0673	0.9283	0.8241	30_项目/个人Unicode音型输入法/数据/𓆟Egyptian Hieroglyph字块.md	machine-initial-v3	visual-balanced-4prefix-v3
𓉔	U+13254	EGYPTIAN HIEROGLYPH O004	O004	jw	9	o	圆环	s	3	c	闭合	jwoc	jw:器物、建筑和工具;视觉聚类C9→o;族内视觉组S3;组状态首选s;唯一键平衡→c	true	2.174633	1.0606	0.1931	1	0.0000	0.8978	0.9074	30_项目/个人Unicode音型输入法/数据/𓆟Egyptian Hieroglyph字块.md	machine-initial-v3	visual-balanced-4prefix-v3
𓉕	U+13255	EGYPTIAN HIEROGLYPH O005	O005	jw	9	o	圆环	s	2	x	穿过交叠	jwox	jw:器物、建筑和工具;视觉聚类C9→o;族内视觉组S2;组状态首选s;唯一键平衡→x	true	1.366098	1.2879	0.1626	1	0.0000	0.8602	0.9144	30_项目/个人Unicode音型输入法/数据/𓆟Egyptian Hieroglyph字块.md	machine-initial-v3	visual-balanced-4prefix-v3
𓉖	U+13256	EGYPTIAN HIEROGLYPH O005A	O005a	jw	9	o	圆环	s	2	x	穿过交叠	jwox	jw:器物、建筑和工具;视觉聚类C9→o;族内视觉组S2;组状态首选s;唯一键平衡→x	true	1.360043	1.2879	0.1626	1	0.0000	0.8602	0.9144	30_项目/个人Unicode音型输入法/数据/𓆟Egyptian Hieroglyph字块.md	machine-initial-v3	visual-balanced-4prefix-v3
𓉗	U+13257	EGYPTIAN HIEROGLYPH O006	O006	jw	23	h	枝杈	s	3	n	狭长	jwhn	jw:器物、建筑和工具;视觉聚类C23→h;族内视觉组S3;组状态首选s;唯一键平衡→n	true	0.498130	0.5104	0.2054	1	0.3693	0.9337	0.8946	30_项目/个人Unicode音型输入法/数据/𓆟Egyptian Hieroglyph字块.md	machine-initial-v3	visual-balanced-4prefix-v3
𓉘	U+13258	EGYPTIAN HIEROGLYPH O006A	O006a	jw	10	t	三角尖形	s	2	s	对称	jwts	jw:器物、建筑和工具;视觉聚类C10→t;族内视觉组S2;组状态首选s;采用首选→s	false	0.329610	0.4414	0.1467	1	0.0000	0.8290	0.9864	30_项目/个人Unicode音型输入法/数据/𓆟Egyptian Hieroglyph字块.md	machine-initial-v3	visual-balanced-4prefix-v3
𓉙	U+13259	EGYPTIAN HIEROGLYPH O006B	O006b	jw	10	t	三角尖形	s	2	s	对称	jwts	jw:器物、建筑和工具;视觉聚类C10→t;族内视觉组S2;组状态首选s;采用首选→s	false	0.394343	0.4414	0.1771	1	0.0932	0.7882	0.9257	30_项目/个人Unicode音型输入法/数据/𓆟Egyptian Hieroglyph字块.md	machine-initial-v3	visual-balanced-4prefix-v3
𓉚	U+1325A	EGYPTIAN HIEROGLYPH O006C	O006c	jw	10	t	三角尖形	s	2	s	对称	jwts	jw:器物、建筑和工具;视觉聚类C10→t;族内视觉组S2;组状态首选s;采用首选→s	false	0.372307	0.4414	0.1800	1	0.0932	0.7842	0.9198	30_项目/个人Unicode音型输入法/数据/𓆟Egyptian Hieroglyph字块.md	machine-initial-v3	visual-balanced-4prefix-v3
𓉛	U+1325B	EGYPTIAN HIEROGLYPH O006D	O006d	jw	23	h	枝杈	s	3	n	狭长	jwhn	jw:器物、建筑和工具;视觉聚类C23→h;族内视觉组S3;组状态首选s;唯一键平衡→n	true	0.302248	0.4414	0.1706	1	0.0932	0.8309	0.9037	30_项目/个人Unicode音型输入法/数据/𓆟Egyptian Hieroglyph字块.md	machine-initial-v3	visual-balanced-4prefix-v3
𓉜	U+1325C	EGYPTIAN HIEROGLYPH O006E	O006e	jw	23	h	枝杈	s	3	n	狭长	jwhn	jw:器物、建筑和工具;视觉聚类C23→h;族内视觉组S3;组状态首选s;唯一键平衡→n	true	0.302957	0.4414	0.1675	1	0.0932	0.8353	0.9099	30_项目/个人Unicode音型输入法/数据/𓆟Egyptian Hieroglyph字块.md	machine-initial-v3	visual-balanced-4prefix-v3
𓉝	U+1325D	EGYPTIAN HIEROGLYPH O006F	O006f	jw	23	h	枝杈	s	3	n	狭长	jwhn	jw:器物、建筑和工具;视觉聚类C23→h;族内视觉组S3;组状态首选s;唯一键平衡→n	true	0.284272	0.4414	0.1294	1	0.0000	0.8628	0.9860	30_项目/个人Unicode音型输入法/数据/𓆟Egyptian Hieroglyph字块.md	machine-initial-v3	visual-balanced-4prefix-v3
𓉞	U+1325E	EGYPTIAN HIEROGLYPH O007	O007	jw	23	h	枝杈	s	2	c	闭合	jwhc	jw:器物、建筑和工具;视觉聚类C23→h;族内视觉组S2;组状态首选s;唯一键平衡→c	true	0.507916	0.5104	0.2294	2	0.3276	0.9307	0.8601	30_项目/个人Unicode音型输入法/数据/𓆟Egyptian Hieroglyph字块.md	machine-initial-v3	visual-balanced-4prefix-v3
𓉟	U+1325F	EGYPTIAN HIEROGLYPH O008	O008	jw	23	h	枝杈	s	2	c	闭合	jwhc	jw:器物、建筑和工具;视觉聚类C23→h;族内视觉组S2;组状态首选s;唯一键平衡→c	true	0.777026	1.0521	0.1362	1	0.0896	0.8158	0.8946	30_项目/个人Unicode音型输入法/数据/𓆟Egyptian Hieroglyph字块.md	machine-initial-v3	visual-balanced-4prefix-v3
𓉠	U+13260	EGYPTIAN HIEROGLYPH O009	O009	jw	23	h	枝杈	s	1	s	对称	jwhs	jw:器物、建筑和工具;视觉聚类C23→h;族内视觉组S1;组状态首选s;采用首选→s	false	0.909372	0.9688	0.1531	2	0.1185	0.9668	0.8318	30_项目/个人Unicode音型输入法/数据/𓆟Egyptian Hieroglyph字块.md	machine-initial-v3	visual-balanced-4prefix-v3
𓉡	U+13261	EGYPTIAN HIEROGLYPH O010	O010	jw	9	o	圆环	s	3	c	闭合	jwoc	jw:器物、建筑和工具;视觉聚类C9→o;族内视觉组S3;组状态首选s;唯一键平衡→c	true	1.709391	1.0521	0.2142	3	0.4094	0.8529	0.8179	30_项目/个人Unicode音型输入法/数据/𓆟Egyptian Hieroglyph字块.md	machine-initial-v3	visual-balanced-4prefix-v3
𓉢	U+13262	EGYPTIAN HIEROGLYPH O010A	O010a	jw	9	o	圆环	s	3	c	闭合	jwoc	jw:器物、建筑和工具;视觉聚类C9→o;族内视觉组S3;组状态首选s;唯一键平衡→c	true	1.775650	1.0521	0.1956	2	0.5396	0.9546	0.8521	30_项目/个人Unicode音型输入法/数据/𓆟Egyptian Hieroglyph字块.md	machine-initial-v3	visual-balanced-4prefix-v3
𓉣	U+13263	EGYPTIAN HIEROGLYPH O010B	O010b	jw	9	o	圆环	s	3	c	闭合	jwoc	jw:器物、建筑和工具;视觉聚类C9→o;族内视觉组S3;组状态首选s;唯一键平衡→c	true	1.633708	1.0521	0.2032	2	0.4704	0.8719	0.8247	30_项目/个人Unicode音型输入法/数据/𓆟Egyptian Hieroglyph字块.md	machine-initial-v3	visual-balanced-4prefix-v3
𓉤	U+13264	EGYPTIAN HIEROGLYPH O010C	O010c	jw	8	m	复合	i	0	c	闭合	jwmc	jw:器物、建筑和工具;视觉聚类C8→m;族内视觉组S0;组状态首选i;唯一键平衡→c	true	0.461357	0.8854	0.1547	5	0.2145	0.9032	0.7946	30_项目/个人Unicode音型输入法/数据/𓆟Egyptian Hieroglyph字块.md	machine-initial-v3	visual-balanced-4prefix-v3
𓉥	U+13265	EGYPTIAN HIEROGLYPH O011	O011	jw	10	t	三角尖形	s	3	o	外包	jwto	jw:器物、建筑和工具;视觉聚类C10→t;族内视觉组S3;组状态首选s;唯一键平衡→o	true	0.321124	0.4167	0.1995	1	0.1500	0.9437	0.7937	30_项目/个人Unicode音型输入法/数据/𓆟Egyptian Hieroglyph字块.md	machine-initial-v3	visual-balanced-4prefix-v3
𓉦	U+13266	EGYPTIAN HIEROGLYPH O012	O012	jw	19	a	角折	s	0	s	对称	jwas	jw:器物、建筑和工具;视觉聚类C19→a;族内视觉组S0;组状态首选s;采用首选→s	false	0.683620	1.0521	0.1455	1	0.0569	0.9447	0.8789	30_项目/个人Unicode音型输入法/数据/𓆟Egyptian Hieroglyph字块.md	machine-initial-v3	visual-balanced-4prefix-v3
𓉧	U+13267	EGYPTIAN HIEROGLYPH O013	O013	jw	9	o	圆环	s	2	x	穿过交叠	jwox	jw:器物、建筑和工具;视觉聚类C9→o;族内视觉组S2;组状态首选s;唯一键平衡→x	true	1.284276	1.0521	0.1970	1	0.0000	0.7224	0.7809	30_项目/个人Unicode音型输入法/数据/𓆟Egyptian Hieroglyph字块.md	machine-initial-v3	visual-balanced-4prefix-v3
𓉨	U+13268	EGYPTIAN HIEROGLYPH O014	O014	jw	0	x	交叉	s	1	x	穿过交叠	jwxx	jw:器物、建筑和工具;视觉聚类C0→x;族内视觉组S1;组状态首选s;唯一键平衡→x	true	1.143684	1.0333	0.1324	1	0.0000	0.7935	0.7754	30_项目/个人Unicode音型输入法/数据/𓆟Egyptian Hieroglyph字块.md	machine-initial-v3	visual-balanced-4prefix-v3
𓉩	U+13269	EGYPTIAN HIEROGLYPH O015	O015	jw	9	o	圆环	s	0	s	对称	jwos	jw:器物、建筑和工具;视觉聚类C9→o;族内视觉组S0;组状态首选s;采用首选→s	false	0.785251	1.0521	0.1915	3	0.1049	0.8393	0.8851	30_项目/个人Unicode音型输入法/数据/𓆟Egyptian Hieroglyph字块.md	machine-initial-v3	visual-balanced-4prefix-v3
𓉪	U+1326A	EGYPTIAN HIEROGLYPH O016	O016	jw	22	s	方框	s	1	o	外包	jwso	jw:器物、建筑和工具;视觉聚类C22→s;族内视觉组S1;组状态首选s;唯一键平衡→o	true	0.489052	1.5303	0.1596	1	0.3195	0.9469	0.7828	30_项目/个人Unicode音型输入法/数据/𓆟Egyptian Hieroglyph字块.md	machine-initial-v3	visual-balanced-4prefix-v3
𓉫	U+1326B	EGYPTIAN HIEROGLYPH O017	O017	jw	5	g	动物有机体	s	1	s	对称	jwgs	jw:器物、建筑和工具;视觉聚类C5→g;族内视觉组S1;组状态首选s;采用首选→s	false	0.634695	1.4394	0.1780	1	0.0909	0.9158	0.7569	30_项目/个人Unicode音型输入法/数据/𓆟Egyptian Hieroglyph字块.md	machine-initial-v3	visual-balanced-4prefix-v3
𓉬	U+1326C	EGYPTIAN HIEROGLYPH O018	O018	jw	8	m	复合	i	1	i	内含	jwmi	jw:器物、建筑和工具;视觉聚类C8→m;族内视觉组S1;组状态首选i;采用首选→i	false	0.585696	1.0208	0.1163	1	0.3333	0.9524	0.8495	30_项目/个人Unicode音型输入法/数据/𓆟Egyptian Hieroglyph字块.md	machine-initial-v3	visual-balanced-4prefix-v3
𓉭	U+1326D	EGYPTIAN HIEROGLYPH O019	O019	jw	8	m	复合	i	1	i	内含	jwmi	jw:器物、建筑和工具;视觉聚类C8→m;族内视觉组S1;组状态首选i;采用首选→i	false	0.735153	1.0521	0.1554	1	0.2683	0.8005	0.8236	30_项目/个人Unicode音型输入法/数据/𓆟Egyptian Hieroglyph字块.md	machine-initial-v3	visual-balanced-4prefix-v3
𓉮	U+1326E	EGYPTIAN HIEROGLYPH O019A	O019a	jw	8	m	复合	i	1	i	内含	jwmi	jw:器物、建筑和工具;视觉聚类C8→m;族内视觉组S1;组状态首选i;采用首选→i	false	0.548218	1.0104	0.1169	1	0.1777	0.8520	0.8692	30_项目/个人Unicode音型输入法/数据/𓆟Egyptian Hieroglyph字块.md	machine-initial-v3	visual-balanced-4prefix-v3
𓉯	U+1326F	EGYPTIAN HIEROGLYPH O020	O020	jw	20	e	椭圆	s	0	o	外包	jweo	jw:器物、建筑和工具;视觉聚类C20→e;族内视觉组S0;组状态首选s;唯一键平衡→o	true	0.445669	0.7292	0.1716	1	0.1082	0.9932	0.8330	30_项目/个人Unicode音型输入法/数据/𓆟Egyptian Hieroglyph字块.md	machine-initial-v3	visual-balanced-4prefix-v3
𓉰	U+13270	EGYPTIAN HIEROGLYPH O020A	O020a	jw	20	e	椭圆	s	1	s	对称	jwes	jw:器物、建筑和工具;视觉聚类C20→e;族内视觉组S1;组状态首选s;采用首选→s	false	0.473593	0.5729	0.2121	1	0.1364	0.9727	0.8098	30_项目/个人Unicode音型输入法/数据/𓆟Egyptian Hieroglyph字块.md	machine-initial-v3	visual-balanced-4prefix-v3
𓉱	U+13271	EGYPTIAN HIEROGLYPH O021	O021	jw	14	f	人物轮廓	s	0	o	外包	jwfo	jw:器物、建筑和工具;视觉聚类C14→f;族内视觉组S0;组状态首选s;唯一键平衡→o	true	0.408956	0.7292	0.1626	1	0.2411	0.9759	0.8426	30_项目/个人Unicode音型输入法/数据/𓆟Egyptian Hieroglyph字块.md	machine-initial-v3	visual-balanced-4prefix-v3
𓉲	U+13272	EGYPTIAN HIEROGLYPH O022	O022	jw	9	o	圆环	s	2	x	穿过交叠	jwox	jw:器物、建筑和工具;视觉聚类C9→o;族内视觉组S2;组状态首选s;唯一键平衡→x	true	0.534641	1.0521	0.1325	1	0.0901	0.9897	0.8649	30_项目/个人Unicode音型输入法/数据/𓆟Egyptian Hieroglyph字块.md	machine-initial-v3	visual-balanced-4prefix-v3
𓉳	U+13273	EGYPTIAN HIEROGLYPH O023	O023	jw	8	m	复合	i	1	i	内含	jwmi	jw:器物、建筑和工具;视觉聚类C8→m;族内视觉组S1;组状态首选i;采用首选→i	false	0.763713	1.0521	0.1393	1	0.1946	0.9961	0.8670	30_项目/个人Unicode音型输入法/数据/𓆟Egyptian Hieroglyph字块.md	machine-initial-v3	visual-balanced-4prefix-v3
𓉴	U+13274	EGYPTIAN HIEROGLYPH O024	O024	jw	10	t	三角尖形	s	3	o	外包	jwto	jw:器物、建筑和工具;视觉聚类C10→t;族内视觉组S3;组状态首选s;唯一键平衡→o	true	0.275471	0.6562	0.0992	1	0.2302	0.9726	0.8201	30_项目/个人Unicode音型输入法/数据/𓆟Egyptian Hieroglyph字块.md	machine-initial-v3	visual-balanced-4prefix-v3
𓉵	U+13275	EGYPTIAN HIEROGLYPH O024A	O024a	jw	8	m	复合	s	2	s	对称	jwms	jw:器物、建筑和工具;视觉聚类C8→m;族内视觉组S2;组状态首选s;采用首选→s	false	0.506210	0.9884	0.1012	1	0.3402	0.9598	0.8298	30_项目/个人Unicode音型输入法/数据/𓆟Egyptian Hieroglyph字块.md	machine-initial-v3	visual-balanced-4prefix-v3
𓉶	U+13276	EGYPTIAN HIEROGLYPH O025	O025	jw	16	d	点状	s	3	v	纵向	jwdv	jw:器物、建筑和工具;视觉聚类C16→d;族内视觉组S3;组状态首选s;唯一键平衡→v	true	0.149176	0.4167	0.1453	1	0.2500	0.9625	0.8854	30_项目/个人Unicode音型输入法/数据/𓆟Egyptian Hieroglyph字块.md	machine-initial-v3	visual-balanced-4prefix-v3
𓉷	U+13277	EGYPTIAN HIEROGLYPH O025A	O025a	jw	8	m	复合	i	0	c	闭合	jwmc	jw:器物、建筑和工具;视觉聚类C8→m;族内视觉组S0;组状态首选i;唯一键平衡→c	true	0.411855	0.8854	0.0982	1	0.1859	0.9532	0.8238	30_项目/个人Unicode音型输入法/数据/𓆟Egyptian Hieroglyph字块.md	machine-initial-v3	visual-balanced-4prefix-v3
𓉸	U+13278	EGYPTIAN HIEROGLYPH O026	O026	jw	20	e	椭圆	s	1	s	对称	jwes	jw:器物、建筑和工具;视觉聚类C20→e;族内视觉组S1;组状态首选s;采用首选→s	false	0.279969	0.6562	0.1181	1	0.4595	0.9921	0.9087	30_项目/个人Unicode音型输入法/数据/𓆟Egyptian Hieroglyph字块.md	machine-initial-v3	visual-balanced-4prefix-v3
𓉹	U+13279	EGYPTIAN HIEROGLYPH O027	O027	jw	0	x	交叉	s	0	s	对称	jwxs	jw:器物、建筑和工具;视觉聚类C0→x;族内视觉组S0;组状态首选s;采用首选→s	false	0.860882	1.1477	0.1883	1	0.1899	0.9849	0.8582	30_项目/个人Unicode音型输入法/数据/𓆟Egyptian Hieroglyph字块.md	machine-initial-v3	visual-balanced-4prefix-v3
𓉺	U+1327A	EGYPTIAN HIEROGLYPH O028	O028	jw	16	d	点状	s	4	o	外包	jwdo	jw:器物、建筑和工具;视觉聚类C16→d;族内视觉组S4;组状态首选s;唯一键平衡→o	true	0.169362	0.3438	0.1657	1	0.1837	0.9564	0.8516	30_项目/个人Unicode音型输入法/数据/𓆟Egyptian Hieroglyph字块.md	machine-initial-v3	visual-balanced-4prefix-v3
𓉻	U+1327B	EGYPTIAN HIEROGLYPH O029	O029	jw	1	l	线条	h	1	h	横向	jwlh	jw:器物、建筑和工具;视觉聚类C1→l;族内视觉组S1;组状态首选h;采用首选→h	false	0.148134	3.8846	0.1607	1	0.1660	0.7449	0.9619	30_项目/个人Unicode音型输入法/数据/𓆟Egyptian Hieroglyph字块.md	machine-initial-v3	visual-balanced-4prefix-v3
𓉼	U+1327C	EGYPTIAN HIEROGLYPH O029A	O029a	jw	24	c	曲弧	n	0	n	狭长	jwcn	jw:器物、建筑和工具;视觉聚类C24→c;族内视觉组S0;组状态首选n;采用首选→n	false	0.124648	0.3125	0.1462	1	0.1503	0.9229	0.7688	30_项目/个人Unicode音型输入法/数据/𓆟Egyptian Hieroglyph字块.md	machine-initial-v3	visual-balanced-4prefix-v3
𓉽	U+1327D	EGYPTIAN HIEROGLYPH O030	O030	jw	3	i	细柱	s	1	e	空心低填充	jwie	jw:器物、建筑和工具;视觉聚类C3→i;族内视觉组S1;组状态首选s;唯一键平衡→e	true	0.126463	0.4167	0.1081	1	0.0000	0.9943	0.9151	30_项目/个人Unicode音型输入法/数据/𓆟Egyptian Hieroglyph字块.md	machine-initial-v3	visual-balanced-4prefix-v3
𓉾	U+1327E	EGYPTIAN HIEROGLYPH O030A	O030a	jw	0	x	交叉	s	1	x	穿过交叠	jwxx	jw:器物、建筑和工具;视觉聚类C0→x;族内视觉组S1;组状态首选s;唯一键平衡→x	true	0.546244	1.3542	0.1212	4	0.0000	0.9689	0.8984	30_项目/个人Unicode音型输入法/数据/𓆟Egyptian Hieroglyph字块.md	machine-initial-v3	visual-balanced-4prefix-v3
𓉿	U+1327F	EGYPTIAN HIEROGLYPH O031	O031	jw	4	n	成列成排	i	2	i	内含	jwni	jw:器物、建筑和工具;视觉聚类C4→n;族内视觉组S2;组状态首选i;采用首选→i	false	0.163416	3.2581	0.1600	1	0.3667	0.9642	0.8646	30_项目/个人Unicode音型输入法/数据/𓆟Egyptian Hieroglyph字块.md	machine-initial-v3	visual-balanced-4prefix-v3
𓊀	U+13280	EGYPTIAN HIEROGLYPH O032	O032	jw	20	e	椭圆	s	1	s	对称	jwes	jw:器物、建筑和工具;视觉聚类C20→e;族内视觉组S1;组状态首选s;采用首选→s	false	0.371326	0.7292	0.1638	1	0.1869	0.9997	0.8420	30_项目/个人Unicode音型输入法/数据/𓆟Egyptian Hieroglyph字块.md	machine-initial-v3	visual-balanced-4prefix-v3
𓊁	U+13281	EGYPTIAN HIEROGLYPH O033	O033	jw	7	r	放射星芒	s	0	s	对称	jwrs	jw:器物、建筑和工具;视觉聚类C7→r;族内视觉组S0;组状态首选s;采用首选→s	false	1.779600	0.8854	0.2750	1	0.0806	0.9341	0.7632	30_项目/个人Unicode音型输入法/数据/𓆟Egyptian Hieroglyph字块.md	machine-initial-v3	visual-balanced-4prefix-v3
𓊂	U+13282	EGYPTIAN HIEROGLYPH O033A	O033a	jw	25	q	其他	s	0	s	对称	jwqs	jw:器物、建筑和工具;视觉聚类C25→q;族内视觉组S0;组状态首选s;采用首选→s	false	0.000000	1.1222	0.2936	1	0.0733	0.7454	0.9989	30_项目/个人Unicode音型输入法/数据/𓆟Egyptian Hieroglyph字块.md	machine-initial-v3	visual-balanced-4prefix-v3
𓊃	U+13283	EGYPTIAN HIEROGLYPH O034	O034	jw	19	a	角折	s	0	s	对称	jwas	jw:器物、建筑和工具;视觉聚类C19→a;族内视觉组S0;组状态首选s;采用首选→s	false	0.163699	4.5909	0.1607	1	0.0000	1.0000	0.7543	30_项目/个人Unicode音型输入法/数据/𓆟Egyptian Hieroglyph字块.md	machine-initial-v3	visual-balanced-4prefix-v3
𓊄	U+13284	EGYPTIAN HIEROGLYPH O035	O035	jw	22	s	方框	s	2	c	闭合	jwsc	jw:器物、建筑和工具;视觉聚类C22→s;族内视觉组S2;组状态首选s;唯一键平衡→c	true	0.687482	1.8364	0.1550	1	0.0000	0.9150	0.7735	30_项目/个人Unicode音型输入法/数据/𓆟Egyptian Hieroglyph字块.md	machine-initial-v3	visual-balanced-4prefix-v3
𓊅	U+13285	EGYPTIAN HIEROGLYPH O036	O036	jw	14	f	人物轮廓	s	1	s	对称	jwfs	jw:器物、建筑和工具;视觉聚类C14→f;族内视觉组S1;组状态首选s;采用首选→s	false	0.910073	0.6354	0.2425	1	0.3467	1.0000	0.9891	30_项目/个人Unicode音型输入法/数据/𓆟Egyptian Hieroglyph字块.md	machine-initial-v3	visual-balanced-4prefix-v3
𓊆	U+13286	EGYPTIAN HIEROGLYPH O036A	O036a	jw	10	t	三角尖形	s	1	e	空心低填充	jwte	jw:器物、建筑和工具;视觉聚类C10→t;族内视觉组S1;组状态首选s;唯一键平衡→e	true	0.487237	0.6000	0.1280	1	0.0000	0.7731	0.9824	30_项目/个人Unicode音型输入法/数据/𓆟Egyptian Hieroglyph字块.md	machine-initial-v3	visual-balanced-4prefix-v3
𓊇	U+13287	EGYPTIAN HIEROGLYPH O036B	O036b	jw	14	f	人物轮廓	s	1	s	对称	jwfs	jw:器物、建筑和工具;视觉聚类C14→f;族内视觉组S1;组状态首选s;采用首选→s	false	0.483104	0.6000	0.1282	1	0.0000	0.7722	0.9838	30_项目/个人Unicode音型输入法/数据/𓆟Egyptian Hieroglyph字块.md	machine-initial-v3	visual-balanced-4prefix-v3
𓊈	U+13288	EGYPTIAN HIEROGLYPH O036C	O036c	jw	10	t	三角尖形	s	2	s	对称	jwts	jw:器物、建筑和工具;视觉聚类C10→t;族内视觉组S2;组状态首选s;采用首选→s	false	0.519418	0.4750	0.1959	1	0.0000	0.7529	0.9895	30_项目/个人Unicode音型输入法/数据/𓆟Egyptian Hieroglyph字块.md	machine-initial-v3	visual-balanced-4prefix-v3
𓊉	U+13289	EGYPTIAN HIEROGLYPH O036D	O036d	jw	23	h	枝杈	s	2	c	闭合	jwhc	jw:器物、建筑和工具;视觉聚类C23→h;族内视觉组S2;组状态首选s;唯一键平衡→c	true	0.487618	0.4750	0.2007	1	0.0000	0.7421	0.9898	30_项目/个人Unicode音型输入法/数据/𓆟Egyptian Hieroglyph字块.md	machine-initial-v3	visual-balanced-4prefix-v3
𓊊	U+1328A	EGYPTIAN HIEROGLYPH O037	O037	jw	7	r	放射星芒	s	0	s	对称	jwrs	jw:器物、建筑和工具;视觉聚类C7→r;族内视觉组S0;组状态首选s;采用首选→s	false	1.001714	1.2169	0.1254	1	0.1812	0.7858	0.7860	30_项目/个人Unicode音型输入法/数据/𓆟Egyptian Hieroglyph字块.md	machine-initial-v3	visual-balanced-4prefix-v3
𓊋	U+1328B	EGYPTIAN HIEROGLYPH O038	O038	jw	9	o	圆环	s	3	c	闭合	jwoc	jw:器物、建筑和工具;视觉聚类C9→o;族内视觉组S3;组状态首选s;唯一键平衡→c	true	1.615853	1.0678	0.1262	1	0.1598	0.8752	0.8709	30_项目/个人Unicode音型输入法/数据/𓆟Egyptian Hieroglyph字块.md	machine-initial-v3	visual-balanced-4prefix-v3
𓊌	U+1328C	EGYPTIAN HIEROGLYPH O039	O039	jw	22	s	方框	s	3	s	对称	jwss	jw:器物、建筑和工具;视觉聚类C22→s;族内视觉组S3;组状态首选s;采用首选→s	false	0.639919	2.0323	0.1715	1	0.4004	0.9816	0.9508	30_项目/个人Unicode音型输入法/数据/𓆟Egyptian Hieroglyph字块.md	machine-initial-v3	visual-balanced-4prefix-v3
𓊍	U+1328D	EGYPTIAN HIEROGLYPH O040	O040	jw	13	v	开口V形	s	1	o	外包	jwvo	jw:器物、建筑和工具;视觉聚类C13→v;族内视觉组S1;组状态首选s;唯一键平衡→o	true	0.971877	1.2157	0.1094	1	0.3219	0.8811	0.8608	30_项目/个人Unicode音型输入法/数据/𓆟Egyptian Hieroglyph字块.md	machine-initial-v3	visual-balanced-4prefix-v3
𓊎	U+1328E	EGYPTIAN HIEROGLYPH O041	O041	jw	6	z	阶梯锯齿	s	1	o	外包	jwzo	jw:器物、建筑和工具;视觉聚类C6→z;族内视觉组S1;组状态首选s;唯一键平衡→o	true	0.315993	1.9804	0.0971	1	0.3347	0.9852	0.8338	30_项目/个人Unicode音型输入法/数据/𓆟Egyptian Hieroglyph字块.md	machine-initial-v3	visual-balanced-4prefix-v3
𓊏	U+1328F	EGYPTIAN HIEROGLYPH O042	O042	jw	5	g	动物有机体	s	0	o	外包	jwgo	jw:器物、建筑和工具;视觉聚类C5→g;族内视觉组S0;组状态首选s;唯一键平衡→o	true	0.887855	1.8039	0.2402	1	0.0667	0.7967	0.6692	30_项目/个人Unicode音型输入法/数据/𓆟Egyptian Hieroglyph字块.md	machine-initial-v3	visual-balanced-4prefix-v3
𓊐	U+13290	EGYPTIAN HIEROGLYPH O043	O043	jw	6	z	阶梯锯齿	s	0	s	对称	jwzs	jw:器物、建筑和工具;视觉聚类C6→z;族内视觉组S0;组状态首选s;采用首选→s	false	0.502002	1.9804	0.1870	1	0.0843	0.9771	0.8063	30_项目/个人Unicode音型输入法/数据/𓆟Egyptian Hieroglyph字块.md	machine-initial-v3	visual-balanced-4prefix-v3
𓊑	U+13291	EGYPTIAN HIEROGLYPH O044	O044	jw	3	i	细柱	s	1	e	空心低填充	jwie	jw:器物、建筑和工具;视觉聚类C3→i;族内视觉组S1;组状态首选s;唯一键平衡→e	true	0.263841	0.7292	0.1009	1	0.0054	0.9458	0.8571	30_项目/个人Unicode音型输入法/数据/𓆟Egyptian Hieroglyph字块.md	machine-initial-v3	visual-balanced-4prefix-v3
𓊒	U+13292	EGYPTIAN HIEROGLYPH O045	O045	jw	9	o	圆环	s	2	x	穿过交叠	jwox	jw:器物、建筑和工具;视觉聚类C9→o;族内视觉组S2;组状态首选s;唯一键平衡→x	true	1.409659	1.0606	0.1288	1	0.3015	0.8273	0.8420	30_项目/个人Unicode音型输入法/数据/𓆟Egyptian Hieroglyph字块.md	machine-initial-v3	visual-balanced-4prefix-v3
𓊓	U+13293	EGYPTIAN HIEROGLYPH O046	O046	jw	15	u	容器U形	s	0	s	对称	jwus	jw:器物、建筑和工具;视觉聚类C15→u;族内视觉组S0;组状态首选s;采用首选→s	false	0.730346	0.8333	0.1537	1	0.3636	0.9350	0.8314	30_项目/个人Unicode音型输入法/数据/𓆟Egyptian Hieroglyph字块.md	machine-initial-v3	visual-balanced-4prefix-v3
𓊔	U+13294	EGYPTIAN HIEROGLYPH O047	O047	jw	11	w	波浪流线	s	0	s	对称	jwws	jw:器物、建筑和工具;视觉聚类C11→w;族内视觉组S0;组状态首选s;采用首选→s	false	0.585425	2.2647	0.2193	3	0.3373	0.9343	0.9312	30_项目/个人Unicode音型输入法/数据/𓆟Egyptian Hieroglyph字块.md	machine-initial-v3	visual-balanced-4prefix-v3
𓊕	U+13295	EGYPTIAN HIEROGLYPH O048	O048	jw	9	o	圆环	s	0	s	对称	jwos	jw:器物、建筑和工具;视觉聚类C9→o;族内视觉组S0;组状态首选s;采用首选→s	false	0.951832	1.0517	0.1758	3	0.3547	0.9740	0.9989	30_项目/个人Unicode音型输入法/数据/𓆟Egyptian Hieroglyph字块.md	machine-initial-v3	visual-balanced-4prefix-v3
𓊖	U+13296	EGYPTIAN HIEROGLYPH O049	O049	jw	9	o	圆环	s	1	o	外包	jwoo	jw:器物、建筑和工具;视觉聚类C9→o;族内视觉组S1;组状态首选s;唯一键平衡→o	true	1.876904	1.0702	0.2686	1	0.1493	0.9638	0.9448	30_项目/个人Unicode音型输入法/数据/𓆟Egyptian Hieroglyph字块.md	machine-initial-v3	visual-balanced-4prefix-v3
𓊗	U+13297	EGYPTIAN HIEROGLYPH O050	O050	jw	9	o	圆环	s	0	s	对称	jwos	jw:器物、建筑和工具;视觉聚类C9→o;族内视觉组S0;组状态首选s;采用首选→s	false	0.688012	1.0702	0.1501	1	0.3819	0.9758	0.9546	30_项目/个人Unicode音型输入法/数据/𓆟Egyptian Hieroglyph字块.md	machine-initial-v3	visual-balanced-4prefix-v3
𓊘	U+13298	EGYPTIAN HIEROGLYPH O050A	O050a	jw	0	x	交叉	i	2	i	内含	jwxi	jw:器物、建筑和工具;视觉聚类C0→x;族内视觉组S2;组状态首选i;采用首选→i	false	1.605942	1.0727	0.1562	1	0.2228	0.7492	0.7541	30_项目/个人Unicode音型输入法/数据/𓆟Egyptian Hieroglyph字块.md	machine-initial-v3	visual-balanced-4prefix-v3
𓊙	U+13299	EGYPTIAN HIEROGLYPH O050B	O050b	jw	5	g	动物有机体	s	0	o	外包	jwgo	jw:器物、建筑和工具;视觉聚类C5→g;族内视觉组S0;组状态首选s;唯一键平衡→o	true	1.455868	1.0727	0.1504	1	0.2210	0.7572	0.7621	30_项目/个人Unicode音型输入法/数据/𓆟Egyptian Hieroglyph字块.md	machine-initial-v3	visual-balanced-4prefix-v3
𓊚	U+1329A	EGYPTIAN HIEROGLYPH O051	O051	jw	13	v	开口V形	s	2	s	对称	jwvs	jw:器物、建筑和工具;视觉聚类C13→v;族内视觉组S2;组状态首选s;采用首选→s	false	0.502379	1.2625	0.1126	5	0.3024	0.9696	0.8134	30_项目/个人Unicode音型输入法/数据/𓆟Egyptian Hieroglyph字块.md	machine-initial-v3	visual-balanced-4prefix-v3
𓊛	U+1329B	EGYPTIAN HIEROGLYPH P001	P001	jw	11	w	波浪流线	s	0	s	对称	jwws	jw:器物、建筑和工具;视觉聚类C11→w;族内视觉组S0;组状态首选s;采用首选→s	false	0.387986	1.7414	0.1417	1	0.0461	0.8293	0.7637	30_项目/个人Unicode音型输入法/数据/𓆟Egyptian Hieroglyph字块.md	machine-initial-v3	visual-balanced-4prefix-v3
𓊜	U+1329C	EGYPTIAN HIEROGLYPH P001A	P001a	jw	0	x	交叉	s	3	o	外包	jwxo	jw:器物、建筑和工具;视觉聚类C0→x;族内视觉组S3;组状态首选s;唯一键平衡→o	true	0.659840	1.7414	0.1388	1	0.0461	0.8310	0.7654	30_项目/个人Unicode音型输入法/数据/𓆟Egyptian Hieroglyph字块.md	machine-initial-v3	visual-balanced-4prefix-v3
𓊝	U+1329D	EGYPTIAN HIEROGLYPH P002	P002	jw	5	g	动物有机体	s	0	o	外包	jwgo	jw:器物、建筑和工具;视觉聚类C5→g;族内视觉组S0;组状态首选s;唯一键平衡→o	true	0.576246	1.3649	0.1862	1	0.0490	0.7857	0.7474	30_项目/个人Unicode音型输入法/数据/𓆟Egyptian Hieroglyph字块.md	machine-initial-v3	visual-balanced-4prefix-v3
𓊞	U+1329E	EGYPTIAN HIEROGLYPH P003	P003	jw	6	z	阶梯锯齿	s	1	o	外包	jwzo	jw:器物、建筑和工具;视觉聚类C6→z;族内视觉组S1;组状态首选s;唯一键平衡→o	true	0.520974	1.4225	0.1671	1	0.0991	0.7721	0.7660	30_项目/个人Unicode音型输入法/数据/𓆟Egyptian Hieroglyph字块.md	machine-initial-v3	visual-balanced-4prefix-v3
𓊟	U+1329F	EGYPTIAN HIEROGLYPH P003A	P003a	jw	6	z	阶梯锯齿	s	1	o	外包	jwzo	jw:器物、建筑和工具;视觉聚类C6→z;族内视觉组S1;组状态首选s;唯一键平衡→o	true	0.427270	1.4225	0.1342	1	0.1032	0.8148	0.7774	30_项目/个人Unicode音型输入法/数据/𓆟Egyptian Hieroglyph字块.md	machine-initial-v3	visual-balanced-4prefix-v3
𓊠	U+132A0	EGYPTIAN HIEROGLYPH P004	P004	jw	22	s	方框	s	2	c	闭合	jwsc	jw:器物、建筑和工具;视觉聚类C22→s;族内视觉组S2;组状态首选s;唯一键平衡→c	true	0.473395	1.7414	0.1704	1	0.1431	0.9891	0.7323	30_项目/个人Unicode音型输入法/数据/𓆟Egyptian Hieroglyph字块.md	machine-initial-v3	visual-balanced-4prefix-v3
𓊡	U+132A1	EGYPTIAN HIEROGLYPH P005	P005	jw	2	y	分叉翼形	s	2	s	对称	jwys	jw:器物、建筑和工具;视觉聚类C2→y;族内视觉组S2;组状态首选s;采用首选→s	false	0.539994	1.0521	0.0885	1	0.1801	0.9645	0.8420	30_项目/个人Unicode音型输入法/数据/𓆟Egyptian Hieroglyph字块.md	machine-initial-v3	visual-balanced-4prefix-v3
𓊢	U+132A2	EGYPTIAN HIEROGLYPH P006	P006	jw	16	d	点状	s	1	s	对称	jwds	jw:器物、建筑和工具;视觉聚类C16→d;族内视觉组S1;组状态首选s;采用首选→s	false	0.265863	0.4167	0.1591	1	0.0510	0.9589	0.7828	30_项目/个人Unicode音型输入法/数据/𓆟Egyptian Hieroglyph字块.md	machine-initial-v3	visual-balanced-4prefix-v3
𓊣	U+132A3	EGYPTIAN HIEROGLYPH P007	P007	jw	6	z	阶梯锯齿	s	0	s	对称	jwzs	jw:器物、建筑和工具;视觉聚类C6→z;族内视觉组S0;组状态首选s;采用首选→s	false	0.642870	1.0521	0.1132	1	0.0183	0.8523	0.8387	30_项目/个人Unicode音型输入法/数据/𓆟Egyptian Hieroglyph字块.md	machine-initial-v3	visual-balanced-4prefix-v3
𓊤	U+132A4	EGYPTIAN HIEROGLYPH P008	P008	jw	24	c	曲弧	s	4	c	闭合	jwcc	jw:器物、建筑和工具;视觉聚类C24→c;族内视觉组S4;组状态首选s;唯一键平衡→c	true	0.119534	0.2812	0.1674	1	0.0756	0.9715	0.8133	30_项目/个人Unicode音型输入法/数据/𓆟Egyptian Hieroglyph字块.md	machine-initial-v3	visual-balanced-4prefix-v3
𓊥	U+132A5	EGYPTIAN HIEROGLYPH P009	P009	jw	19	a	角折	s	2	w	宽展	jwaw	jw:器物、建筑和工具;视觉聚类C19→a;族内视觉组S2;组状态首选s;唯一键平衡→w	true	0.297081	1.0521	0.0809	1	0.0293	0.8608	0.8816	30_项目/个人Unicode音型输入法/数据/𓆟Egyptian Hieroglyph字块.md	machine-initial-v3	visual-balanced-4prefix-v3
𓊦	U+132A6	EGYPTIAN HIEROGLYPH P010	P010	jw	18	p	螺旋回环	s	1	o	外包	jwpo	jw:器物、建筑和工具;视觉聚类C18→p;族内视觉组S1;组状态首选s;唯一键平衡→o	true	0.483974	1.0521	0.0548	1	0.0475	0.8925	0.8958	30_项目/个人Unicode音型输入法/数据/𓆟Egyptian Hieroglyph字块.md	machine-initial-v3	visual-balanced-4prefix-v3
𓊧	U+132A7	EGYPTIAN HIEROGLYPH P011	P011	jw	24	c	曲弧	v	1	v	纵向	jwcv	jw:器物、建筑和工具;视觉聚类C24→c;族内视觉组S1;组状态首选v;采用首选→v	false	0.118521	0.3021	0.1318	1	0.1843	0.7665	0.8685	30_项目/个人Unicode音型输入法/数据/𓆟Egyptian Hieroglyph字块.md	machine-initial-v3	visual-balanced-4prefix-v3
𓊨	U+132A8	EGYPTIAN HIEROGLYPH Q001	Q001	jw	14	f	人物轮廓	s	1	s	对称	jwfs	jw:器物、建筑和工具;视觉聚类C14→f;族内视觉组S1;组状态首选s;采用首选→s	false	0.311410	0.5729	0.1025	1	0.2746	0.8458	0.8860	30_项目/个人Unicode音型输入法/数据/𓆟Egyptian Hieroglyph字块.md	machine-initial-v3	visual-balanced-4prefix-v3
𓊩	U+132A9	EGYPTIAN HIEROGLYPH Q002	Q002	jw	6	z	阶梯锯齿	s	1	o	外包	jwzo	jw:器物、建筑和工具;视觉聚类C6→z;族内视觉组S1;组状态首选s;唯一键平衡→o	true	0.366734	1.5303	0.0902	1	0.2498	0.9046	0.8431	30_项目/个人Unicode音型输入法/数据/𓆟Egyptian Hieroglyph字块.md	machine-initial-v3	visual-balanced-4prefix-v3
𓊪	U+132AA	EGYPTIAN HIEROGLYPH Q003	Q003	jw	7	r	放射星芒	s	0	s	对称	jwrs	jw:器物、建筑和工具;视觉聚类C7→r;族内视觉组S0;组状态首选s;采用首选→s	false	1.342307	0.9412	0.1479	1	0.4685	0.9690	0.9714	30_项目/个人Unicode音型输入法/数据/𓆟Egyptian Hieroglyph字块.md	machine-initial-v3	visual-balanced-4prefix-v3
𓊫	U+132AB	EGYPTIAN HIEROGLYPH Q004	Q004	jw	13	v	开口V形	s	2	s	对称	jwvs	jw:器物、建筑和工具;视觉聚类C13→v;族内视觉组S2;组状态首选s;采用首选→s	false	0.465149	1.5303	0.1157	1	0.1140	0.9949	0.8389	30_项目/个人Unicode音型输入法/数据/𓆟Egyptian Hieroglyph字块.md	machine-initial-v3	visual-balanced-4prefix-v3
𓊬	U+132AC	EGYPTIAN HIEROGLYPH Q005	Q005	jw	22	s	方框	s	2	c	闭合	jwsc	jw:器物、建筑和工具;视觉聚类C22→s;族内视觉组S2;组状态首选s;唯一键平衡→c	true	0.336043	2.1957	0.1281	1	0.4262	0.9996	0.8515	30_项目/个人Unicode音型输入法/数据/𓆟Egyptian Hieroglyph字块.md	machine-initial-v3	visual-balanced-4prefix-v3
𓊭	U+132AD	EGYPTIAN HIEROGLYPH Q006	Q006	jw	22	s	方框	s	3	s	对称	jwss	jw:器物、建筑和工具;视觉聚类C22→s;族内视觉组S3;组状态首选s;采用首选→s	false	0.503912	1.5303	0.1301	1	0.2861	0.9967	0.8419	30_项目/个人Unicode音型输入法/数据/𓆟Egyptian Hieroglyph字块.md	machine-initial-v3	visual-balanced-4prefix-v3
𓊮	U+132AE	EGYPTIAN HIEROGLYPH Q007	Q007	jw	12	k	绳结	s	0	o	外包	jwko	jw:器物、建筑和工具;视觉聚类C12→k;族内视觉组S0;组状态首选s;唯一键平衡→o	true	0.466267	0.6322	0.1473	1	0.0650	0.7350	0.8161	30_项目/个人Unicode音型输入法/数据/𓆟Egyptian Hieroglyph字块.md	machine-initial-v3	visual-balanced-4prefix-v3
𓊯	U+132AF	EGYPTIAN HIEROGLYPH R001	R001	jw	2	y	分叉翼形	s	2	s	对称	jwys	jw:器物、建筑和工具;视觉聚类C2→y;族内视觉组S2;组状态首选s;采用首选→s	false	0.489121	1.0521	0.1166	1	0.0458	0.8857	0.7960	30_项目/个人Unicode音型输入法/数据/𓆟Egyptian Hieroglyph字块.md	machine-initial-v3	visual-balanced-4prefix-v3
𓊰	U+132B0	EGYPTIAN HIEROGLYPH R002	R002	jw	2	y	分叉翼形	s	2	s	对称	jwys	jw:器物、建筑和工具;视觉聚类C2→y;族内视觉组S2;组状态首选s;采用首选→s	false	0.537641	1.0521	0.1213	1	0.0251	0.9550	0.7723	30_项目/个人Unicode音型输入法/数据/𓆟Egyptian Hieroglyph字块.md	machine-initial-v3	visual-balanced-4prefix-v3
𓊱	U+132B1	EGYPTIAN HIEROGLYPH R002A	R002a	jw	10	t	三角尖形	s	2	s	对称	jwts	jw:器物、建筑和工具;视觉聚类C10→t;族内视觉组S2;组状态首选s;采用首选→s	false	0.278688	0.7292	0.1045	1	0.1760	0.9911	0.8268	30_项目/个人Unicode音型输入法/数据/𓆟Egyptian Hieroglyph字块.md	machine-initial-v3	visual-balanced-4prefix-v3
𓊲	U+132B2	EGYPTIAN HIEROGLYPH R003	R003	jw	8	m	复合	s	2	s	对称	jwms	jw:器物、建筑和工具;视觉聚类C8→m;族内视觉组S2;组状态首选s;采用首选→s	false	0.608947	1.0521	0.1186	1	0.0433	0.9379	0.8181	30_项目/个人Unicode音型输入法/数据/𓆟Egyptian Hieroglyph字块.md	machine-initial-v3	visual-balanced-4prefix-v3
𓊳	U+132B3	EGYPTIAN HIEROGLYPH R003A	R003a	jw	22	s	方框	s	3	s	对称	jwss	jw:器物、建筑和工具;视觉聚类C22→s;族内视觉组S3;组状态首选s;采用首选→s	false	0.763666	1.6667	0.1444	1	0.3151	0.9852	0.7578	30_项目/个人Unicode音型输入法/数据/𓆟Egyptian Hieroglyph字块.md	machine-initial-v3	visual-balanced-4prefix-v3
𓊴	U+132B4	EGYPTIAN HIEROGLYPH R003B	R003b	jw	0	x	交叉	s	0	s	对称	jwxs	jw:器物、建筑和工具;视觉聚类C0→x;族内视觉组S0;组状态首选s;采用首选→s	false	1.035603	1.3281	0.1393	1	0.2511	0.9706	0.8824	30_项目/个人Unicode音型输入法/数据/𓆟Egyptian Hieroglyph字块.md	machine-initial-v3	visual-balanced-4prefix-v3
𓊵	U+132B5	EGYPTIAN HIEROGLYPH R004	R004	jw	1	l	线条	h	2	w	宽展	jwlw	jw:器物、建筑和工具;视觉聚类C1→l;族内视觉组S2;组状态首选h;唯一键平衡→w	true	0.308620	2.1489	0.1100	1	0.1612	0.9962	0.8100	30_项目/个人Unicode音型输入法/数据/𓆟Egyptian Hieroglyph字块.md	machine-initial-v3	visual-balanced-4prefix-v3
𓊶	U+132B6	EGYPTIAN HIEROGLYPH R005	R005	jw	19	a	角折	s	2	w	宽展	jwaw	jw:器物、建筑和工具;视觉聚类C19→a;族内视觉组S2;组状态首选s;唯一键平衡→w	true	0.257917	2.3488	0.1117	1	0.1407	0.8503	0.7965	30_项目/个人Unicode音型输入法/数据/𓆟Egyptian Hieroglyph字块.md	machine-initial-v3	visual-balanced-4prefix-v3
𓊷	U+132B7	EGYPTIAN HIEROGLYPH R006	R006	jw	19	a	角折	s	1	e	空心低填充	jwae	jw:器物、建筑和工具;视觉聚类C19→a;族内视觉组S1;组状态首选s;唯一键平衡→e	true	0.299665	1.6833	0.1125	1	0.1112	0.8393	0.8244	30_项目/个人Unicode音型输入法/数据/𓆟Egyptian Hieroglyph字块.md	machine-initial-v3	visual-balanced-4prefix-v3
𓊸	U+132B8	EGYPTIAN HIEROGLYPH R007	R007	jw	10	t	三角尖形	s	3	o	外包	jwto	jw:器物、建筑和工具;视觉聚类C10→t;族内视觉组S3;组状态首选s;唯一键平衡→o	true	0.367557	0.7067	0.1042	1	0.1965	0.8918	0.8294	30_项目/个人Unicode音型输入法/数据/𓆟Egyptian Hieroglyph字块.md	machine-initial-v3	visual-balanced-4prefix-v3
𓊹	U+132B9	EGYPTIAN HIEROGLYPH R008	R008	jw	14	f	人物轮廓	s	1	s	对称	jwfs	jw:器物、建筑和工具;视觉聚类C14→f;族内视觉组S1;组状态首选s;采用首选→s	false	0.483086	0.5312	0.0931	1	0.0891	0.8627	0.9191	30_项目/个人Unicode音型输入法/数据/𓆟Egyptian Hieroglyph字块.md	machine-initial-v3	visual-balanced-4prefix-v3
𓊺	U+132BA	EGYPTIAN HIEROGLYPH R009	R009	jw	23	h	枝杈	s	0	o	外包	jwho	jw:器物、建筑和工具;视觉聚类C23→h;族内视觉组S0;组状态首选s;唯一键平衡→o	true	0.321055	0.6250	0.1054	1	0.0760	0.8198	0.8288	30_项目/个人Unicode音型输入法/数据/𓆟Egyptian Hieroglyph字块.md	machine-initial-v3	visual-balanced-4prefix-v3
𓊻	U+132BB	EGYPTIAN HIEROGLYPH R010	R010	jw	8	m	复合	s	2	s	对称	jwms	jw:器物、建筑和工具;视觉聚类C8→m;族内视觉组S2;组状态首选s;采用首选→s	false	0.579016	1.0521	0.1060	1	0.0414	0.8482	0.8540	30_项目/个人Unicode音型输入法/数据/𓆟Egyptian Hieroglyph字块.md	machine-initial-v3	visual-balanced-4prefix-v3
𓊼	U+132BC	EGYPTIAN HIEROGLYPH R010A	R010a	jw	24	c	曲弧	s	3	o	外包	jwco	jw:器物、建筑和工具;视觉聚类C24→c;族内视觉组S3;组状态首选s;唯一键平衡→o	true	0.503976	0.7292	0.1231	1	0.0641	0.8229	0.8604	30_项目/个人Unicode音型输入法/数据/𓆟Egyptian Hieroglyph字块.md	machine-initial-v3	visual-balanced-4prefix-v3
𓊽	U+132BD	EGYPTIAN HIEROGLYPH R011	R011	jw	16	d	点状	s	1	s	对称	jwds	jw:器物、建筑和工具;视觉聚类C16→d;族内视觉组S1;组状态首选s;采用首选→s	false	0.296326	0.5521	0.1547	1	0.1901	0.9729	0.7638	30_项目/个人Unicode音型输入法/数据/𓆟Egyptian Hieroglyph字块.md	machine-initial-v3	visual-balanced-4prefix-v3
𓊾	U+132BE	EGYPTIAN HIEROGLYPH R012	R012	jw	22	s	方框	s	2	c	闭合	jwsc	jw:器物、建筑和工具;视觉聚类C22→s;族内视觉组S2;组状态首选s;唯一键平衡→c	true	0.591275	1.3881	0.0993	1	0.0382	0.8934	0.8427	30_项目/个人Unicode音型输入法/数据/𓆟Egyptian Hieroglyph字块.md	machine-initial-v3	visual-balanced-4prefix-v3
𓊿	U+132BF	EGYPTIAN HIEROGLYPH R013	R013	jw	2	y	分叉翼形	s	0	c	闭合	jwyc	jw:器物、建筑和工具;视觉聚类C2→y;族内视觉组S0;组状态首选s;唯一键平衡→c	true	0.385147	0.8854	0.1047	3	0.0624	0.8490	0.8338	30_项目/个人Unicode音型输入法/数据/𓆟Egyptian Hieroglyph字块.md	machine-initial-v3	visual-balanced-4prefix-v3
𓋀	U+132C0	EGYPTIAN HIEROGLYPH R014	R014	jw	24	c	曲弧	n	0	n	狭长	jwcn	jw:器物、建筑和工具;视觉聚类C24→c;族内视觉组S0;组状态首选n;采用首选→n	false	0.166953	0.3854	0.1340	1	0.0386	0.8789	0.7984	30_项目/个人Unicode音型输入法/数据/𓆟Egyptian Hieroglyph字块.md	machine-initial-v3	visual-balanced-4prefix-v3
𓋁	U+132C1	EGYPTIAN HIEROGLYPH R015	R015	jw	16	d	点状	s	0	n	狭长	jwdn	jw:器物、建筑和工具;视觉聚类C16→d;族内视觉组S0;组状态首选s;唯一键平衡→n	true	0.272975	0.6250	0.1280	1	0.0597	0.9462	0.8080	30_项目/个人Unicode音型输入法/数据/𓆟Egyptian Hieroglyph字块.md	machine-initial-v3	visual-balanced-4prefix-v3
𓋂	U+132C2	EGYPTIAN HIEROGLYPH R016	R016	jw	18	p	螺旋回环	s	0	s	对称	jwps	jw:器物、建筑和工具;视觉聚类C18→p;族内视觉组S0;组状态首选s;采用首选→s	false	0.369166	0.4792	0.1655	1	0.0453	0.9226	0.7441	30_项目/个人Unicode音型输入法/数据/𓆟Egyptian Hieroglyph字块.md	machine-initial-v3	visual-balanced-4prefix-v3
𓋃	U+132C3	EGYPTIAN HIEROGLYPH R016A	R016a	jw	3	i	细柱	s	3	v	纵向	jwiv	jw:器物、建筑和工具;视觉聚类C3→i;族内视觉组S3;组状态首选s;唯一键平衡→v	true	0.121010	0.4792	0.1252	1	0.0625	0.9552	0.7803	30_项目/个人Unicode音型输入法/数据/𓆟Egyptian Hieroglyph字块.md	machine-initial-v3	visual-balanced-4prefix-v3
𓋄	U+132C4	EGYPTIAN HIEROGLYPH R017	R017	jw	2	y	分叉翼形	s	0	c	闭合	jwyc	jw:器物、建筑和工具;视觉聚类C2→y;族内视觉组S0;组状态首选s;唯一键平衡→c	true	0.376476	0.5729	0.1360	1	0.0858	0.7867	0.8182	30_项目/个人Unicode音型输入法/数据/𓆟Egyptian Hieroglyph字块.md	machine-initial-v3	visual-balanced-4prefix-v3
𓋅	U+132C5	EGYPTIAN HIEROGLYPH R018	R018	jw	14	f	人物轮廓	s	0	o	外包	jwfo	jw:器物、建筑和工具;视觉聚类C14→f;族内视觉组S0;组状态首选s;唯一键平衡→o	true	0.446612	0.6979	0.1805	1	0.0448	0.9359	0.7621	30_项目/个人Unicode音型输入法/数据/𓆟Egyptian Hieroglyph字块.md	machine-initial-v3	visual-balanced-4prefix-v3
𓋆	U+132C6	EGYPTIAN HIEROGLYPH R019	R019	jw	3	i	细柱	s	0	n	狭长	jwin	jw:器物、建筑和工具;视觉聚类C3→i;族内视觉组S0;组状态首选s;唯一键平衡→n	true	0.341057	0.5104	0.1543	1	0.0125	0.8316	0.8495	30_项目/个人Unicode音型输入法/数据/𓆟Egyptian Hieroglyph字块.md	machine-initial-v3	visual-balanced-4prefix-v3
𓋇	U+132C7	EGYPTIAN HIEROGLYPH R020	R020	jw	3	i	细柱	s	1	e	空心低填充	jwie	jw:器物、建筑和工具;视觉聚类C3→i;族内视觉组S1;组状态首选s;唯一键平衡→e	true	0.410410	0.8021	0.1048	2	0.0081	0.9965	0.8239	30_项目/个人Unicode音型输入法/数据/𓆟Egyptian Hieroglyph字块.md	machine-initial-v3	visual-balanced-4prefix-v3
𓋈	U+132C8	EGYPTIAN HIEROGLYPH R021	R021	jw	3	i	细柱	s	4	s	对称	jwis	jw:器物、建筑和工具;视觉聚类C3→i;族内视觉组S4;组状态首选s;采用首选→s	false	0.177306	0.6042	0.1020	1	0.0205	0.9907	0.8621	30_项目/个人Unicode音型输入法/数据/𓆟Egyptian Hieroglyph字块.md	machine-initial-v3	visual-balanced-4prefix-v3
𓋉	U+132C9	EGYPTIAN HIEROGLYPH R022	R022	jw	1	l	线条	h	1	h	横向	jwlh	jw:器物、建筑和工具;视觉聚类C1→l;族内视觉组S1;组状态首选h;采用首选→h	false	0.099949	4.5909	0.1967	3	0.0824	0.9982	0.9649	30_项目/个人Unicode音型输入法/数据/𓆟Egyptian Hieroglyph字块.md	machine-initial-v3	visual-balanced-4prefix-v3
𓋊	U+132CA	EGYPTIAN HIEROGLYPH R023	R023	jw	1	l	线条	s	0	s	对称	jwls	jw:器物、建筑和工具;视觉聚类C1→l;族内视觉组S0;组状态首选s;采用首选→s	false	0.192223	2.9706	0.1666	1	0.0632	0.9953	0.9266	30_项目/个人Unicode音型输入法/数据/𓆟Egyptian Hieroglyph字块.md	machine-initial-v3	visual-balanced-4prefix-v3
𓋋	U+132CB	EGYPTIAN HIEROGLYPH R024	R024	jw	4	n	成列成排	i	2	i	内含	jwni	jw:器物、建筑和工具;视觉聚类C4→n;族内视觉组S2;组状态首选i;采用首选→i	false	0.377375	2.2955	0.1519	1	0.2025	0.9937	0.9671	30_项目/个人Unicode音型输入法/数据/𓆟Egyptian Hieroglyph字块.md	machine-initial-v3	visual-balanced-4prefix-v3
𓋌	U+132CC	EGYPTIAN HIEROGLYPH R025	R025	jw	14	f	人物轮廓	s	0	o	外包	jwfo	jw:器物、建筑和工具;视觉聚类C14→f;族内视觉组S0;组状态首选s;唯一键平衡→o	true	0.506847	0.7292	0.1567	1	0.0366	0.8158	0.8140	30_项目/个人Unicode音型输入法/数据/𓆟Egyptian Hieroglyph字块.md	machine-initial-v3	visual-balanced-4prefix-v3
𓋍	U+132CD	EGYPTIAN HIEROGLYPH R026	R026	jw	9	o	圆环	s	0	s	对称	jwos	jw:器物、建筑和工具;视觉聚类C9→o;族内视觉组S0;组状态首选s;采用首选→s	false	1.447693	1.0521	0.2488	3	0.0396	0.9930	0.7702	30_项目/个人Unicode音型输入法/数据/𓆟Egyptian Hieroglyph字块.md	machine-initial-v3	visual-balanced-4prefix-v3
𓋎	U+132CE	EGYPTIAN HIEROGLYPH R027	R027	jw	16	d	点状	s	0	n	狭长	jwdn	jw:器物、建筑和工具;视觉聚类C16→d;族内视觉组S0;组状态首选s;唯一键平衡→n	true	0.237614	0.4688	0.1190	1	0.0275	0.9824	0.7898	30_项目/个人Unicode音型输入法/数据/𓆟Egyptian Hieroglyph字块.md	machine-initial-v3	visual-balanced-4prefix-v3
𓋏	U+132CF	EGYPTIAN HIEROGLYPH R028	R028	jw	19	a	角折	s	3	o	外包	jwao	jw:器物、建筑和工具;视觉聚类C19→a;族内视觉组S3;组状态首选s;唯一键平衡→o	true	0.413282	0.5729	0.1161	4	0.1053	0.9576	0.8027	30_项目/个人Unicode音型输入法/数据/𓆟Egyptian Hieroglyph字块.md	machine-initial-v3	visual-balanced-4prefix-v3
𓋐	U+132D0	EGYPTIAN HIEROGLYPH R029	R029	jw	23	h	枝杈	s	0	o	外包	jwho	jw:器物、建筑和工具;视觉聚类C23→h;族内视觉组S0;组状态首选s;唯一键平衡→o	true	0.363798	0.5729	0.1528	1	0.3722	0.9443	0.7837	30_项目/个人Unicode音型输入法/数据/𓆟Egyptian Hieroglyph字块.md	machine-initial-v3	visual-balanced-4prefix-v3
𓋑	U+132D1	EGYPTIAN HIEROGLYPH S001	S001	jw	13	v	开口V形	s	0	c	闭合	jwvc	jw:器物、建筑和工具;视觉聚类C13→v;族内视觉组S0;组状态首选s;唯一键平衡→c	true	0.286657	0.7292	0.0680	1	0.2269	0.8693	0.8705	30_项目/个人Unicode音型输入法/数据/𓆟Egyptian Hieroglyph字块.md	machine-initial-v3	visual-balanced-4prefix-v3
𓋒	U+132D2	EGYPTIAN HIEROGLYPH S002	S002	jw	13	v	开口V形	s	1	o	外包	jwvo	jw:器物、建筑和工具;视觉聚类C13→v;族内视觉组S1;组状态首选s;唯一键平衡→o	true	0.357741	1.0521	0.0697	1	0.1205	0.9400	0.8804	30_项目/个人Unicode音型输入法/数据/𓆟Egyptian Hieroglyph字块.md	machine-initial-v3	visual-balanced-4prefix-v3
𓋓	U+132D3	EGYPTIAN HIEROGLYPH S002A	S002a	jw	12	k	绳结	s	0	o	外包	jwko	jw:器物、建筑和工具;视觉聚类C12→k;族内视觉组S0;组状态首选s;唯一键平衡→o	true	0.544946	0.5729	0.1947	2	0.0758	0.8807	0.7152	30_项目/个人Unicode音型输入法/数据/𓆟Egyptian Hieroglyph字块.md	machine-initial-v3	visual-balanced-4prefix-v3
𓋔	U+132D4	EGYPTIAN HIEROGLYPH S003	S003	jw	13	v	开口V形	s	5	i	内含	jwvi	jw:器物、建筑和工具;视觉聚类C13→v;族内视觉组S5;组状态首选s;唯一键平衡→i	true	0.549371	0.8854	0.0985	1	0.1326	0.8439	0.8328	30_项目/个人Unicode音型输入法/数据/𓆟Egyptian Hieroglyph字块.md	machine-initial-v3	visual-balanced-4prefix-v3
𓋕	U+132D5	EGYPTIAN HIEROGLYPH S004	S004	jw	13	v	开口V形	s	2	s	对称	jwvs	jw:器物、建筑和工具;视觉聚类C13→v;族内视觉组S2;组状态首选s;采用首选→s	false	0.562780	1.0521	0.1002	1	0.1022	0.8938	0.8321	30_项目/个人Unicode音型输入法/数据/𓆟Egyptian Hieroglyph字块.md	machine-initial-v3	visual-balanced-4prefix-v3
𓋖	U+132D6	EGYPTIAN HIEROGLYPH S005	S005	jw	13	v	开口V形	s	5	i	内含	jwvi	jw:器物、建筑和工具;视觉聚类C13→v;族内视觉组S5;组状态首选s;唯一键平衡→i	true	0.614034	0.8854	0.1190	1	0.1297	0.7993	0.8002	30_项目/个人Unicode音型输入法/数据/𓆟Egyptian Hieroglyph字块.md	machine-initial-v3	visual-balanced-4prefix-v3
𓋗	U+132D7	EGYPTIAN HIEROGLYPH S006	S006	jw	13	v	开口V形	s	1	o	外包	jwvo	jw:器物、建筑和工具;视觉聚类C13→v;族内视觉组S1;组状态首选s;唯一键平衡→o	true	0.613339	1.0521	0.1167	1	0.1025	0.8752	0.8102	30_项目/个人Unicode音型输入法/数据/𓆟Egyptian Hieroglyph字块.md	machine-initial-v3	visual-balanced-4prefix-v3
𓋘	U+132D8	EGYPTIAN HIEROGLYPH S006A	S006a	jw	12	k	绳结	s	0	o	外包	jwko	jw:器物、建筑和工具;视觉聚类C12→k;族内视觉组S0;组状态首选s;唯一键平衡→o	true	0.520198	0.5729	0.2023	1	0.0758	0.8947	0.7152	30_项目/个人Unicode音型输入法/数据/𓆟Egyptian Hieroglyph字块.md	machine-initial-v3	visual-balanced-4prefix-v3
𓋙	U+132D9	EGYPTIAN HIEROGLYPH S007	S007	jw	22	s	方框	i	0	i	内含	jwsi	jw:器物、建筑和工具;视觉聚类C22→s;族内视觉组S0;组状态首选i;采用首选→i	false	0.466820	1.0521	0.0845	1	0.2626	0.8686	0.8550	30_项目/个人Unicode音型输入法/数据/𓆟Egyptian Hieroglyph字块.md	machine-initial-v3	visual-balanced-4prefix-v3
𓋚	U+132DA	EGYPTIAN HIEROGLYPH S008	S008	jw	13	v	开口V形	s	4	e	空心低填充	jwve	jw:器物、建筑和工具;视觉聚类C13→v;族内视觉组S4;组状态首选s;唯一键平衡→e	true	0.536264	0.8854	0.1268	1	0.1348	0.8049	0.7914	30_项目/个人Unicode音型输入法/数据/𓆟Egyptian Hieroglyph字块.md	machine-initial-v3	visual-balanced-4prefix-v3
𓋛	U+132DB	EGYPTIAN HIEROGLYPH S009	S009	jw	13	v	开口V形	s	0	c	闭合	jwvc	jw:器物、建筑和工具;视觉聚类C13→v;族内视觉组S0;组状态首选s;唯一键平衡→c	true	0.336442	0.7292	0.1070	1	0.3356	0.8223	0.8122	30_项目/个人Unicode音型输入法/数据/𓆟Egyptian Hieroglyph字块.md	machine-initial-v3	visual-balanced-4prefix-v3
𓋜	U+132DC	EGYPTIAN HIEROGLYPH S010	S010	jw	0	x	交叉	s	1	x	穿过交叠	jwxx	jw:器物、建筑和工具;视觉聚类C0→x;族内视觉组S1;组状态首选s;唯一键平衡→x	true	1.833670	1.0784	0.1868	1	0.2004	0.7283	0.7348	30_项目/个人Unicode音型输入法/数据/𓆟Egyptian Hieroglyph字块.md	machine-initial-v3	visual-balanced-4prefix-v3
𓋝	U+132DD	EGYPTIAN HIEROGLYPH S011	S011	jw	0	x	交叉	i	2	i	内含	jwxi	jw:器物、建筑和工具;视觉聚类C0→x;族内视觉组S2;组状态首选i;采用首选→i	false	0.912578	1.2069	0.1473	1	0.3052	0.9862	0.7537	30_项目/个人Unicode音型输入法/数据/𓆟Egyptian Hieroglyph字块.md	machine-initial-v3	visual-balanced-4prefix-v3
𓋞	U+132DE	EGYPTIAN HIEROGLYPH S012	S012	jw	22	s	方框	s	1	o	外包	jwso	jw:器物、建筑和工具;视觉聚类C22→s;族内视觉组S1;组状态首选s;唯一键平衡→o	true	0.293675	1.9804	0.1580	1	0.1976	0.9810	0.8237	30_项目/个人Unicode音型输入法/数据/𓆟Egyptian Hieroglyph字块.md	machine-initial-v3	visual-balanced-4prefix-v3
𓋟	U+132DF	EGYPTIAN HIEROGLYPH S013	S013	jw	2	y	分叉翼形	s	1	o	外包	jwyo	jw:器物、建筑和工具;视觉聚类C2→y;族内视觉组S1;组状态首选s;唯一键平衡→o	true	0.566635	1.0978	0.1375	1	0.1087	0.9014	0.8028	30_项目/个人Unicode音型输入法/数据/𓆟Egyptian Hieroglyph字块.md	machine-initial-v3	visual-balanced-4prefix-v3
𓋠	U+132E0	EGYPTIAN HIEROGLYPH S014	S014	jw	4	n	成列成排	s	1	s	对称	jwns	jw:器物、建筑和工具;视觉聚类C4→n;族内视觉组S1;组状态首选s;采用首选→s	false	0.445611	1.0521	0.1138	1	0.1091	0.9798	0.8121	30_项目/个人Unicode音型输入法/数据/𓆟Egyptian Hieroglyph字块.md	machine-initial-v3	visual-balanced-4prefix-v3
𓋡	U+132E1	EGYPTIAN HIEROGLYPH S014A	S014a	jw	2	y	分叉翼形	s	1	o	外包	jwyo	jw:器物、建筑和工具;视觉聚类C2→y;族内视觉组S1;组状态首选s;唯一键平衡→o	true	0.545479	1.0521	0.1302	1	0.0504	0.9484	0.8230	30_项目/个人Unicode音型输入法/数据/𓆟Egyptian Hieroglyph字块.md	machine-initial-v3	visual-balanced-4prefix-v3
𓋢	U+132E2	EGYPTIAN HIEROGLYPH S014B	S014b	jw	8	m	复合	s	2	s	对称	jwms	jw:器物、建筑和工具;视觉聚类C8→m;族内视觉组S2;组状态首选s;采用首选→s	false	0.589951	1.0521	0.1115	2	0.1081	0.9752	0.7919	30_项目/个人Unicode音型输入法/数据/𓆟Egyptian Hieroglyph字块.md	machine-initial-v3	visual-balanced-4prefix-v3
𓋣	U+132E3	EGYPTIAN HIEROGLYPH S015	S015	jw	0	x	交叉	s	3	o	外包	jwxo	jw:器物、建筑和工具;视觉聚类C0→x;族内视觉组S3;组状态首选s;唯一键平衡→o	true	0.690555	1.0521	0.1549	1	0.0736	0.9907	0.7649	30_项目/个人Unicode音型输入法/数据/𓆟Egyptian Hieroglyph字块.md	machine-initial-v3	visual-balanced-4prefix-v3
𓋤	U+132E4	EGYPTIAN HIEROGLYPH S016	S016	jw	12	k	绳结	s	1	s	对称	jwks	jw:器物、建筑和工具;视觉聚类C12→k;族内视觉组S1;组状态首选s;采用首选→s	false	0.365995	0.7292	0.1546	1	0.0646	0.9807	0.7872	30_项目/个人Unicode音型输入法/数据/𓆟Egyptian Hieroglyph字块.md	machine-initial-v3	visual-balanced-4prefix-v3
𓋥	U+132E5	EGYPTIAN HIEROGLYPH S017	S017	jw	23	h	枝杈	s	0	o	外包	jwho	jw:器物、建筑和工具;视觉聚类C23→h;族内视觉组S0;组状态首选s;唯一键平衡→o	true	0.427441	0.6562	0.1652	1	0.0683	0.9411	0.8198	30_项目/个人Unicode音型输入法/数据/𓆟Egyptian Hieroglyph字块.md	machine-initial-v3	visual-balanced-4prefix-v3
𓋦	U+132E6	EGYPTIAN HIEROGLYPH S017A	S017a	jw	22	s	方框	s	1	o	外包	jwso	jw:器物、建筑和工具;视觉聚类C22→s;族内视觉组S1;组状态首选s;唯一键平衡→o	true	0.782497	1.5303	0.2429	1	0.0824	0.9928	0.6829	30_项目/个人Unicode音型输入法/数据/𓆟Egyptian Hieroglyph字块.md	machine-initial-v3	visual-balanced-4prefix-v3
𓋧	U+132E7	EGYPTIAN HIEROGLYPH S018	S018	jw	8	m	复合	s	2	s	对称	jwms	jw:器物、建筑和工具;视觉聚类C8→m;族内视觉组S2;组状态首选s;采用首选→s	false	0.422503	0.8854	0.1116	16	0.1045	0.8022	0.8105	30_项目/个人Unicode音型输入法/数据/𓆟Egyptian Hieroglyph字块.md	machine-initial-v3	visual-balanced-4prefix-v3
𓋨	U+132E8	EGYPTIAN HIEROGLYPH S019	S019	jw	5	g	动物有机体	s	0	o	外包	jwgo	jw:器物、建筑和工具;视觉聚类C5→g;族内视觉组S0;组状态首选s;唯一键平衡→o	true	0.981456	1.1486	0.1375	1	0.2105	0.7548	0.8140	30_项目/个人Unicode音型输入法/数据/𓆟Egyptian Hieroglyph字块.md	machine-initial-v3	visual-balanced-4prefix-v3
𓋩	U+132E9	EGYPTIAN HIEROGLYPH S020	S020	jw	12	k	绳结	s	0	o	外包	jwko	jw:器物、建筑和工具;视觉聚类C12→k;族内视觉组S0;组状态首选s;唯一键平衡→o	true	0.605051	0.6486	0.1850	1	0.2340	0.9679	0.7517	30_项目/个人Unicode音型输入法/数据/𓆟Egyptian Hieroglyph字块.md	machine-initial-v3	visual-balanced-4prefix-v3
𓋪	U+132EA	EGYPTIAN HIEROGLYPH S021	S021	jw	9	o	圆环	s	0	s	对称	jwos	jw:器物、建筑和工具;视觉聚类C9→o;族内视觉组S0;组状态首选s;采用首选→s	false	1.052046	1.0678	0.1671	2	0.2696	0.9779	0.9510	30_项目/个人Unicode音型输入法/数据/𓆟Egyptian Hieroglyph字块.md	machine-initial-v3	visual-balanced-4prefix-v3
𓋫	U+132EB	EGYPTIAN HIEROGLYPH S022	S022	jw	0	x	交叉	s	3	o	外包	jwxo	jw:器物、建筑和工具;视觉聚类C0→x;族内视觉组S3;组状态首选s;唯一键平衡→o	true	0.595011	1.5303	0.1500	2	0.0660	0.9610	0.7660	30_项目/个人Unicode音型输入法/数据/𓆟Egyptian Hieroglyph字块.md	machine-initial-v3	visual-balanced-4prefix-v3
𓋬	U+132EC	EGYPTIAN HIEROGLYPH S023	S023	jw	19	a	角折	s	1	e	空心低填充	jwae	jw:器物、建筑和工具;视觉聚类C19→a;族内视觉组S1;组状态首选s;唯一键平衡→e	true	0.523873	1.5303	0.1253	1	0.0294	0.9889	0.7723	30_项目/个人Unicode音型输入法/数据/𓆟Egyptian Hieroglyph字块.md	machine-initial-v3	visual-balanced-4prefix-v3
𓋭	U+132ED	EGYPTIAN HIEROGLYPH S024	S024	jw	1	l	线条	h	1	h	横向	jwlh	jw:器物、建筑和工具;视觉聚类C1→l;族内视觉组S1;组状态首选h;采用首选→h	false	0.094525	3.7407	0.1544	1	0.1104	0.9817	0.9633	30_项目/个人Unicode音型输入法/数据/𓆟Egyptian Hieroglyph字块.md	machine-initial-v3	visual-balanced-4prefix-v3
𓋮	U+132EE	EGYPTIAN HIEROGLYPH S025	S025	jw	22	s	方框	s	3	s	对称	jwss	jw:器物、建筑和工具;视觉聚类C22→s;族内视觉组S3;组状态首选s;采用首选→s	false	0.539715	1.5303	0.1220	1	0.3123	0.9889	0.8137	30_项目/个人Unicode音型输入法/数据/𓆟Egyptian Hieroglyph字块.md	machine-initial-v3	visual-balanced-4prefix-v3
𓋯	U+132EF	EGYPTIAN HIEROGLYPH S026	S026	jw	20	e	椭圆	s	0	o	外包	jweo	jw:器物、建筑和工具;视觉聚类C20→e;族内视觉组S0;组状态首选s;唯一键平衡→o	true	0.542595	0.8587	0.1241	1	0.1474	0.8209	0.8041	30_项目/个人Unicode音型输入法/数据/𓆟Egyptian Hieroglyph字块.md	machine-initial-v3	visual-balanced-4prefix-v3
𓋰	U+132F0	EGYPTIAN HIEROGLYPH S026A	S026a	jw	4	n	成列成排	i	2	i	内含	jwni	jw:器物、建筑和工具;视觉聚类C4→n;族内视觉组S2;组状态首选i;采用首选→i	false	0.174868	2.8857	0.1380	1	0.4733	0.9983	0.9593	30_项目/个人Unicode音型输入法/数据/𓆟Egyptian Hieroglyph字块.md	machine-initial-v3	visual-balanced-4prefix-v3
𓋱	U+132F1	EGYPTIAN HIEROGLYPH S026B	S026b	jw	4	n	成列成排	i	2	i	内含	jwni	jw:器物、建筑和工具;视觉聚类C4→n;族内视觉组S2;组状态首选i;采用首选→i	false	0.194606	3.2581	0.2274	1	0.2443	0.9994	0.9451	30_项目/个人Unicode音型输入法/数据/𓆟Egyptian Hieroglyph字块.md	machine-initial-v3	visual-balanced-4prefix-v3
𓋲	U+132F2	EGYPTIAN HIEROGLYPH S027	S027	jw	14	f	人物轮廓	s	0	o	外包	jwfo	jw:器物、建筑和工具;视觉聚类C14→f;族内视觉组S0;组状态首选s;唯一键平衡→o	true	0.857919	0.8356	0.1439	1	0.0099	1.0000	0.8316	30_项目/个人Unicode音型输入法/数据/𓆟Egyptian Hieroglyph字块.md	machine-initial-v3	visual-balanced-4prefix-v3
𓋳	U+132F3	EGYPTIAN HIEROGLYPH S028	S028	jw	18	p	螺旋回环	s	0	s	对称	jwps	jw:器物、建筑和工具;视觉聚类C18→p;族内视觉组S0;组状态首选s;采用首选→s	false	0.609952	1.0521	0.1023	1	0.1666	0.9792	0.8321	30_项目/个人Unicode音型输入法/数据/𓆟Egyptian Hieroglyph字块.md	machine-initial-v3	visual-balanced-4prefix-v3
𓋴	U+132F4	EGYPTIAN HIEROGLYPH S029	S029	jw	16	d	点状	s	3	v	纵向	jwdv	jw:器物、建筑和工具;视觉聚类C16→d;族内视觉组S3;组状态首选s;唯一键平衡→v	true	0.300126	0.3542	0.1670	1	0.0000	0.8891	0.9062	30_项目/个人Unicode音型输入法/数据/𓆟Egyptian Hieroglyph字块.md	machine-initial-v3	visual-balanced-4prefix-v3
𓋵	U+132F5	EGYPTIAN HIEROGLYPH S030	S030	jw	16	d	点状	s	2	e	空心低填充	jwde	jw:器物、建筑和工具;视觉聚类C16→d;族内视觉组S2;组状态首选s;唯一键平衡→e	true	0.498409	1.0521	0.0965	1	0.0491	0.8907	0.8993	30_项目/个人Unicode音型输入法/数据/𓆟Egyptian Hieroglyph字块.md	machine-initial-v3	visual-balanced-4prefix-v3
𓋶	U+132F6	EGYPTIAN HIEROGLYPH S031	S031	jw	20	e	椭圆	s	0	o	外包	jweo	jw:器物、建筑和工具;视觉聚类C20→e;族内视觉组S0;组状态首选s;唯一键平衡→o	true	0.619353	1.0521	0.1071	1	0.0633	0.8117	0.8663	30_项目/个人Unicode音型输入法/数据/𓆟Egyptian Hieroglyph字块.md	machine-initial-v3	visual-balanced-4prefix-v3
𓋷	U+132F7	EGYPTIAN HIEROGLYPH S032	S032	jw	4	n	成列成排	i	2	i	内含	jwni	jw:器物、建筑和工具;视觉聚类C4→n;族内视觉组S2;组状态首选i;采用首选→i	false	0.204618	3.1562	0.2095	1	0.3676	0.8849	0.9462	30_项目/个人Unicode音型输入法/数据/𓆟Egyptian Hieroglyph字块.md	machine-initial-v3	visual-balanced-4prefix-v3
𓋸	U+132F8	EGYPTIAN HIEROGLYPH S033	S033	jw	12	k	绳结	s	1	s	对称	jwks	jw:器物、建筑和工具;视觉聚类C12→k;族内视觉组S1;组状态首选s;采用首选→s	false	0.324166	0.5104	0.1505	1	0.2077	0.9813	0.7560	30_项目/个人Unicode音型输入法/数据/𓆟Egyptian Hieroglyph字块.md	machine-initial-v3	visual-balanced-4prefix-v3
𓋹	U+132F9	EGYPTIAN HIEROGLYPH S034	S034	jw	3	i	细柱	s	1	e	空心低填充	jwie	jw:器物、建筑和工具;视觉聚类C3→i;族内视觉组S1;组状态首选s;唯一键平衡→e	true	0.305311	0.6042	0.1085	1	0.0706	0.9662	0.8075	30_项目/个人Unicode音型输入法/数据/𓆟Egyptian Hieroglyph字块.md	machine-initial-v3	visual-balanced-4prefix-v3
𓋺	U+132FA	EGYPTIAN HIEROGLYPH S035	S035	jw	3	i	细柱	s	4	s	对称	jwis	jw:器物、建筑和工具;视觉聚类C3→i;族内视觉组S4;组状态首选s;采用首选→s	false	0.256987	0.8438	0.0863	1	0.1574	0.9920	0.8439	30_项目/个人Unicode音型输入法/数据/𓆟Egyptian Hieroglyph字块.md	machine-initial-v3	visual-balanced-4prefix-v3
𓋻	U+132FB	EGYPTIAN HIEROGLYPH S035A	S035a	jw	3	i	细柱	s	4	s	对称	jwis	jw:器物、建筑和工具;视觉聚类C3→i;族内视觉组S4;组状态首选s;采用首选→s	false	0.251362	0.8438	0.0799	1	0.1574	0.9879	0.8598	30_项目/个人Unicode音型输入法/数据/𓆟Egyptian Hieroglyph字块.md	machine-initial-v3	visual-balanced-4prefix-v3
𓋼	U+132FC	EGYPTIAN HIEROGLYPH S036	S036	jw	3	i	细柱	s	4	s	对称	jwis	jw:器物、建筑和工具;视觉聚类C3→i;族内视觉组S4;组状态首选s;采用首选→s	false	0.231537	0.7083	0.0810	1	0.1423	0.9923	0.8845	30_项目/个人Unicode音型输入法/数据/𓆟Egyptian Hieroglyph字块.md	machine-initial-v3	visual-balanced-4prefix-v3
𓋽	U+132FD	EGYPTIAN HIEROGLYPH S037	S037	jw	19	a	角折	s	3	o	外包	jwao	jw:器物、建筑和工具;视觉聚类C19→a;族内视觉组S3;组状态首选s;唯一键平衡→o	true	0.311715	0.4062	0.1194	1	0.0708	0.9386	0.8200	30_项目/个人Unicode音型输入法/数据/𓆟Egyptian Hieroglyph字块.md	machine-initial-v3	visual-balanced-4prefix-v3
𓋾	U+132FE	EGYPTIAN HIEROGLYPH S038	S038	jw	3	i	细柱	s	1	e	空心低填充	jwie	jw:器物、建筑和工具;视觉聚类C3→i;族内视觉组S1;组状态首选s;唯一键平衡→e	true	0.124986	0.4167	0.0924	1	0.0000	0.9016	0.8953	30_项目/个人Unicode音型输入法/数据/𓆟Egyptian Hieroglyph字块.md	machine-initial-v3	visual-balanced-4prefix-v3
𓋿	U+132FF	EGYPTIAN HIEROGLYPH S039	S039	jw	16	d	点状	s	3	v	纵向	jwdv	jw:器物、建筑和工具;视觉聚类C16→d;族内视觉组S3;组状态首选s;唯一键平衡→v	true	0.174986	0.3229	0.1126	1	0.0000	0.8508	0.9402	30_项目/个人Unicode音型输入法/数据/𓆟Egyptian Hieroglyph字块.md	machine-initial-v3	visual-balanced-4prefix-v3
𓌀	U+13300	EGYPTIAN HIEROGLYPH S040	S040	jw	24	c	曲弧	s	4	c	闭合	jwcc	jw:器物、建筑和工具;视觉聚类C24→c;族内视觉组S4;组状态首选s;唯一键平衡→c	true	0.290233	0.3958	0.1198	1	0.0000	0.8010	0.8788	30_项目/个人Unicode音型输入法/数据/𓆟Egyptian Hieroglyph字块.md	machine-initial-v3	visual-balanced-4prefix-v3
𓌁	U+13301	EGYPTIAN HIEROGLYPH S041	S041	jw	18	p	螺旋回环	s	1	o	外包	jwpo	jw:器物、建筑和工具;视觉聚类C18→p;族内视觉组S1;组状态首选s;唯一键平衡→o	true	0.370072	0.3229	0.1300	1	0.0000	0.7897	0.8582	30_项目/个人Unicode音型输入法/数据/𓆟Egyptian Hieroglyph字块.md	machine-initial-v3	visual-balanced-4prefix-v3
𓌂	U+13302	EGYPTIAN HIEROGLYPH S042	S042	jw	15	u	容器U形	s	0	s	对称	jwus	jw:器物、建筑和工具;视觉聚类C15→u;族内视觉组S0;组状态首选s;采用首选→s	false	0.860345	0.4583	0.1160	1	0.0677	0.9555	0.7917	30_项目/个人Unicode音型输入法/数据/𓆟Egyptian Hieroglyph字块.md	machine-initial-v3	visual-balanced-4prefix-v3
𓌃	U+13303	EGYPTIAN HIEROGLYPH S043	S043	jw	24	c	曲弧	s	3	o	外包	jwco	jw:器物、建筑和工具;视觉聚类C24→c;族内视觉组S3;组状态首选s;唯一键平衡→o	true	0.126899	0.3333	0.1540	1	0.1862	0.9590	0.8600	30_项目/个人Unicode音型输入法/数据/𓆟Egyptian Hieroglyph字块.md	machine-initial-v3	visual-balanced-4prefix-v3
𓌄	U+13304	EGYPTIAN HIEROGLYPH S044	S044	jw	10	t	三角尖形	s	1	e	空心低填充	jwte	jw:器物、建筑和工具;视觉聚类C10→t;族内视觉组S1;组状态首选s;唯一键平衡→e	true	0.245983	0.4792	0.1021	1	0.0084	0.8311	0.9226	30_项目/个人Unicode音型输入法/数据/𓆟Egyptian Hieroglyph字块.md	machine-initial-v3	visual-balanced-4prefix-v3
𓌅	U+13305	EGYPTIAN HIEROGLYPH S045	S045	jw	13	v	开口V形	s	4	e	空心低填充	jwve	jw:器物、建筑和工具;视觉聚类C13→v;族内视觉组S4;组状态首选s;唯一键平衡→e	true	0.534662	0.8556	0.0799	1	0.0182	0.8447	0.8528	30_项目/个人Unicode音型输入法/数据/𓆟Egyptian Hieroglyph字块.md	machine-initial-v3	visual-balanced-4prefix-v3
𓌆	U+13306	EGYPTIAN HIEROGLYPH S046	S046	jw	18	p	螺旋回环	s	1	o	外包	jwpo	jw:器物、建筑和工具;视觉聚类C18→p;族内视觉组S1;组状态首选s;唯一键平衡→o	true	0.510730	0.9545	0.0827	1	0.3933	0.8439	0.8536	30_项目/个人Unicode音型输入法/数据/𓆟Egyptian Hieroglyph字块.md	machine-initial-v3	visual-balanced-4prefix-v3
𓌇	U+13307	EGYPTIAN HIEROGLYPH T001	T001	jw	19	a	角折	s	0	s	对称	jwas	jw:器物、建筑和工具;视觉聚类C19→a;族内视觉组S0;组状态首选s;采用首选→s	false	0.178309	2.9706	0.1275	1	0.0466	0.8561	0.9394	30_项目/个人Unicode音型输入法/数据/𓆟Egyptian Hieroglyph字块.md	machine-initial-v3	visual-balanced-4prefix-v3
𓌈	U+13308	EGYPTIAN HIEROGLYPH T002	T002	jw	17	j	钩弯	s	0	q	倾斜	jwjq	jw:器物、建筑和工具;视觉聚类C17→j;族内视觉组S0;组状态首选s;唯一键平衡→q	true	0.265070	1.8036	0.0709	1	0.0539	0.8639	0.8639	30_项目/个人Unicode音型输入法/数据/𓆟Egyptian Hieroglyph字块.md	machine-initial-v3	visual-balanced-4prefix-v3
𓌉	U+13309	EGYPTIAN HIEROGLYPH T003	T003	jw	3	i	细柱	s	3	v	纵向	jwiv	jw:器物、建筑和工具;视觉聚类C3→i;族内视觉组S3;组状态首选s;唯一键平衡→v	true	0.137978	0.3750	0.1181	1	0.0868	0.9861	0.8565	30_项目/个人Unicode音型输入法/数据/𓆟Egyptian Hieroglyph字块.md	machine-initial-v3	visual-balanced-4prefix-v3
𓌊	U+1330A	EGYPTIAN HIEROGLYPH T003A	T003a	jw	3	i	细柱	s	2	o	外包	jwio	jw:器物、建筑和工具;视觉聚类C3→i;族内视觉组S2;组状态首选s;唯一键平衡→o	true	0.396738	0.7292	0.1112	1	0.1750	0.9640	0.8182	30_项目/个人Unicode音型输入法/数据/𓆟Egyptian Hieroglyph字块.md	machine-initial-v3	visual-balanced-4prefix-v3
𓌋	U+1330B	EGYPTIAN HIEROGLYPH T004	T004	jw	19	a	角折	s	3	o	外包	jwao	jw:器物、建筑和工具;视觉聚类C19→a;族内视觉组S3;组状态首选s;唯一键平衡→o	true	0.526714	0.5833	0.1395	1	0.0569	0.8378	0.8036	30_项目/个人Unicode音型输入法/数据/𓆟Egyptian Hieroglyph字块.md	machine-initial-v3	visual-balanced-4prefix-v3
𓌌	U+1330C	EGYPTIAN HIEROGLYPH T005	T005	jw	17	j	钩弯	s	1	s	对称	jwjs	jw:器物、建筑和工具;视觉聚类C17→j;族内视觉组S1;组状态首选s;采用首选→s	false	0.350577	1.0521	0.0848	1	0.0508	0.8812	0.8474	30_项目/个人Unicode音型输入法/数据/𓆟Egyptian Hieroglyph字块.md	machine-initial-v3	visual-balanced-4prefix-v3
𓌍	U+1330D	EGYPTIAN HIEROGLYPH T006	T006	jw	17	j	钩弯	s	1	s	对称	jwjs	jw:器物、建筑和工具;视觉聚类C17→j;族内视觉组S1;组状态首选s;采用首选→s	false	0.373257	1.0521	0.1014	6	0.0508	0.8587	0.8208	30_项目/个人Unicode音型输入法/数据/𓆟Egyptian Hieroglyph字块.md	machine-initial-v3	visual-balanced-4prefix-v3
𓌎	U+1330E	EGYPTIAN HIEROGLYPH T007	T007	jw	1	l	线条	h	2	w	宽展	jwlw	jw:器物、建筑和工具;视觉聚类C1→l;族内视觉组S2;组状态首选h;唯一键平衡→w	true	0.257402	2.8857	0.1236	1	0.1395	0.7946	0.7844	30_项目/个人Unicode音型输入法/数据/𓆟Egyptian Hieroglyph字块.md	machine-initial-v3	visual-balanced-4prefix-v3
𓌏	U+1330F	EGYPTIAN HIEROGLYPH T007A	T007a	jw	23	h	枝杈	s	0	o	外包	jwho	jw:器物、建筑和工具;视觉聚类C23→h;族内视觉组S0;组状态首选s;唯一键平衡→o	true	0.325777	0.5729	0.0915	1	0.1036	0.8814	0.9170	30_项目/个人Unicode音型输入法/数据/𓆟Egyptian Hieroglyph字块.md	machine-initial-v3	visual-balanced-4prefix-v3
𓌐	U+13310	EGYPTIAN HIEROGLYPH T008	T008	jw	24	c	曲弧	s	4	c	闭合	jwcc	jw:器物、建筑和工具;视觉聚类C24→c;族内视觉组S4;组状态首选s;唯一键平衡→c	true	0.106616	0.3750	0.1380	1	0.1930	0.9473	0.8108	30_项目/个人Unicode音型输入法/数据/𓆟Egyptian Hieroglyph字块.md	machine-initial-v3	visual-balanced-4prefix-v3
𓌑	U+13311	EGYPTIAN HIEROGLYPH T008A	T008a	jw	24	c	曲弧	s	2	s	对称	jwcs	jw:器物、建筑和工具;视觉聚类C24→c;族内视觉组S2;组状态首选s;采用首选→s	false	0.131503	0.4167	0.1354	1	0.1531	0.9427	0.8313	30_项目/个人Unicode音型输入法/数据/𓆟Egyptian Hieroglyph字块.md	machine-initial-v3	visual-balanced-4prefix-v3
𓌒	U+13312	EGYPTIAN HIEROGLYPH T009	T009	jw	1	l	线条	h	1	h	横向	jwlh	jw:器物、建筑和工具;视觉聚类C1→l;族内视觉组S1;组状态首选h;采用首选→h	false	0.138497	4.5909	0.1850	1	0.1260	0.9973	0.7093	30_项目/个人Unicode音型输入法/数据/𓆟Egyptian Hieroglyph字块.md	machine-initial-v3	visual-balanced-4prefix-v3
𓌓	U+13313	EGYPTIAN HIEROGLYPH T009A	T009a	jw	19	a	角折	s	0	s	对称	jwas	jw:器物、建筑和工具;视觉聚类C19→a;族内视觉组S0;组状态首选s;采用首选→s	false	0.124945	4.5909	0.1778	1	0.0783	0.9793	0.7111	30_项目/个人Unicode音型输入法/数据/𓆟Egyptian Hieroglyph字块.md	machine-initial-v3	visual-balanced-4prefix-v3
𓌔	U+13314	EGYPTIAN HIEROGLYPH T010	T010	jw	1	l	线条	h	1	h	横向	jwlh	jw:器物、建筑和工具;视觉聚类C1→l;族内视觉组S1;组状态首选h;采用首选→h	false	0.201356	4.5909	0.2259	1	0.0986	0.9721	0.6724	30_项目/个人Unicode音型输入法/数据/𓆟Egyptian Hieroglyph字块.md	machine-initial-v3	visual-balanced-4prefix-v3
𓌕	U+13315	EGYPTIAN HIEROGLYPH T011	T011	jw	19	a	角折	s	0	s	对称	jwas	jw:器物、建筑和工具;视觉聚类C19→a;族内视觉组S0;组状态首选s;采用首选→s	false	0.173970	3.7407	0.1599	1	0.0180	0.8819	0.9912	30_项目/个人Unicode音型输入法/数据/𓆟Egyptian Hieroglyph字块.md	machine-initial-v3	visual-balanced-4prefix-v3
𓌖	U+13316	EGYPTIAN HIEROGLYPH T011A	T011a	jw	0	x	交叉	s	1	x	穿过交叠	jwxx	jw:器物、建筑和工具;视觉聚类C0→x;族内视觉组S1;组状态首选s;唯一键平衡→x	true	1.152382	1.0625	0.1307	1	0.0084	0.9768	0.8879	30_项目/个人Unicode音型输入法/数据/𓆟Egyptian Hieroglyph字块.md	machine-initial-v3	visual-balanced-4prefix-v3
𓌗	U+13317	EGYPTIAN HIEROGLYPH T012	T012	jw	0	x	交叉	s	3	o	外包	jwxo	jw:器物、建筑和工具;视觉聚类C0→x;族内视觉组S3;组状态首选s;唯一键平衡→o	true	1.109219	0.9747	0.1402	1	0.1042	0.7528	0.7705	30_项目/个人Unicode音型输入法/数据/𓆟Egyptian Hieroglyph字块.md	machine-initial-v3	visual-balanced-4prefix-v3
𓌘	U+13318	EGYPTIAN HIEROGLYPH T013	T013	jw	16	d	点状	s	3	v	纵向	jwdv	jw:器物、建筑和工具;视觉聚类C16→d;族内视觉组S3;组状态首选s;唯一键平衡→v	true	0.185588	0.4896	0.1226	1	0.0869	0.7855	0.8515	30_项目/个人Unicode音型输入法/数据/𓆟Egyptian Hieroglyph字块.md	machine-initial-v3	visual-balanced-4prefix-v3
𓌙	U+13319	EGYPTIAN HIEROGLYPH T014	T014	jw	16	d	点状	s	0	n	狭长	jwdn	jw:器物、建筑和工具;视觉聚类C16→d;族内视觉组S0;组状态首选s;唯一键平衡→n	true	0.290149	0.3854	0.0831	1	0.0000	0.8412	0.8925	30_项目/个人Unicode音型输入法/数据/𓆟Egyptian Hieroglyph字块.md	machine-initial-v3	visual-balanced-4prefix-v3
𓌚	U+1331A	EGYPTIAN HIEROGLYPH T015	T015	jw	24	c	曲弧	n	0	n	狭长	jwcn	jw:器物、建筑和工具;视觉聚类C24→c;族内视觉组S0;组状态首选n;采用首选→n	false	0.217031	0.3854	0.0907	1	0.0000	0.8361	0.8288	30_项目/个人Unicode音型输入法/数据/𓆟Egyptian Hieroglyph字块.md	machine-initial-v3	visual-balanced-4prefix-v3
𓌛	U+1331B	EGYPTIAN HIEROGLYPH T016	T016	jw	19	a	角折	s	2	w	宽展	jwaw	jw:器物、建筑和工具;视觉聚类C19→a;族内视觉组S2;组状态首选s;唯一键平衡→w	true	0.240452	2.4634	0.1162	1	0.1628	0.8015	0.7860	30_项目/个人Unicode音型输入法/数据/𓆟Egyptian Hieroglyph字块.md	machine-initial-v3	visual-balanced-4prefix-v3
𓌜	U+1331C	EGYPTIAN HIEROGLYPH T016A	T016a	jw	16	d	点状	s	4	o	外包	jwdo	jw:器物、建筑和工具;视觉聚类C16→d;族内视觉组S4;组状态首选s;唯一键平衡→o	true	0.249503	0.4792	0.1221	1	0.1411	0.7876	0.8066	30_项目/个人Unicode音型输入法/数据/𓆟Egyptian Hieroglyph字块.md	machine-initial-v3	visual-balanced-4prefix-v3
𓌝	U+1331D	EGYPTIAN HIEROGLYPH T017	T017	jw	17	j	钩弯	s	2	e	空心低填充	jwje	jw:器物、建筑和工具;视觉聚类C17→j;族内视觉组S2;组状态首选s;唯一键平衡→e	true	0.355433	1.5303	0.1212	1	0.0293	0.7810	0.8224	30_项目/个人Unicode音型输入法/数据/𓆟Egyptian Hieroglyph字块.md	machine-initial-v3	visual-balanced-4prefix-v3
𓌞	U+1331E	EGYPTIAN HIEROGLYPH T018	T018	jw	16	d	点状	s	4	o	外包	jwdo	jw:器物、建筑和工具;视觉聚类C16→d;族内视觉组S4;组状态首选s;唯一键平衡→o	true	0.281926	0.3646	0.1908	1	0.0161	0.7262	0.8399	30_项目/个人Unicode音型输入法/数据/𓆟Egyptian Hieroglyph字块.md	machine-initial-v3	visual-balanced-4prefix-v3
𓌟	U+1331F	EGYPTIAN HIEROGLYPH T019	T019	jw	16	d	点状	s	3	v	纵向	jwdv	jw:器物、建筑和工具;视觉聚类C16→d;族内视觉组S3;组状态首选s;唯一键平衡→v	true	0.234444	0.3854	0.1540	1	0.0000	0.7911	0.8530	30_项目/个人Unicode音型输入法/数据/𓆟Egyptian Hieroglyph字块.md	machine-initial-v3	visual-balanced-4prefix-v3
𓌠	U+13320	EGYPTIAN HIEROGLYPH T020	T020	jw	24	c	曲弧	s	4	c	闭合	jwcc	jw:器物、建筑和工具;视觉聚类C24→c;族内视觉组S4;组状态首选s;唯一键平衡→c	true	0.206567	0.3021	0.1649	1	0.0000	0.7665	0.8872	30_项目/个人Unicode音型输入法/数据/𓆟Egyptian Hieroglyph字块.md	machine-initial-v3	visual-balanced-4prefix-v3
𓌡	U+13321	EGYPTIAN HIEROGLYPH T021	T021	jw	4	n	成列成排	s	0	w	宽展	jwnw	jw:器物、建筑和工具;视觉聚类C4→n;族内视觉组S0;组状态首选s;唯一键平衡→w	true	0.306423	2.2444	0.1008	1	0.0614	0.9014	0.8293	30_项目/个人Unicode音型输入法/数据/𓆟Egyptian Hieroglyph字块.md	machine-initial-v3	visual-balanced-4prefix-v3
𓌢	U+13322	EGYPTIAN HIEROGLYPH T022	T022	jw	24	c	曲弧	s	3	o	外包	jwco	jw:器物、建筑和工具;视觉聚类C24→c;族内视觉组S3;组状态首选s;唯一键平衡→o	true	0.119673	0.4167	0.1294	1	0.1833	0.9651	0.8453	30_项目/个人Unicode音型输入法/数据/𓆟Egyptian Hieroglyph字块.md	machine-initial-v3	visual-balanced-4prefix-v3
𓌣	U+13323	EGYPTIAN HIEROGLYPH T023	T023	jw	24	c	曲弧	s	2	s	对称	jwcs	jw:器物、建筑和工具;视觉聚类C24→c;族内视觉组S2;组状态首选s;采用首选→s	false	0.145782	0.4271	0.1296	1	0.1481	0.9675	0.8343	30_项目/个人Unicode音型输入法/数据/𓆟Egyptian Hieroglyph字块.md	machine-initial-v3	visual-balanced-4prefix-v3
𓌤	U+13324	EGYPTIAN HIEROGLYPH T024	T024	jw	0	x	交叉	s	1	x	穿过交叠	jwxx	jw:器物、建筑和工具;视觉聚类C0→x;族内视觉组S1;组状态首选s;唯一键平衡→x	true	0.892329	1.1216	0.1465	1	0.0804	0.7721	0.9622	30_项目/个人Unicode音型输入法/数据/𓆟Egyptian Hieroglyph字块.md	machine-initial-v3	visual-balanced-4prefix-v3
𓌥	U+13325	EGYPTIAN HIEROGLYPH T025	T025	jw	10	t	三角尖形	s	0	c	闭合	jwtc	jw:器物、建筑和工具;视觉聚类C10→t;族内视觉组S0;组状态首选s;唯一键平衡→c	true	0.336422	0.7292	0.1217	1	0.1402	0.9518	0.7857	30_项目/个人Unicode音型输入法/数据/𓆟Egyptian Hieroglyph字块.md	machine-initial-v3	visual-balanced-4prefix-v3
𓌦	U+13326	EGYPTIAN HIEROGLYPH T026	T026	jw	13	v	开口V形	s	3	x	穿过交叠	jwvx	jw:器物、建筑和工具;视觉聚类C13→v;族内视觉组S3;组状态首选s;唯一键平衡→x	true	0.648087	1.3289	0.1334	1	0.1107	0.8533	0.8103	30_项目/个人Unicode音型输入法/数据/𓆟Egyptian Hieroglyph字块.md	machine-initial-v3	visual-balanced-4prefix-v3
𓌧	U+13327	EGYPTIAN HIEROGLYPH T027	T027	jw	11	w	波浪流线	s	0	s	对称	jwws	jw:器物、建筑和工具;视觉聚类C11→w;族内视觉组S0;组状态首选s;采用首选→s	false	0.476764	2.1489	0.1694	1	0.1026	0.8062	0.6950	30_项目/个人Unicode音型输入法/数据/𓆟Egyptian Hieroglyph字块.md	machine-initial-v3	visual-balanced-4prefix-v3
𓌨	U+13328	EGYPTIAN HIEROGLYPH T028	T028	jw	7	r	放射星芒	s	0	s	对称	jwrs	jw:器物、建筑和工具;视觉聚类C7→r;族内视觉组S0;组状态首选s;采用首选→s	false	2.049016	1.0702	0.2347	1	0.1084	0.9965	0.6963	30_项目/个人Unicode音型输入法/数据/𓆟Egyptian Hieroglyph字块.md	machine-initial-v3	visual-balanced-4prefix-v3
𓌩	U+13329	EGYPTIAN HIEROGLYPH T029	T029	jw	2	y	分叉翼形	s	0	c	闭合	jwyc	jw:器物、建筑和工具;视觉聚类C2→y;族内视觉组S0;组状态首选s;唯一键平衡→c	true	0.544128	1.3649	0.1379	1	0.1013	0.7814	0.7910	30_项目/个人Unicode音型输入法/数据/𓆟Egyptian Hieroglyph字块.md	machine-initial-v3	visual-balanced-4prefix-v3
𓌪	U+1332A	EGYPTIAN HIEROGLYPH T030	T030	jw	17	j	钩弯	s	0	q	倾斜	jwjq	jw:器物、建筑和工具;视觉聚类C17→j;族内视觉组S0;组状态首选s;唯一键平衡→q	true	0.200466	1.9804	0.0903	1	0.1516	0.8493	0.8396	30_项目/个人Unicode音型输入法/数据/𓆟Egyptian Hieroglyph字块.md	machine-initial-v3	visual-balanced-4prefix-v3
𓌫	U+1332B	EGYPTIAN HIEROGLYPH T031	T031	jw	17	j	钩弯	s	2	e	空心低填充	jwje	jw:器物、建筑和工具;视觉聚类C17→j;族内视觉组S2;组状态首选s;唯一键平衡→e	true	0.160410	1.9804	0.0835	1	0.1402	0.8435	0.8455	30_项目/个人Unicode音型输入法/数据/𓆟Egyptian Hieroglyph字块.md	machine-initial-v3	visual-balanced-4prefix-v3
𓌬	U+1332C	EGYPTIAN HIEROGLYPH T032	T032	jw	2	y	分叉翼形	s	0	c	闭合	jwyc	jw:器物、建筑和工具;视觉聚类C2→y;族内视觉组S0;组状态首选s;唯一键平衡→c	true	0.421681	1.3289	0.1094	1	0.1312	0.8267	0.8140	30_项目/个人Unicode音型输入法/数据/𓆟Egyptian Hieroglyph字块.md	machine-initial-v3	visual-balanced-4prefix-v3
𓌭	U+1332D	EGYPTIAN HIEROGLYPH T032A	T032a	jw	17	j	钩弯	s	2	e	空心低填充	jwje	jw:器物、建筑和工具;视觉聚类C17→j;族内视觉组S2;组状态首选s;唯一键平衡→e	true	0.418450	1.0521	0.0830	1	0.0736	0.8467	0.8954	30_项目/个人Unicode音型输入法/数据/𓆟Egyptian Hieroglyph字块.md	machine-initial-v3	visual-balanced-4prefix-v3
𓌮	U+1332E	EGYPTIAN HIEROGLYPH T033	T033	jw	17	j	钩弯	s	2	e	空心低填充	jwje	jw:器物、建筑和工具;视觉聚类C17→j;族内视觉组S2;组状态首选s;唯一键平衡→e	true	0.324537	1.8036	0.1128	1	0.0612	0.8126	0.8267	30_项目/个人Unicode音型输入法/数据/𓆟Egyptian Hieroglyph字块.md	machine-initial-v3	visual-balanced-4prefix-v3
𓌯	U+1332F	EGYPTIAN HIEROGLYPH T033A	T033a	jw	2	y	分叉翼形	s	0	c	闭合	jwyc	jw:器物、建筑和工具;视觉聚类C2→y;族内视觉组S0;组状态首选s;唯一键平衡→c	true	0.526718	1.0521	0.1015	1	0.0481	0.8358	0.8824	30_项目/个人Unicode音型输入法/数据/𓆟Egyptian Hieroglyph字块.md	machine-initial-v3	visual-balanced-4prefix-v3
𓌰	U+13330	EGYPTIAN HIEROGLYPH T034	T034	jw	3	i	细柱	s	3	v	纵向	jwiv	jw:器物、建筑和工具;视觉聚类C3→i;族内视觉组S3;组状态首选s;唯一键平衡→v	true	0.187145	0.4375	0.1168	1	0.0898	0.8527	0.8378	30_项目/个人Unicode音型输入法/数据/𓆟Egyptian Hieroglyph字块.md	machine-initial-v3	visual-balanced-4prefix-v3
𓌱	U+13331	EGYPTIAN HIEROGLYPH T035	T035	jw	24	c	曲弧	v	1	v	纵向	jwcv	jw:器物、建筑和工具;视觉聚类C24→c;族内视觉组S1;组状态首选v;采用首选→v	false	0.133020	0.2917	0.1533	1	0.2228	0.7768	0.8571	30_项目/个人Unicode音型输入法/数据/𓆟Egyptian Hieroglyph字块.md	machine-initial-v3	visual-balanced-4prefix-v3
𓌲	U+13332	EGYPTIAN HIEROGLYPH T036	T036	jw	20	e	椭圆	s	1	s	对称	jwes	jw:器物、建筑和工具;视觉聚类C20→e;族内视觉组S1;组状态首选s;采用首选→s	false	0.334422	0.5729	0.0938	1	0.5316	0.9777	0.8898	30_项目/个人Unicode音型输入法/数据/𓆟Egyptian Hieroglyph字块.md	machine-initial-v3	visual-balanced-4prefix-v3
𓌳	U+13333	EGYPTIAN HIEROGLYPH U001	U001	jw	13	v	开口V形	s	4	e	空心低填充	jwve	jw:器物、建筑和工具;视觉聚类C13→v;族内视觉组S4;组状态首选s;唯一键平衡→e	true	0.377369	1.0521	0.0668	1	0.0866	0.8711	0.8717	30_项目/个人Unicode音型输入法/数据/𓆟Egyptian Hieroglyph字块.md	machine-initial-v3	visual-balanced-4prefix-v3
𓌴	U+13334	EGYPTIAN HIEROGLYPH U002	U002	jw	13	v	开口V形	s	4	e	空心低填充	jwve	jw:器物、建筑和工具;视觉聚类C13→v;族内视觉组S4;组状态首选s;唯一键平衡→e	true	0.314658	1.3467	0.0803	1	0.0808	0.8495	0.8632	30_项目/个人Unicode音型输入法/数据/𓆟Egyptian Hieroglyph字块.md	machine-initial-v3	visual-balanced-4prefix-v3
𓌵	U+13335	EGYPTIAN HIEROGLYPH U003	U003	jw	13	v	开口V形	s	4	e	空心低填充	jwve	jw:器物、建筑和工具;视觉聚类C13→v;族内视觉组S4;组状态首选s;唯一键平衡→e	true	0.504649	1.3467	0.1332	2	0.0811	0.7890	0.7983	30_项目/个人Unicode音型输入法/数据/𓆟Egyptian Hieroglyph字块.md	machine-initial-v3	visual-balanced-4prefix-v3
𓌶	U+13336	EGYPTIAN HIEROGLYPH U004	U004	jw	13	v	开口V形	s	0	c	闭合	jwvc	jw:器物、建筑和工具;视觉聚类C13→v;族内视觉组S0;组状态首选s;唯一键平衡→c	true	0.371646	1.0521	0.0880	2	0.0793	0.8637	0.8356	30_项目/个人Unicode音型输入法/数据/𓆟Egyptian Hieroglyph字块.md	machine-initial-v3	visual-balanced-4prefix-v3
𓌷	U+13337	EGYPTIAN HIEROGLYPH U005	U005	jw	13	v	开口V形	s	0	c	闭合	jwvc	jw:器物、建筑和工具;视觉聚类C13→v;族内视觉组S0;组状态首选s;唯一键平衡→c	true	0.663925	1.0521	0.1177	2	0.0840	0.8245	0.8071	30_项目/个人Unicode音型输入法/数据/𓆟Egyptian Hieroglyph字块.md	machine-initial-v3	visual-balanced-4prefix-v3
𓌸	U+13338	EGYPTIAN HIEROGLYPH U006	U006	jw	10	t	三角尖形	s	1	e	空心低填充	jwte	jw:器物、建筑和工具;视觉聚类C10→t;族内视觉组S1;组状态首选s;唯一键平衡→e	true	0.517764	0.7292	0.0985	1	0.0485	0.8202	0.8286	30_项目/个人Unicode音型输入法/数据/𓆟Egyptian Hieroglyph字块.md	machine-initial-v3	visual-balanced-4prefix-v3
𓌹	U+13339	EGYPTIAN HIEROGLYPH U006A	U006a	jw	10	t	三角尖形	s	1	e	空心低填充	jwte	jw:器物、建筑和工具;视觉聚类C10→t;族内视觉组S1;组状态首选s;唯一键平衡→e	true	0.375826	0.5729	0.1144	1	0.0553	0.8095	0.8576	30_项目/个人Unicode音型输入法/数据/𓆟Egyptian Hieroglyph字块.md	machine-initial-v3	visual-balanced-4prefix-v3
𓌺	U+1333A	EGYPTIAN HIEROGLYPH U006B	U006b	jw	23	h	枝杈	s	2	c	闭合	jwhc	jw:器物、建筑和工具;视觉聚类C23→h;族内视觉组S2;组状态首选s;唯一键平衡→c	true	0.398981	0.5729	0.1134	1	0.0564	0.8110	0.8564	30_项目/个人Unicode音型输入法/数据/𓆟Egyptian Hieroglyph字块.md	machine-initial-v3	visual-balanced-4prefix-v3
𓌻	U+1333B	EGYPTIAN HIEROGLYPH U007	U007	jw	17	j	钩弯	s	0	q	倾斜	jwjq	jw:器物、建筑和工具;视觉聚类C17→j;族内视觉组S0;组状态首选s;唯一键平衡→q	true	0.397053	1.9804	0.1124	1	0.0584	0.8420	0.8113	30_项目/个人Unicode音型输入法/数据/𓆟Egyptian Hieroglyph字块.md	machine-initial-v3	visual-balanced-4prefix-v3
𓌼	U+1333C	EGYPTIAN HIEROGLYPH U008	U008	jw	17	j	钩弯	s	0	q	倾斜	jwjq	jw:器物、建筑和工具;视觉聚类C17→j;族内视觉组S0;组状态首选s;唯一键平衡→q	true	0.415696	1.9804	0.1182	1	0.0000	0.8637	0.7698	30_项目/个人Unicode音型输入法/数据/𓆟Egyptian Hieroglyph字块.md	machine-initial-v3	visual-balanced-4prefix-v3
𓌽	U+1333D	EGYPTIAN HIEROGLYPH U009	U009	jw	13	v	开口V形	s	0	c	闭合	jwvc	jw:器物、建筑和工具;视觉聚类C13→v;族内视觉组S0;组状态首选s;唯一键平衡→c	true	0.351186	1.7414	0.0922	5	0.1417	0.8303	0.8785	30_项目/个人Unicode音型输入法/数据/𓆟Egyptian Hieroglyph字块.md	machine-initial-v3	visual-balanced-4prefix-v3
𓌾	U+1333E	EGYPTIAN HIEROGLYPH U010	U010	jw	13	v	开口V形	s	1	o	外包	jwvo	jw:器物、建筑和工具;视觉聚类C13→v;族内视觉组S1;组状态首选s;唯一键平衡→o	true	0.407018	1.4028	0.0881	8	0.1140	0.8394	0.8765	30_项目/个人Unicode音型输入法/数据/𓆟Egyptian Hieroglyph字块.md	machine-initial-v3	visual-balanced-4prefix-v3
𓌿	U+1333F	EGYPTIAN HIEROGLYPH U011	U011	jw	16	d	点状	s	4	o	外包	jwdo	jw:器物、建筑和工具;视觉聚类C16→d;族内视觉组S4;组状态首选s;唯一键平衡→o	true	0.271866	0.7292	0.0847	4	0.0530	0.8568	0.8866	30_项目/个人Unicode音型输入法/数据/𓆟Egyptian Hieroglyph字块.md	machine-initial-v3	visual-balanced-4prefix-v3
𓍀	U+13340	EGYPTIAN HIEROGLYPH U012	U012	jw	16	d	点状	s	4	o	外包	jwdo	jw:器物、建筑和工具;视觉聚类C16→d;族内视觉组S4;组状态首选s;唯一键平衡→o	true	0.259147	0.7292	0.0872	4	0.0493	0.8583	0.8601	30_项目/个人Unicode音型输入法/数据/𓆟Egyptian Hieroglyph字块.md	machine-initial-v3	visual-balanced-4prefix-v3
𓍁	U+13341	EGYPTIAN HIEROGLYPH U013	U013	jw	17	j	钩弯	s	2	e	空心低填充	jwje	jw:器物、建筑和工具;视觉聚类C17→j;族内视觉组S2;组状态首选s;唯一键平衡→e	true	0.482069	1.7719	0.1228	1	0.0134	0.7943	0.7731	30_项目/个人Unicode音型输入法/数据/𓆟Egyptian Hieroglyph字块.md	machine-initial-v3	visual-balanced-4prefix-v3
𓍂	U+13342	EGYPTIAN HIEROGLYPH U014	U014	jw	4	n	成列成排	s	0	w	宽展	jwnw	jw:器物、建筑和工具;视觉聚类C4→n;族内视觉组S0;组状态首选s;唯一键平衡→w	true	0.300735	2.1957	0.1808	1	0.1173	0.7749	0.7598	30_项目/个人Unicode音型输入法/数据/𓆟Egyptian Hieroglyph字块.md	machine-initial-v3	visual-balanced-4prefix-v3
𓍃	U+13343	EGYPTIAN HIEROGLYPH U015	U015	jw	4	n	成列成排	s	0	w	宽展	jwnw	jw:器物、建筑和工具;视觉聚类C4→n;族内视觉组S0;组状态首选s;唯一键平衡→w	true	0.490802	2.0612	0.1897	1	0.0752	0.8590	0.7830	30_项目/个人Unicode音型输入法/数据/𓆟Egyptian Hieroglyph字块.md	machine-initial-v3	visual-balanced-4prefix-v3
𓍄	U+13344	EGYPTIAN HIEROGLYPH U016	U016	jw	6	z	阶梯锯齿	s	1	o	外包	jwzo	jw:器物、建筑和工具;视觉聚类C6→z;族内视觉组S1;组状态首选s;唯一键平衡→o	true	0.548176	1.3467	0.1420	1	0.0375	0.8030	0.7743	30_项目/个人Unicode音型输入法/数据/𓆟Egyptian Hieroglyph字块.md	machine-initial-v3	visual-balanced-4prefix-v3
𓍅	U+13345	EGYPTIAN HIEROGLYPH U017	U017	jw	22	s	方框	s	2	c	闭合	jwsc	jw:器物、建筑和工具;视觉聚类C22→s;族内视觉组S2;组状态首选s;唯一键平衡→c	true	0.435025	1.7119	0.1341	1	0.1426	0.8956	0.7728	30_项目/个人Unicode音型输入法/数据/𓆟Egyptian Hieroglyph字块.md	machine-initial-v3	visual-balanced-4prefix-v3
𓍆	U+13346	EGYPTIAN HIEROGLYPH U018	U018	jw	5	g	动物有机体	s	0	o	外包	jwgo	jw:器物、建筑和工具;视觉聚类C5→g;族内视觉组S0;组状态首选s;唯一键平衡→o	true	0.518225	1.2469	0.1494	1	0.0703	0.8438	0.7497	30_项目/个人Unicode音型输入法/数据/𓆟Egyptian Hieroglyph字块.md	machine-initial-v3	visual-balanced-4prefix-v3
𓍇	U+13347	EGYPTIAN HIEROGLYPH U019	U019	jw	17	j	钩弯	s	0	q	倾斜	jwjq	jw:器物、建筑和工具;视觉聚类C17→j;族内视觉组S0;组状态首选s;唯一键平衡→q	true	0.283464	1.9423	0.0714	1	0.0000	0.8682	0.8663	30_项目/个人Unicode音型输入法/数据/𓆟Egyptian Hieroglyph字块.md	machine-initial-v3	visual-balanced-4prefix-v3
𓍈	U+13348	EGYPTIAN HIEROGLYPH U020	U020	jw	1	l	线条	h	2	w	宽展	jwlw	jw:器物、建筑和工具;视觉聚类C1→l;族内视觉组S2;组状态首选h;唯一键平衡→w	true	0.302650	2.9706	0.1191	1	0.0000	0.7874	0.8084	30_项目/个人Unicode音型输入法/数据/𓆟Egyptian Hieroglyph字块.md	machine-initial-v3	visual-balanced-4prefix-v3
𓍉	U+13349	EGYPTIAN HIEROGLYPH U021	U021	jw	19	a	角折	s	2	w	宽展	jwaw	jw:器物、建筑和工具;视觉聚类C19→a;族内视觉组S2;组状态首选s;唯一键平衡→w	true	0.250652	2.7297	0.1086	2	0.0000	0.8432	0.8491	30_项目/个人Unicode音型输入法/数据/𓆟Egyptian Hieroglyph字块.md	machine-initial-v3	visual-balanced-4prefix-v3
𓍊	U+1334A	EGYPTIAN HIEROGLYPH U022	U022	jw	12	k	绳结	s	1	s	对称	jwks	jw:器物、建筑和工具;视觉聚类C12→k;族内视觉组S1;组状态首选s;采用首选→s	false	0.483669	0.6780	0.1258	1	0.1500	0.9280	0.7788	30_项目/个人Unicode音型输入法/数据/𓆟Egyptian Hieroglyph字块.md	machine-initial-v3	visual-balanced-4prefix-v3
𓍋	U+1334B	EGYPTIAN HIEROGLYPH U023	U023	jw	18	p	螺旋回环	s	0	s	对称	jwps	jw:器物、建筑和工具;视觉聚类C18→p;族内视觉组S0;组状态首选s;采用首选→s	false	0.285495	0.3646	0.1494	1	0.1205	0.9679	0.7750	30_项目/个人Unicode音型输入法/数据/𓆟Egyptian Hieroglyph字块.md	machine-initial-v3	visual-balanced-4prefix-v3
𓍌	U+1334C	EGYPTIAN HIEROGLYPH U023A	U023a	jw	24	c	曲弧	v	1	v	纵向	jwcv	jw:器物、建筑和工具;视觉聚类C24→c;族内视觉组S1;组状态首选v;采用首选→v	false	0.143652	0.3646	0.1470	1	0.1202	0.9804	0.7667	30_项目/个人Unicode音型输入法/数据/𓆟Egyptian Hieroglyph字块.md	machine-initial-v3	visual-balanced-4prefix-v3
𓍍	U+1334D	EGYPTIAN HIEROGLYPH U024	U024	jw	24	c	曲弧	v	1	v	纵向	jwcv	jw:器物、建筑和工具;视觉聚类C24→c;族内视觉组S1;组状态首选v;采用首选→v	false	0.246537	0.4167	0.1396	1	0.0302	0.8604	0.8271	30_项目/个人Unicode音型输入法/数据/𓆟Egyptian Hieroglyph字块.md	machine-initial-v3	visual-balanced-4prefix-v3
𓍎	U+1334E	EGYPTIAN HIEROGLYPH U025	U025	jw	3	i	细柱	s	0	n	狭长	jwin	jw:器物、建筑和工具;视觉聚类C3→i;族内视觉组S0;组状态首选s;唯一键平衡→n	true	0.300118	0.5625	0.1547	1	0.0214	0.9776	0.8148	30_项目/个人Unicode音型输入法/数据/𓆟Egyptian Hieroglyph字块.md	machine-initial-v3	visual-balanced-4prefix-v3
𓍏	U+1334F	EGYPTIAN HIEROGLYPH U026	U026	jw	3	i	细柱	s	0	n	狭长	jwin	jw:器物、建筑和工具;视觉聚类C3→i;族内视觉组S0;组状态首选s;唯一键平衡→n	true	0.208983	0.4375	0.1332	1	0.0972	0.9916	0.8309	30_项目/个人Unicode音型输入法/数据/𓆟Egyptian Hieroglyph字块.md	machine-initial-v3	visual-balanced-4prefix-v3
𓍐	U+13350	EGYPTIAN HIEROGLYPH U027	U027	jw	18	p	螺旋回环	s	1	o	外包	jwpo	jw:器物、建筑和工具;视觉聚类C18→p;族内视觉组S1;组状态首选s;唯一键平衡→o	true	0.315033	0.3229	0.1599	1	0.1791	0.9980	0.7124	30_项目/个人Unicode音型输入法/数据/𓆟Egyptian Hieroglyph字块.md	machine-initial-v3	visual-balanced-4prefix-v3
𓍑	U+13351	EGYPTIAN HIEROGLYPH U028	U028	jw	24	c	曲弧	s	3	o	外包	jwco	jw:器物、建筑和工具;视觉聚类C24→c;族内视觉组S3;组状态首选s;唯一键平衡→o	true	0.145840	0.4896	0.1192	2	0.1403	0.9433	0.8803	30_项目/个人Unicode音型输入法/数据/𓆟Egyptian Hieroglyph字块.md	machine-initial-v3	visual-balanced-4prefix-v3
𓍒	U+13352	EGYPTIAN HIEROGLYPH U029	U029	jw	24	c	曲弧	s	4	c	闭合	jwcc	jw:器物、建筑和工具;视觉聚类C24→c;族内视觉组S4;组状态首选s;唯一键平衡→c	true	0.136917	0.4896	0.1181	1	0.1332	0.9973	0.8719	30_项目/个人Unicode音型输入法/数据/𓆟Egyptian Hieroglyph字块.md	machine-initial-v3	visual-balanced-4prefix-v3
𓍓	U+13353	EGYPTIAN HIEROGLYPH U029A	U029a	jw	10	t	三角尖形	s	3	o	外包	jwto	jw:器物、建筑和工具;视觉聚类C10→t;族内视觉组S3;组状态首选s;唯一键平衡→o	true	0.503173	0.8854	0.1158	2	0.0710	0.8498	0.8051	30_项目/个人Unicode音型输入法/数据/𓆟Egyptian Hieroglyph字块.md	machine-initial-v3	visual-balanced-4prefix-v3
𓍔	U+13354	EGYPTIAN HIEROGLYPH U030	U030	jw	20	e	椭圆	s	1	s	对称	jwes	jw:器物、建筑和工具;视觉聚类C20→e;族内视觉组S1;组状态首选s;采用首选→s	false	0.643824	0.7966	0.1363	1	0.3051	0.8370	0.8543	30_项目/个人Unicode音型输入法/数据/𓆟Egyptian Hieroglyph字块.md	machine-initial-v3	visual-balanced-4prefix-v3
𓍕	U+13355	EGYPTIAN HIEROGLYPH U031	U031	jw	19	a	角折	s	2	w	宽展	jwaw	jw:器物、建筑和工具;视觉聚类C19→a;族内视觉组S2;组状态首选s;唯一键平衡→w	true	0.313749	1.9804	0.0864	1	0.0000	0.9022	0.9918	30_项目/个人Unicode音型输入法/数据/𓆟Egyptian Hieroglyph字块.md	machine-initial-v3	visual-balanced-4prefix-v3
𓍖	U+13356	EGYPTIAN HIEROGLYPH U032	U032	jw	24	c	曲弧	s	3	o	外包	jwco	jw:器物、建筑和工具;视觉聚类C24→c;族内视觉组S3;组状态首选s;唯一键平衡→o	true	0.165251	0.4167	0.1190	2	0.1068	0.8016	0.8172	30_项目/个人Unicode音型输入法/数据/𓆟Egyptian Hieroglyph字块.md	machine-initial-v3	visual-balanced-4prefix-v3
𓍗	U+13357	EGYPTIAN HIEROGLYPH U032A	U032a	jw	16	d	点状	s	0	n	狭长	jwdn	jw:器物、建筑和工具;视觉聚类C16→d;族内视觉组S0;组状态首选s;唯一键平衡→n	true	0.184032	0.3854	0.1340	1	0.1351	0.7995	0.7782	30_项目/个人Unicode音型输入法/数据/𓆟Egyptian Hieroglyph字块.md	machine-initial-v3	visual-balanced-4prefix-v3
𓍘	U+13358	EGYPTIAN HIEROGLYPH U033	U033	jw	16	d	点状	s	0	n	狭长	jwdn	jw:器物、建筑和工具;视觉聚类C16→d;族内视觉组S0;组状态首选s;唯一键平衡→n	true	0.184352	0.3854	0.1213	1	0.1287	0.8012	0.8012	30_项目/个人Unicode音型输入法/数据/𓆟Egyptian Hieroglyph字块.md	machine-initial-v3	visual-balanced-4prefix-v3
𓍙	U+13359	EGYPTIAN HIEROGLYPH U034	U034	jw	3	i	细柱	s	3	v	纵向	jwiv	jw:器物、建筑和工具;视觉聚类C3→i;族内视觉组S3;组状态首选s;唯一键平衡→v	true	0.191909	0.4688	0.1016	1	0.0852	0.9931	0.8384	30_项目/个人Unicode音型输入法/数据/𓆟Egyptian Hieroglyph字块.md	machine-initial-v3	visual-balanced-4prefix-v3
𓍚	U+1335A	EGYPTIAN HIEROGLYPH U035	U035	jw	1	l	线条	s	0	s	对称	jwls	jw:器物、建筑和工具;视觉聚类C1→l;族内视觉组S0;组状态首选s;采用首选→s	false	0.347270	1.0521	0.0829	1	0.0307	0.8645	0.8630	30_项目/个人Unicode音型输入法/数据/𓆟Egyptian Hieroglyph字块.md	machine-initial-v3	visual-balanced-4prefix-v3
𓍛	U+1335B	EGYPTIAN HIEROGLYPH U036	U036	jw	24	c	曲弧	v	1	v	纵向	jwcv	jw:器物、建筑和工具;视觉聚类C24→c;族内视觉组S1;组状态首选v;采用首选→v	false	0.114392	0.3229	0.1478	1	0.2453	0.9261	0.7675	30_项目/个人Unicode音型输入法/数据/𓆟Egyptian Hieroglyph字块.md	machine-initial-v3	visual-balanced-4prefix-v3
𓍜	U+1335C	EGYPTIAN HIEROGLYPH U037	U037	jw	13	v	开口V形	s	1	o	外包	jwvo	jw:器物、建筑和工具;视觉聚类C13→v;族内视觉组S1;组状态首选s;唯一键平衡→o	true	0.566819	1.2133	0.0982	1	0.2437	0.8848	0.8406	30_项目/个人Unicode音型输入法/数据/𓆟Egyptian Hieroglyph字块.md	machine-initial-v3	visual-balanced-4prefix-v3
𓍝	U+1335D	EGYPTIAN HIEROGLYPH U038	U038	jw	0	x	交叉	s	3	o	外包	jwxo	jw:器物、建筑和工具;视觉聚类C0→x;族内视觉组S3;组状态首选s;唯一键平衡→o	true	0.719275	1.0521	0.1254	1	0.0246	0.9738	0.8461	30_项目/个人Unicode音型输入法/数据/𓆟Egyptian Hieroglyph字块.md	machine-initial-v3	visual-balanced-4prefix-v3
𓍞	U+1335E	EGYPTIAN HIEROGLYPH U039	U039	jw	3	i	细柱	s	0	n	狭长	jwin	jw:器物、建筑和工具;视觉聚类C3→i;族内视觉组S0;组状态首选s;唯一键平衡→n	true	0.154634	0.4792	0.1128	1	0.0249	0.9203	0.8940	30_项目/个人Unicode音型输入法/数据/𓆟Egyptian Hieroglyph字块.md	machine-initial-v3	visual-balanced-4prefix-v3
𓍟	U+1335F	EGYPTIAN HIEROGLYPH U040	U040	jw	23	h	枝杈	s	3	n	狭长	jwhn	jw:器物、建筑和工具;视觉聚类C23→h;族内视觉组S3;组状态首选s;唯一键平衡→n	true	0.348949	0.4688	0.1403	1	0.0000	0.7713	0.8398	30_项目/个人Unicode音型输入法/数据/𓆟Egyptian Hieroglyph字块.md	machine-initial-v3	visual-balanced-4prefix-v3
𓍠	U+13360	EGYPTIAN HIEROGLYPH U041	U041	jw	10	t	三角尖形	s	3	o	外包	jwto	jw:器物、建筑和工具;视觉聚类C10→t;族内视觉组S3;组状态首选s;唯一键平衡→o	true	0.226005	0.5978	0.1142	1	0.2474	0.9913	0.8071	30_项目/个人Unicode音型输入法/数据/𓆟Egyptian Hieroglyph字块.md	machine-initial-v3	visual-balanced-4prefix-v3
𓍡	U+13361	EGYPTIAN HIEROGLYPH U042	U042	jw	3	i	细柱	s	3	v	纵向	jwiv	jw:器物、建筑和工具;视觉聚类C3→i;族内视觉组S3;组状态首选s;唯一键平衡→v	true	0.134328	0.4062	0.0916	1	0.0000	0.9973	0.9151	30_项目/个人Unicode音型输入法/数据/𓆟Egyptian Hieroglyph字块.md	machine-initial-v3	visual-balanced-4prefix-v3
𓍢	U+13362	EGYPTIAN HIEROGLYPH V001	V001	jx	12	k	绳结	s	1	o	外包	jxko	jx:图形、抽象与未分类;视觉聚类C12→k;族内视觉组S1;组状态首选s;唯一键平衡→o	true	0.645122	0.6842	0.1502	1	0.0000	0.8390	0.7535	30_项目/个人Unicode音型输入法/数据/𓆟Egyptian Hieroglyph字块.md	machine-initial-v3	visual-balanced-4prefix-v3
𓍣	U+13363	EGYPTIAN HIEROGLYPH V001A	V001a	jx	0	x	交叉	s	0	o	外包	jxxo	jx:图形、抽象与未分类;视觉聚类C0→x;族内视觉组S0;组状态首选s;唯一键平衡→o	true	1.414256	1.1930	0.1757	2	0.0000	0.8065	0.7121	30_项目/个人Unicode音型输入法/数据/𓆟Egyptian Hieroglyph字块.md	machine-initial-v3	visual-balanced-4prefix-v3
𓍤	U+13364	EGYPTIAN HIEROGLYPH V001B	V001b	jx	22	s	方框	s	3	w	宽展	jxsw	jx:图形、抽象与未分类;视觉聚类C22→s;族内视觉组S3;组状态首选s;唯一键平衡→w	true	0.678122	1.7193	0.1817	3	0.0000	0.8034	0.7000	30_项目/个人Unicode音型输入法/数据/𓆟Egyptian Hieroglyph字块.md	machine-initial-v3	visual-balanced-4prefix-v3
𓍥	U+13365	EGYPTIAN HIEROGLYPH V001C	V001c	jx	22	s	方框	s	3	w	宽展	jxsw	jx:图形、抽象与未分类;视觉聚类C22→s;族内视觉组S3;组状态首选s;唯一键平衡→w	true	0.482238	1.7719	0.1845	4	0.0000	0.7992	0.6953	30_项目/个人Unicode音型输入法/数据/𓆟Egyptian Hieroglyph字块.md	machine-initial-v3	visual-balanced-4prefix-v3
𓍦	U+13366	EGYPTIAN HIEROGLYPH V001D	V001d	jx	0	x	交叉	s	0	o	外包	jxxo	jx:图形、抽象与未分类;视觉聚类C0→x;族内视觉组S0;组状态首选s;唯一键平衡→o	true	1.017111	1.0208	0.1588	5	0.0000	0.8248	0.7453	30_项目/个人Unicode音型输入法/数据/𓆟Egyptian Hieroglyph字块.md	machine-initial-v3	visual-balanced-4prefix-v3
𓍧	U+13367	EGYPTIAN HIEROGLYPH V001E	V001e	jx	0	x	交叉	s	1	m	重复多部件	jxxm	jx:图形、抽象与未分类;视觉聚类C0→x;族内视觉组S1;组状态首选s;唯一键平衡→m	true	1.190258	1.0208	0.1897	6	0.0000	0.7923	0.6869	30_项目/个人Unicode音型输入法/数据/𓆟Egyptian Hieroglyph字块.md	machine-initial-v3	visual-balanced-4prefix-v3
𓍨	U+13368	EGYPTIAN HIEROGLYPH V001F	V001f	jx	0	x	交叉	s	1	m	重复多部件	jxxm	jx:图形、抽象与未分类;视觉聚类C0→x;族内视觉组S1;组状态首选s;唯一键平衡→m	true	0.992896	1.0521	0.1689	7	0.0000	0.8154	0.7314	30_项目/个人Unicode音型输入法/数据/𓆟Egyptian Hieroglyph字块.md	machine-initial-v3	visual-balanced-4prefix-v3
𓍩	U+13369	EGYPTIAN HIEROGLYPH V001G	V001g	jx	0	x	交叉	s	1	m	重复多部件	jxxm	jx:图形、抽象与未分类;视觉聚类C0→x;族内视觉组S1;组状态首选s;唯一键平衡→m	true	1.138470	1.0521	0.1930	8	0.0000	0.7902	0.6825	30_项目/个人Unicode音型输入法/数据/𓆟Egyptian Hieroglyph字块.md	machine-initial-v3	visual-balanced-4prefix-v3
𓍪	U+1336A	EGYPTIAN HIEROGLYPH V001H	V001h	jx	0	x	交叉	s	0	o	外包	jxxo	jx:图形、抽象与未分类;视觉聚类C0→x;族内视觉组S0;组状态首选s;唯一键平衡→o	true	0.563910	1.2083	0.1745	9	0.0000	0.7710	0.6981	30_项目/个人Unicode音型输入法/数据/𓆟Egyptian Hieroglyph字块.md	machine-initial-v3	visual-balanced-4prefix-v3
𓍫	U+1336B	EGYPTIAN HIEROGLYPH V001I	V001i	jx	22	s	方框	s	3	w	宽展	jxsw	jx:图形、抽象与未分类;视觉聚类C22→s;族内视觉组S3;组状态首选s;唯一键平衡→w	true	0.384987	2.0351	0.1868	5	0.0000	0.7982	0.6948	30_项目/个人Unicode音型输入法/数据/𓆟Egyptian Hieroglyph字块.md	machine-initial-v3	visual-balanced-4prefix-v3
𓍬	U+1336C	EGYPTIAN HIEROGLYPH V002	V002	jx	19	a	角折	s	0	s	对称	jxas	jx:图形、抽象与未分类;视觉聚类C19→a;族内视觉组S0;组状态首选s;采用首选→s	false	0.195678	2.4634	0.1302	1	0.0000	0.9391	0.8802	30_项目/个人Unicode音型输入法/数据/𓆟Egyptian Hieroglyph字块.md	machine-initial-v3	visual-balanced-4prefix-v3
𓍭	U+1336D	EGYPTIAN HIEROGLYPH V002A	V002a	jx	18	p	螺旋回环	s	0	q	倾斜	jxpq	jx:图形、抽象与未分类;视觉聚类C18→p;族内视觉组S0;组状态首选s;唯一键平衡→q	true	0.645523	1.0521	0.0696	1	0.0000	0.8661	0.8657	30_项目/个人Unicode音型输入法/数据/𓆟Egyptian Hieroglyph字块.md	machine-initial-v3	visual-balanced-4prefix-v3
𓍮	U+1336E	EGYPTIAN HIEROGLYPH V003	V003	jx	19	a	角折	s	1	w	宽展	jxaw	jx:图形、抽象与未分类;视觉聚类C19→a;族内视觉组S1;组状态首选s;唯一键平衡→w	true	0.419875	2.4634	0.2183	1	0.0000	0.8020	0.7242	30_项目/个人Unicode音型输入法/数据/𓆟Egyptian Hieroglyph字块.md	machine-initial-v3	visual-balanced-4prefix-v3
𓍯	U+1336F	EGYPTIAN HIEROGLYPH V004	V004	jx	20	e	椭圆	s	1	s	对称	jxes	jx:图形、抽象与未分类;视觉聚类C20→e;族内视觉组S1;组状态首选s;采用首选→s	false	0.859596	1.0521	0.1105	1	0.0205	0.8030	0.8265	30_项目/个人Unicode音型输入法/数据/𓆟Egyptian Hieroglyph字块.md	machine-initial-v3	visual-balanced-4prefix-v3
𓍰	U+13370	EGYPTIAN HIEROGLYPH V005	V005	jx	12	k	绳结	c	2	c	闭合	jxkc	jx:图形、抽象与未分类;视觉聚类C12→k;族内视觉组S2;组状态首选c;采用首选→c	false	0.602133	0.6562	0.2092	1	0.1930	0.9636	0.7530	30_项目/个人Unicode音型输入法/数据/𓆟Egyptian Hieroglyph字块.md	machine-initial-v3	visual-balanced-4prefix-v3
𓍱	U+13371	EGYPTIAN HIEROGLYPH V006	V006	jx	10	t	三角尖形	s	3	s	对称	jxts	jx:图形、抽象与未分类;视觉聚类C10→t;族内视觉组S3;组状态首选s;采用首选→s	false	0.662982	0.6712	0.1471	1	0.1356	0.9715	0.7551	30_项目/个人Unicode音型输入法/数据/𓆟Egyptian Hieroglyph字块.md	machine-initial-v3	visual-balanced-4prefix-v3
𓍲	U+13372	EGYPTIAN HIEROGLYPH V007	V007	jx	12	k	绳结	s	0	s	对称	jxks	jx:图形、抽象与未分类;视觉聚类C12→k;族内视觉组S0;组状态首选s;采用首选→s	false	0.563177	0.6712	0.1459	1	0.1367	0.9827	0.7596	30_项目/个人Unicode音型输入法/数据/𓆟Egyptian Hieroglyph字块.md	machine-initial-v3	visual-balanced-4prefix-v3
𓍳	U+13373	EGYPTIAN HIEROGLYPH V007A	V007a	jx	12	k	绳结	s	1	o	外包	jxko	jx:图形、抽象与未分类;视觉聚类C12→k;族内视觉组S1;组状态首选s;唯一键平衡→o	true	0.350564	0.5104	0.1390	1	0.0000	0.9902	0.7526	30_项目/个人Unicode音型输入法/数据/𓆟Egyptian Hieroglyph字块.md	machine-initial-v3	visual-balanced-4prefix-v3
𓍴	U+13374	EGYPTIAN HIEROGLYPH V007B	V007b	jx	15	u	容器U形	s	2	s	对称	jxus	jx:图形、抽象与未分类;视觉聚类C15→u;族内视觉组S2;组状态首选s;采用首选→s	false	0.944949	0.5521	0.1500	1	0.1230	0.9744	0.7756	30_项目/个人Unicode音型输入法/数据/𓆟Egyptian Hieroglyph字块.md	machine-initial-v3	visual-balanced-4prefix-v3
𓍵	U+13375	EGYPTIAN HIEROGLYPH V008	V008	jx	12	k	绳结	s	0	s	对称	jxks	jx:图形、抽象与未分类;视觉聚类C12→k;族内视觉组S0;组状态首选s;采用首选→s	false	0.588020	0.6712	0.1621	2	0.1152	0.9732	0.7434	30_项目/个人Unicode音型输入法/数据/𓆟Egyptian Hieroglyph字块.md	machine-initial-v3	visual-balanced-4prefix-v3
𓍶	U+13376	EGYPTIAN HIEROGLYPH V009	V009	jx	9	o	圆环	s	2	o	外包	jxoo	jx:图形、抽象与未分类;视觉聚类C9→o;族内视觉组S2;组状态首选s;唯一键平衡→o	true	1.149353	1.0351	0.1707	1	0.3756	0.9833	0.8840	30_项目/个人Unicode音型输入法/数据/𓆟Egyptian Hieroglyph字块.md	machine-initial-v3	visual-balanced-4prefix-v3
𓍷	U+13377	EGYPTIAN HIEROGLYPH V010	V010	jx	22	s	方框	s	0	m	重复多部件	jxsm	jx:图形、抽象与未分类;视觉聚类C22→s;族内视觉组S0;组状态首选s;唯一键平衡→m	true	0.620644	1.7719	0.1539	1	0.5185	0.9264	0.9538	30_项目/个人Unicode音型输入法/数据/𓆟Egyptian Hieroglyph字块.md	machine-initial-v3	visual-balanced-4prefix-v3
𓍸	U+13378	EGYPTIAN HIEROGLYPH V011	V011	jx	15	u	容器U形	s	1	x	穿过交叠	jxux	jx:图形、抽象与未分类;视觉聚类C15→u;族内视觉组S1;组状态首选s;唯一键平衡→x	true	1.074524	0.7719	0.1750	1	0.0000	0.7073	0.9705	30_项目/个人Unicode音型输入法/数据/𓆟Egyptian Hieroglyph字块.md	machine-initial-v3	visual-balanced-4prefix-v3
𓍹	U+13379	EGYPTIAN HIEROGLYPH V011A	V011a	jx	10	t	三角尖形	s	1	c	闭合	jxtc	jx:图形、抽象与未分类;视觉聚类C10→t;族内视觉组S1;组状态首选s;唯一键平衡→c	true	0.527890	0.6289	0.1210	1	0.0000	0.7806	0.9770	30_项目/个人Unicode音型输入法/数据/𓆟Egyptian Hieroglyph字块.md	machine-initial-v3	visual-balanced-4prefix-v3
𓍺	U+1337A	EGYPTIAN HIEROGLYPH V011B	V011b	jx	14	f	人物轮廓	s	0	s	对称	jxfs	jx:图形、抽象与未分类;视觉聚类C14→f;族内视觉组S0;组状态首选s;采用首选→s	false	0.719565	0.6289	0.1617	1	0.0000	0.7282	0.9780	30_项目/个人Unicode音型输入法/数据/𓆟Egyptian Hieroglyph字块.md	machine-initial-v3	visual-balanced-4prefix-v3
𓍻	U+1337B	EGYPTIAN HIEROGLYPH V011C	V011c	jx	14	f	人物轮廓	s	0	s	对称	jxfs	jx:图形、抽象与未分类;视觉聚类C14→f;族内视觉组S0;组状态首选s;采用首选→s	false	0.507214	0.6289	0.1207	1	0.0000	0.7813	0.9777	30_项目/个人Unicode音型输入法/数据/𓆟Egyptian Hieroglyph字块.md	machine-initial-v3	visual-balanced-4prefix-v3
𓍼	U+1337C	EGYPTIAN HIEROGLYPH V012	V012	jx	22	s	方框	s	3	w	宽展	jxsw	jx:图形、抽象与未分类;视觉聚类C22→s;族内视觉组S3;组状态首选s;唯一键平衡→w	true	0.587139	1.5303	0.1134	1	0.0635	0.8062	0.7906	30_项目/个人Unicode音型输入法/数据/𓆟Egyptian Hieroglyph字块.md	machine-initial-v3	visual-balanced-4prefix-v3
𓍽	U+1337D	EGYPTIAN HIEROGLYPH V012A	V012a	jx	17	j	钩弯	s	0	q	倾斜	jxjq	jx:图形、抽象与未分类;视觉聚类C17→j;族内视觉组S0;组状态首选s;唯一键平衡→q	true	0.452805	1.5781	0.1151	1	0.1644	0.8038	0.7902	30_项目/个人Unicode音型输入法/数据/𓆟Egyptian Hieroglyph字块.md	machine-initial-v3	visual-balanced-4prefix-v3
𓍾	U+1337E	EGYPTIAN HIEROGLYPH V012B	V012b	jx	17	j	钩弯	s	0	q	倾斜	jxjq	jx:图形、抽象与未分类;视觉聚类C17→j;族内视觉组S0;组状态首选s;唯一键平衡→q	true	0.631040	1.4000	0.1383	1	0.0810	0.7787	0.7536	30_项目/个人Unicode音型输入法/数据/𓆟Egyptian Hieroglyph字块.md	machine-initial-v3	visual-balanced-4prefix-v3
𓍿	U+1337F	EGYPTIAN HIEROGLYPH V013	V013	jx	4	n	成列成排	h	0	h	横向	jxnh	jx:图形、抽象与未分类;视觉聚类C4→n;族内视觉组S0;组状态首选h;采用首选→h	false	0.282748	2.7297	0.1969	1	0.0080	0.8646	0.9593	30_项目/个人Unicode音型输入法/数据/𓆟Egyptian Hieroglyph字块.md	machine-initial-v3	visual-balanced-4prefix-v3
𓎀	U+13380	EGYPTIAN HIEROGLYPH V014	V014	jx	11	w	波浪流线	s	1	w	宽展	jxww	jx:图形、抽象与未分类;视觉聚类C11→w;族内视觉组S1;组状态首选s;唯一键平衡→w	true	0.390691	2.4048	0.1695	1	0.0071	0.8741	0.7166	30_项目/个人Unicode音型输入法/数据/𓆟Egyptian Hieroglyph字块.md	machine-initial-v3	visual-balanced-4prefix-v3
𓎁	U+13381	EGYPTIAN HIEROGLYPH V015	V015	jx	2	y	分叉翼形	s	0	s	对称	jxys	jx:图形、抽象与未分类;视觉聚类C2→y;族内视觉组S0;组状态首选s;采用首选→s	false	1.043203	1.3836	0.1823	1	0.0042	0.8050	0.7317	30_项目/个人Unicode音型输入法/数据/𓆟Egyptian Hieroglyph字块.md	machine-initial-v3	visual-balanced-4prefix-v3
𓎂	U+13382	EGYPTIAN HIEROGLYPH V016	V016	jx	6	z	阶梯锯齿	s	0	s	对称	jxzs	jx:图形、抽象与未分类;视觉聚类C6→z;族内视觉组S0;组状态首选s;采用首选→s	false	0.999760	1.9804	0.3056	1	0.0107	0.9864	0.9705	30_项目/个人Unicode音型输入法/数据/𓆟Egyptian Hieroglyph字块.md	machine-initial-v3	visual-balanced-4prefix-v3
𓎃	U+13383	EGYPTIAN HIEROGLYPH V017	V017	jx	16	d	点状	s	1	x	穿过交叠	jxdx	jx:图形、抽象与未分类;视觉聚类C16→d;族内视觉组S1;组状态首选s;唯一键平衡→x	true	0.348763	0.5208	0.1573	1	0.0992	0.9679	0.7588	30_项目/个人Unicode音型输入法/数据/𓆟Egyptian Hieroglyph字块.md	machine-initial-v3	visual-balanced-4prefix-v3
𓎄	U+13384	EGYPTIAN HIEROGLYPH V018	V018	jx	18	p	螺旋回环	s	2	s	对称	jxps	jx:图形、抽象与未分类;视觉聚类C18→p;族内视觉组S2;组状态首选s;采用首选→s	false	0.341994	0.4167	0.1784	1	0.0831	0.9349	0.7057	30_项目/个人Unicode音型输入法/数据/𓆟Egyptian Hieroglyph字块.md	machine-initial-v3	visual-balanced-4prefix-v3
𓎅	U+13385	EGYPTIAN HIEROGLYPH V019	V019	jx	14	f	人物轮廓	s	0	s	对称	jxfs	jx:图形、抽象与未分类;视觉聚类C14→f;族内视觉组S0;组状态首选s;采用首选→s	false	0.899033	0.9412	0.1344	1	0.0797	0.9747	0.8595	30_项目/个人Unicode音型输入法/数据/𓆟Egyptian Hieroglyph字块.md	machine-initial-v3	visual-balanced-4prefix-v3
𓎆	U+13386	EGYPTIAN HIEROGLYPH V020	V020	jx	15	u	容器U形	s	0	o	外包	jxuo	jx:图形、抽象与未分类;视觉聚类C15→u;族内视觉组S0;组状态首选s;唯一键平衡→o	true	1.154629	0.9730	0.1261	1	0.0000	0.9670	0.8423	30_项目/个人Unicode音型输入法/数据/𓆟Egyptian Hieroglyph字块.md	machine-initial-v3	visual-balanced-4prefix-v3
𓎇	U+13387	EGYPTIAN HIEROGLYPH V020A	V020a	jx	23	h	枝杈	s	0	s	对称	jxhs	jx:图形、抽象与未分类;视觉聚类C23→h;族内视觉组S0;组状态首选s;采用首选→s	false	0.469204	0.5455	0.1397	2	0.0000	0.9630	0.8266	30_项目/个人Unicode音型输入法/数据/𓆟Egyptian Hieroglyph字块.md	machine-initial-v3	visual-balanced-4prefix-v3
𓎈	U+13388	EGYPTIAN HIEROGLYPH V020B	V020b	jx	0	x	交叉	s	1	m	重复多部件	jxxm	jx:图形、抽象与未分类;视觉聚类C0→x;族内视觉组S1;组状态首选s;唯一键平衡→m	true	1.067967	1.0455	0.1109	3	0.0000	0.9763	0.8046	30_项目/个人Unicode音型输入法/数据/𓆟Egyptian Hieroglyph字块.md	machine-initial-v3	visual-balanced-4prefix-v3
𓎉	U+13389	EGYPTIAN HIEROGLYPH V020C	V020c	jx	0	x	交叉	s	2	z	层叠错列	jxxz	jx:图形、抽象与未分类;视觉聚类C0→x;族内视觉组S2;组状态首选s;唯一键平衡→z	true	1.401252	1.0303	0.1477	4	0.0000	0.9969	0.8168	30_项目/个人Unicode音型输入法/数据/𓆟Egyptian Hieroglyph字块.md	machine-initial-v3	visual-balanced-4prefix-v3
𓎊	U+1338A	EGYPTIAN HIEROGLYPH V020D	V020d	jx	22	s	方框	s	0	m	重复多部件	jxsm	jx:图形、抽象与未分类;视觉聚类C22→s;族内视觉组S0;组状态首选s;唯一键平衡→m	true	0.490415	1.5303	0.1253	5	0.0000	0.9850	0.7861	30_项目/个人Unicode音型输入法/数据/𓆟Egyptian Hieroglyph字块.md	machine-initial-v3	visual-balanced-4prefix-v3
𓎋	U+1338B	EGYPTIAN HIEROGLYPH V020E	V020e	jx	22	s	方框	s	0	m	重复多部件	jxsm	jx:图形、抽象与未分类;视觉聚类C22→s;族内视觉组S0;组状态首选s;唯一键平衡→m	true	0.563369	1.5303	0.1485	6	0.0000	0.9892	0.8128	30_项目/个人Unicode音型输入法/数据/𓆟Egyptian Hieroglyph字块.md	machine-initial-v3	visual-balanced-4prefix-v3
𓎌	U+1338C	EGYPTIAN HIEROGLYPH V020F	V020f	jx	22	s	方框	s	0	m	重复多部件	jxsm	jx:图形、抽象与未分类;视觉聚类C22→s;族内视觉组S0;组状态首选s;唯一键平衡→m	true	0.257079	1.9697	0.1362	7	0.0000	0.9601	0.7783	30_项目/个人Unicode音型输入法/数据/𓆟Egyptian Hieroglyph字块.md	machine-initial-v3	visual-balanced-4prefix-v3
𓎍	U+1338D	EGYPTIAN HIEROGLYPH V020G	V020g	jx	22	s	方框	s	0	m	重复多部件	jxsm	jx:图形、抽象与未分类;视觉聚类C22→s;族内视觉组S0;组状态首选s;唯一键平衡→m	true	0.243112	1.9697	0.1522	8	0.0000	0.9538	0.8121	30_项目/个人Unicode音型输入法/数据/𓆟Egyptian Hieroglyph字块.md	machine-initial-v3	visual-balanced-4prefix-v3
𓎎	U+1338E	EGYPTIAN HIEROGLYPH V020H	V020h	jx	9	o	圆环	s	0	x	穿过交叠	jxox	jx:图形、抽象与未分类;视觉聚类C9→o;族内视觉组S0;组状态首选s;唯一键平衡→x	true	1.085005	1.0521	0.1550	9	0.0000	0.9992	0.7993	30_项目/个人Unicode音型输入法/数据/𓆟Egyptian Hieroglyph字块.md	machine-initial-v3	visual-balanced-4prefix-v3
𓎏	U+1338F	EGYPTIAN HIEROGLYPH V020I	V020i	jx	11	w	波浪流线	s	2	s	对称	jxws	jx:图形、抽象与未分类;视觉聚类C11→w;族内视觉组S2;组状态首选s;采用首选→s	false	0.502068	2.0270	0.1211	2	0.0000	0.9611	0.8486	30_项目/个人Unicode音型输入法/数据/𓆟Egyptian Hieroglyph字块.md	machine-initial-v3	visual-balanced-4prefix-v3
𓎐	U+13390	EGYPTIAN HIEROGLYPH V020J	V020j	jx	4	n	成列成排	h	1	s	对称	jxns	jx:图形、抽象与未分类;视觉聚类C4→n;族内视觉组S1;组状态首选h;唯一键平衡→s	true	0.267885	2.7297	0.1349	3	0.0000	0.9909	0.8282	30_项目/个人Unicode音型输入法/数据/𓆟Egyptian Hieroglyph字块.md	machine-initial-v3	visual-balanced-4prefix-v3
𓎑	U+13391	EGYPTIAN HIEROGLYPH V020K	V020k	jx	1	l	线条	h	3	w	宽展	jxlw	jx:图形、抽象与未分类;视觉聚类C1→l;族内视觉组S3;组状态首选h;唯一键平衡→w	true	0.121762	3.5135	0.1376	4	0.0000	0.9576	0.8287	30_项目/个人Unicode音型输入法/数据/𓆟Egyptian Hieroglyph字块.md	machine-initial-v3	visual-balanced-4prefix-v3
𓎒	U+13392	EGYPTIAN HIEROGLYPH V020L	V020l	jx	1	l	线条	s	0	s	对称	jxls	jx:图形、抽象与未分类;视觉聚类C1→l;族内视觉组S0;组状态首选s;采用首选→s	false	0.104112	3.5135	0.1576	5	0.0000	0.9451	0.8079	30_项目/个人Unicode音型输入法/数据/𓆟Egyptian Hieroglyph字块.md	machine-initial-v3	visual-balanced-4prefix-v3
𓎓	U+13393	EGYPTIAN HIEROGLYPH V021	V021	jx	18	p	螺旋回环	s	1	o	外包	jxpo	jx:图形、抽象与未分类;视觉聚类C18→p;族内视觉组S1;组状态首选s;唯一键平衡→o	true	0.665891	1.0521	0.1217	1	0.0604	0.8014	0.8449	30_项目/个人Unicode音型输入法/数据/𓆟Egyptian Hieroglyph字块.md	machine-initial-v3	visual-balanced-4prefix-v3
𓎔	U+13394	EGYPTIAN HIEROGLYPH V022	V022	jx	17	j	钩弯	s	1	s	对称	jxjs	jx:图形、抽象与未分类;视觉聚类C17→j;族内视觉组S1;组状态首选s;采用首选→s	false	0.331359	1.5303	0.0833	1	0.0555	0.8884	0.8467	30_项目/个人Unicode音型输入法/数据/𓆟Egyptian Hieroglyph字块.md	machine-initial-v3	visual-balanced-4prefix-v3
𓎕	U+13395	EGYPTIAN HIEROGLYPH V023	V023	jx	17	j	钩弯	s	0	q	倾斜	jxjq	jx:图形、抽象与未分类;视觉聚类C17→j;族内视觉组S0;组状态首选s;唯一键平衡→q	true	0.289771	1.5303	0.0807	1	0.0849	0.8710	0.8470	30_项目/个人Unicode音型输入法/数据/𓆟Egyptian Hieroglyph字块.md	machine-initial-v3	visual-balanced-4prefix-v3
𓎖	U+13396	EGYPTIAN HIEROGLYPH V023A	V023a	jx	17	j	钩弯	s	0	q	倾斜	jxjq	jx:图形、抽象与未分类;视觉聚类C17→j;族内视觉组S0;组状态首选s;唯一键平衡→q	true	0.337403	2.0667	0.1097	1	0.0614	0.8695	0.7849	30_项目/个人Unicode音型输入法/数据/𓆟Egyptian Hieroglyph字块.md	machine-initial-v3	visual-balanced-4prefix-v3
𓎗	U+13397	EGYPTIAN HIEROGLYPH V024	V024	jx	3	i	细柱	s	1	v	纵向	jxiv	jx:图形、抽象与未分类;视觉聚类C3→i;族内视觉组S1;组状态首选s;唯一键平衡→v	true	0.138336	0.3229	0.1102	1	0.0914	0.9758	0.8804	30_项目/个人Unicode音型输入法/数据/𓆟Egyptian Hieroglyph字块.md	machine-initial-v3	visual-balanced-4prefix-v3
𓎘	U+13398	EGYPTIAN HIEROGLYPH V025	V025	jx	24	c	曲弧	s	0	s	对称	jxcs	jx:图形、抽象与未分类;视觉聚类C24→c;族内视觉组S0;组状态首选s;采用首选→s	false	0.160378	0.3958	0.1042	1	0.0757	0.8158	0.8443	30_项目/个人Unicode音型输入法/数据/𓆟Egyptian Hieroglyph字块.md	machine-initial-v3	visual-balanced-4prefix-v3
𓎙	U+13399	EGYPTIAN HIEROGLYPH V026	V026	jx	1	l	线条	h	2	h	横向	jxlh	jx:图形、抽象与未分类;视觉聚类C1→l;族内视觉组S2;组状态首选h;采用首选→h	false	0.185924	3.7407	0.1768	1	0.2472	0.9927	0.8856	30_项目/个人Unicode音型输入法/数据/𓆟Egyptian Hieroglyph字块.md	machine-initial-v3	visual-balanced-4prefix-v3
𓎚	U+1339A	EGYPTIAN HIEROGLYPH V027	V027	jx	19	a	角折	s	0	s	对称	jxas	jx:图形、抽象与未分类;视觉聚类C19→a;族内视觉组S0;组状态首选s;采用首选→s	false	0.174042	4.5909	0.1733	1	0.0000	1.0000	0.9217	30_项目/个人Unicode音型输入法/数据/𓆟Egyptian Hieroglyph字块.md	machine-initial-v3	visual-balanced-4prefix-v3
𓎛	U+1339B	EGYPTIAN HIEROGLYPH V028	V028	jx	24	c	曲弧	s	0	s	对称	jxcs	jx:图形、抽象与未分类;视觉聚类C24→c;族内视觉组S0;组状态首选s;采用首选→s	false	0.308216	0.4271	0.1636	1	0.0236	0.9619	0.9177	30_项目/个人Unicode音型输入法/数据/𓆟Egyptian Hieroglyph字块.md	machine-initial-v3	visual-balanced-4prefix-v3
𓎜	U+1339C	EGYPTIAN HIEROGLYPH V028A	V028a	jx	11	w	波浪流线	s	1	w	宽展	jxww	jx:图形、抽象与未分类;视觉聚类C11→w;族内视觉组S1;组状态首选s;唯一键平衡→w	true	0.704633	1.0521	0.1211	1	0.0179	0.9577	0.8754	30_项目/个人Unicode音型输入法/数据/𓆟Egyptian Hieroglyph字块.md	machine-initial-v3	visual-balanced-4prefix-v3
𓎝	U+1339D	EGYPTIAN HIEROGLYPH V029	V029	jx	24	c	曲弧	s	0	s	对称	jxcs	jx:图形、抽象与未分类;视觉聚类C24→c;族内视觉组S0;组状态首选s;采用首选→s	false	0.310458	0.5729	0.1288	1	0.0655	0.9780	0.8083	30_项目/个人Unicode音型输入法/数据/𓆟Egyptian Hieroglyph字块.md	machine-initial-v3	visual-balanced-4prefix-v3
𓎞	U+1339E	EGYPTIAN HIEROGLYPH V029A	V029a	jx	2	y	分叉翼形	s	0	s	对称	jxys	jx:图形、抽象与未分类;视觉聚类C2→y;族内视觉组S0;组状态首选s;采用首选→s	false	0.524783	1.0521	0.1157	1	0.0600	0.8465	0.8238	30_项目/个人Unicode音型输入法/数据/𓆟Egyptian Hieroglyph字块.md	machine-initial-v3	visual-balanced-4prefix-v3
𓎟	U+1339F	EGYPTIAN HIEROGLYPH V030	V030	jx	11	w	波浪流线	h	0	h	横向	jxwh	jx:图形、抽象与未分类;视觉聚类C11→w;族内视觉组S0;组状态首选h;采用首选→h	false	0.318387	2.7297	0.1381	1	0.3452	0.9952	0.8170	30_项目/个人Unicode音型输入法/数据/𓆟Egyptian Hieroglyph字块.md	machine-initial-v3	visual-balanced-4prefix-v3
𓎠	U+133A0	EGYPTIAN HIEROGLYPH V030A	V030a	jx	11	w	波浪流线	h	0	h	横向	jxwh	jx:图形、抽象与未分类;视觉聚类C11→w;族内视觉组S0;组状态首选h;采用首选→h	false	0.278313	2.7297	0.1094	1	0.3722	0.9930	0.8416	30_项目/个人Unicode音型输入法/数据/𓆟Egyptian Hieroglyph字块.md	machine-initial-v3	visual-balanced-4prefix-v3
𓎡	U+133A1	EGYPTIAN HIEROGLYPH V031	V031	jx	11	w	波浪流线	h	0	h	横向	jxwh	jx:图形、抽象与未分类;视觉聚类C11→w;族内视觉组S0;组状态首选h;采用首选→h	false	0.288827	2.7297	0.1228	1	0.3497	0.8817	0.8320	30_项目/个人Unicode音型输入法/数据/𓆟Egyptian Hieroglyph字块.md	machine-initial-v3	visual-balanced-4prefix-v3
𓎢	U+133A2	EGYPTIAN HIEROGLYPH V031A	V031a	jx	11	w	波浪流线	h	0	h	横向	jxwh	jx:图形、抽象与未分类;视觉聚类C11→w;族内视觉组S0;组状态首选h;采用首选→h	false	0.284782	2.7297	0.1228	1	0.3497	0.8817	0.8320	30_项目/个人Unicode音型输入法/数据/𓆟Egyptian Hieroglyph字块.md	machine-initial-v3	visual-balanced-4prefix-v3
𓎣	U+133A3	EGYPTIAN HIEROGLYPH V032	V032	jx	1	l	线条	h	2	h	横向	jxlh	jx:图形、抽象与未分类;视觉聚类C1→l;族内视觉组S2;组状态首选h;采用首选→h	false	0.124681	3.0606	0.1659	1	0.0666	0.9754	0.7522	30_项目/个人Unicode音型输入法/数据/𓆟Egyptian Hieroglyph字块.md	machine-initial-v3	visual-balanced-4prefix-v3
𓎤	U+133A4	EGYPTIAN HIEROGLYPH V033	V033	jx	2	y	分叉翼形	s	0	s	对称	jxys	jx:图形、抽象与未分类;视觉聚类C2→y;族内视觉组S0;组状态首选s;采用首选→s	false	0.727445	0.8475	0.1169	1	0.1956	0.7905	0.7905	30_项目/个人Unicode音型输入法/数据/𓆟Egyptian Hieroglyph字块.md	machine-initial-v3	visual-balanced-4prefix-v3
𓎥	U+133A5	EGYPTIAN HIEROGLYPH V033A	V033a	jx	15	u	容器U形	s	0	o	外包	jxuo	jx:图形、抽象与未分类;视觉聚类C15→u;族内视觉组S0;组状态首选s;唯一键平衡→o	true	1.069318	0.8333	0.2245	1	0.1011	0.9906	0.9961	30_项目/个人Unicode音型输入法/数据/𓆟Egyptian Hieroglyph字块.md	machine-initial-v3	visual-balanced-4prefix-v3
𓎦	U+133A6	EGYPTIAN HIEROGLYPH V034	V034	jx	10	t	三角尖形	s	1	c	闭合	jxtc	jx:图形、抽象与未分类;视觉聚类C10→t;族内视觉组S1;组状态首选s;唯一键平衡→c	true	0.537489	0.8333	0.1118	1	0.1466	0.8264	0.8028	30_项目/个人Unicode音型输入法/数据/𓆟Egyptian Hieroglyph字块.md	machine-initial-v3	visual-balanced-4prefix-v3
𓎧	U+133A7	EGYPTIAN HIEROGLYPH V035	V035	jx	8	m	复合	s	0	s	对称	jxms	jx:图形、抽象与未分类;视觉聚类C8→m;族内视觉组S0;组状态首选s;采用首选→s	false	0.588495	0.8400	0.0978	1	0.2053	0.8679	0.8349	30_项目/个人Unicode音型输入法/数据/𓆟Egyptian Hieroglyph字块.md	machine-initial-v3	visual-balanced-4prefix-v3
𓎨	U+133A8	EGYPTIAN HIEROGLYPH V036	V036	jx	13	v	开口V形	s	0	s	对称	jxvs	jx:图形、抽象与未分类;视觉聚类C13→v;族内视觉组S0;组状态首选s;采用首选→s	false	0.474059	0.5729	0.1170	1	0.2375	0.8072	0.9038	30_项目/个人Unicode音型输入法/数据/𓆟Egyptian Hieroglyph字块.md	machine-initial-v3	visual-balanced-4prefix-v3
𓎩	U+133A9	EGYPTIAN HIEROGLYPH V037	V037	jx	22	s	方框	i	1	i	内含	jxsi	jx:图形、抽象与未分类;视觉聚类C22→s;族内视觉组S1;组状态首选i;采用首选→i	false	0.597687	1.1475	0.0937	1	0.3546	0.9457	0.8337	30_项目/个人Unicode音型输入法/数据/𓆟Egyptian Hieroglyph字块.md	machine-initial-v3	visual-balanced-4prefix-v3
𓎪	U+133AA	EGYPTIAN HIEROGLYPH V037A	V037a	jx	7	r	放射星芒	s	0	o	外包	jxro	jx:图形、抽象与未分类;视觉聚类C7→r;族内视觉组S0;组状态首选s;唯一键平衡→o	true	0.631877	1.5303	0.0773	1	0.1851	0.8971	0.8551	30_项目/个人Unicode音型输入法/数据/𓆟Egyptian Hieroglyph字块.md	machine-initial-v3	visual-balanced-4prefix-v3
𓎫	U+133AB	EGYPTIAN HIEROGLYPH V038	V038	jx	10	t	三角尖形	s	3	s	对称	jxts	jx:图形、抽象与未分类;视觉聚类C10→t;族内视觉组S3;组状态首选s;采用首选→s	false	0.211092	0.4583	0.1035	1	0.4013	0.9863	0.9673	30_项目/个人Unicode音型输入法/数据/𓆟Egyptian Hieroglyph字块.md	machine-initial-v3	visual-balanced-4prefix-v3
𓎬	U+133AC	EGYPTIAN HIEROGLYPH V039	V039	jx	12	k	绳结	s	0	s	对称	jxks	jx:图形、抽象与未分类;视觉聚类C12→k;族内视觉组S0;组状态首选s;采用首选→s	false	0.284459	0.5208	0.2281	1	0.0823	0.9738	0.7254	30_项目/个人Unicode音型输入法/数据/𓆟Egyptian Hieroglyph字块.md	machine-initial-v3	visual-balanced-4prefix-v3
𓎭	U+133AD	EGYPTIAN HIEROGLYPH V040	V040	jx	9	o	圆环	s	2	o	外包	jxoo	jx:图形、抽象与未分类;视觉聚类C9→o;族内视觉组S2;组状态首选s;唯一键平衡→o	true	1.567263	1.0811	0.1399	1	0.0000	0.8365	0.9892	30_项目/个人Unicode音型输入法/数据/𓆟Egyptian Hieroglyph字块.md	machine-initial-v3	visual-balanced-4prefix-v3
𓎮	U+133AE	EGYPTIAN HIEROGLYPH V040A	V040a	jx	11	w	波浪流线	p	3	p	成对	jxwp	jx:图形、抽象与未分类;视觉聚类C11→w;族内视觉组S3;组状态首选p;采用首选→p	false	0.686595	2.0000	0.1505	2	0.0000	0.8262	0.9898	30_项目/个人Unicode音型输入法/数据/𓆟Egyptian Hieroglyph字块.md	machine-initial-v3	visual-balanced-4prefix-v3
𓎯	U+133AF	EGYPTIAN HIEROGLYPH W001	W001	jx	10	t	三角尖形	s	0	o	外包	jxto	jx:图形、抽象与未分类;视觉聚类C10→t;族内视觉组S0;组状态首选s;唯一键平衡→o	true	0.315242	0.7292	0.1125	1	0.1798	0.9815	0.8125	30_项目/个人Unicode音型输入法/数据/𓆟Egyptian Hieroglyph字块.md	machine-initial-v3	visual-balanced-4prefix-v3
𓎰	U+133B0	EGYPTIAN HIEROGLYPH W002	W002	jx	10	t	三角尖形	s	0	o	外包	jxto	jx:图形、抽象与未分类;视觉聚类C10→t;族内视觉组S0;组状态首选s;唯一键平衡→o	true	0.274140	0.7292	0.0991	1	0.1896	0.9827	0.8304	30_项目/个人Unicode音型输入法/数据/𓆟Egyptian Hieroglyph字块.md	machine-initial-v3	visual-balanced-4prefix-v3
𓎱	U+133B1	EGYPTIAN HIEROGLYPH W003	W003	jx	19	a	角折	s	1	w	宽展	jxaw	jx:图形、抽象与未分类;视觉聚类C19→a;族内视觉组S1;组状态首选s;唯一键平衡→w	true	0.462116	2.2444	0.1479	1	0.1509	0.9837	0.8046	30_项目/个人Unicode音型输入法/数据/𓆟Egyptian Hieroglyph字块.md	machine-initial-v3	visual-balanced-4prefix-v3
𓎲	U+133B2	EGYPTIAN HIEROGLYPH W003A	W003a	jx	11	w	波浪流线	h	0	h	横向	jxwh	jx:图形、抽象与未分类;视觉聚类C11→w;族内视觉组S0;组状态首选h;采用首选→h	false	0.253678	2.7297	0.1335	1	0.1378	0.9845	0.8491	30_项目/个人Unicode音型输入法/数据/𓆟Egyptian Hieroglyph字块.md	machine-initial-v3	visual-balanced-4prefix-v3
𓎳	U+133B3	EGYPTIAN HIEROGLYPH W004	W004	jx	9	o	圆环	s	0	x	穿过交叠	jxox	jx:图形、抽象与未分类;视觉聚类C9→o;族内视觉组S0;组状态首选s;唯一键平衡→x	true	0.590367	1.0521	0.1622	1	0.1884	0.9926	0.8661	30_项目/个人Unicode音型输入法/数据/𓆟Egyptian Hieroglyph字块.md	machine-initial-v3	visual-balanced-4prefix-v3
𓎴	U+133B4	EGYPTIAN HIEROGLYPH W005	W005	jx	12	k	绳结	s	0	s	对称	jxks	jx:图形、抽象与未分类;视觉聚类C12→k;族内视觉组S0;组状态首选s;采用首选→s	false	0.553183	1.2625	0.1345	1	0.0729	0.9881	0.8017	30_项目/个人Unicode音型输入法/数据/𓆟Egyptian Hieroglyph字块.md	machine-initial-v3	visual-balanced-4prefix-v3
𓎵	U+133B5	EGYPTIAN HIEROGLYPH W006	W006	jx	22	s	方框	s	2	s	对称	jxss	jx:图形、抽象与未分类;视觉聚类C22→s;族内视觉组S2;组状态首选s;采用首选→s	false	0.700515	1.4286	0.1292	1	0.2974	0.9796	0.8332	30_项目/个人Unicode音型输入法/数据/𓆟Egyptian Hieroglyph字块.md	machine-initial-v3	visual-balanced-4prefix-v3
𓎶	U+133B6	EGYPTIAN HIEROGLYPH W007	W007	jx	13	v	开口V形	s	0	s	对称	jxvs	jx:图形、抽象与未分类;视觉聚类C13→v;族内视觉组S0;组状态首选s;采用首选→s	false	0.722342	1.3725	0.1067	1	0.3216	0.9950	0.8471	30_项目/个人Unicode音型输入法/数据/𓆟Egyptian Hieroglyph字块.md	machine-initial-v3	visual-balanced-4prefix-v3
𓎷	U+133B7	EGYPTIAN HIEROGLYPH W008	W008	jx	4	n	成列成排	h	0	h	横向	jxnh	jx:图形、抽象与未分类;视觉聚类C4→n;族内视觉组S0;组状态首选h;采用首选→h	false	0.168370	2.7297	0.1279	1	0.3559	0.9904	0.9047	30_项目/个人Unicode音型输入法/数据/𓆟Egyptian Hieroglyph字块.md	machine-initial-v3	visual-balanced-4prefix-v3
𓎸	U+133B8	EGYPTIAN HIEROGLYPH W009	W009	jx	20	e	椭圆	s	1	s	对称	jxes	jx:图形、抽象与未分类;视觉聚类C20→e;族内视觉组S1;组状态首选s;采用首选→s	false	0.573169	0.8333	0.1501	1	0.2590	0.7978	0.7835	30_项目/个人Unicode音型输入法/数据/𓆟Egyptian Hieroglyph字块.md	machine-initial-v3	visual-balanced-4prefix-v3
𓎹	U+133B9	EGYPTIAN HIEROGLYPH W009A	W009a	jx	20	e	椭圆	s	1	s	对称	jxes	jx:图形、抽象与未分类;视觉聚类C20→e;族内视觉组S1;组状态首选s;采用首选→s	false	0.629150	0.8333	0.1512	1	0.2590	0.8055	0.7802	30_项目/个人Unicode音型输入法/数据/𓆟Egyptian Hieroglyph字块.md	machine-initial-v3	visual-balanced-4prefix-v3
𓎺	U+133BA	EGYPTIAN HIEROGLYPH W010	W010	jx	0	x	交叉	s	3	s	对称	jxxs	jx:图形、抽象与未分类;视觉聚类C0→x;族内视觉组S3;组状态首选s;采用首选→s	false	1.068207	1.2791	0.1091	1	0.3552	0.9848	0.8300	30_项目/个人Unicode音型输入法/数据/𓆟Egyptian Hieroglyph字块.md	machine-initial-v3	visual-balanced-4prefix-v3
𓎻	U+133BB	EGYPTIAN HIEROGLYPH W010A	W010a	jx	0	x	交叉	s	0	o	外包	jxxo	jx:图形、抽象与未分类;视觉聚类C0→x;族内视觉组S0;组状态首选s;唯一键平衡→o	true	1.079586	1.1458	0.1083	1	0.2496	0.8500	0.8136	30_项目/个人Unicode音型输入法/数据/𓆟Egyptian Hieroglyph字块.md	machine-initial-v3	visual-balanced-4prefix-v3
𓎼	U+133BC	EGYPTIAN HIEROGLYPH W011	W011	jx	7	r	放射星芒	s	1	s	对称	jxrs	jx:图形、抽象与未分类;视觉聚类C7→r;族内视觉组S1;组状态首选s;采用首选→s	false	1.415610	1.1000	0.1491	2	0.3335	0.9738	0.8182	30_项目/个人Unicode音型输入法/数据/𓆟Egyptian Hieroglyph字块.md	machine-initial-v3	visual-balanced-4prefix-v3
𓎽	U+133BD	EGYPTIAN HIEROGLYPH W012	W012	jx	7	r	放射星芒	s	1	s	对称	jxrs	jx:图形、抽象与未分类;视觉聚类C7→r;族内视觉组S1;组状态首选s;采用首选→s	false	1.611656	1.0784	0.1939	1	0.2449	0.9936	0.7576	30_项目/个人Unicode音型输入法/数据/𓆟Egyptian Hieroglyph字块.md	machine-initial-v3	visual-balanced-4prefix-v3
𓎾	U+133BE	EGYPTIAN HIEROGLYPH W013	W013	jx	15	u	容器U形	s	2	s	对称	jxus	jx:图形、抽象与未分类;视觉聚类C15→u;族内视觉组S2;组状态首选s;采用首选→s	false	0.902638	1.0784	0.1020	1	0.3775	0.9786	0.8453	30_项目/个人Unicode音型输入法/数据/𓆟Egyptian Hieroglyph字块.md	machine-initial-v3	visual-balanced-4prefix-v3
𓎿	U+133BF	EGYPTIAN HIEROGLYPH W014	W014	jx	18	p	螺旋回环	s	2	s	对称	jxps	jx:图形、抽象与未分类;视觉聚类C18→p;族内视觉组S2;组状态首选s;采用首选→s	false	0.314443	0.4062	0.1416	1	0.2647	0.9476	0.7714	30_项目/个人Unicode音型输入法/数据/𓆟Egyptian Hieroglyph字块.md	machine-initial-v3	visual-balanced-4prefix-v3
𓏀	U+133C0	EGYPTIAN HIEROGLYPH W014A	W014a	jx	15	u	容器U形	s	2	s	对称	jxus	jx:图形、抽象与未分类;视觉聚类C15→u;族内视觉组S2;组状态首选s;采用首选→s	false	0.789930	1.0521	0.1238	3	0.0550	0.8835	0.8164	30_项目/个人Unicode音型输入法/数据/𓆟Egyptian Hieroglyph字块.md	machine-initial-v3	visual-balanced-4prefix-v3
𓏁	U+133C1	EGYPTIAN HIEROGLYPH W015	W015	jx	7	r	放射星芒	s	0	o	外包	jxro	jx:图形、抽象与未分类;视觉聚类C7→r;族内视觉组S0;组状态首选s;唯一键平衡→o	true	0.621929	0.5729	0.1356	1	0.1633	0.7761	0.7689	30_项目/个人Unicode音型输入法/数据/𓆟Egyptian Hieroglyph字块.md	machine-initial-v3	visual-balanced-4prefix-v3
𓏂	U+133C2	EGYPTIAN HIEROGLYPH W016	W016	jx	12	k	绳结	s	1	o	外包	jxko	jx:图形、抽象与未分类;视觉聚类C12→k;族内视觉组S1;组状态首选s;唯一键平衡→o	true	0.392558	0.7292	0.1393	1	0.1119	0.7810	0.7774	30_项目/个人Unicode音型输入法/数据/𓆟Egyptian Hieroglyph字块.md	machine-initial-v3	visual-balanced-4prefix-v3
𓏃	U+133C3	EGYPTIAN HIEROGLYPH W017	W017	jx	7	r	放射星芒	s	0	o	外包	jxro	jx:图形、抽象与未分类;视觉聚类C7→r;族内视觉组S0;组状态首选s;唯一键平衡→o	true	0.705662	0.8854	0.1931	1	0.0891	0.9333	0.7417	30_项目/个人Unicode音型输入法/数据/𓆟Egyptian Hieroglyph字块.md	machine-initial-v3	visual-balanced-4prefix-v3
𓏄	U+133C4	EGYPTIAN HIEROGLYPH W017A	W017a	jx	9	o	圆环	s	0	x	穿过交叠	jxox	jx:图形、抽象与未分类;视觉聚类C9→o;族内视觉组S0;组状态首选s;唯一键平衡→x	true	1.233050	1.0521	0.1642	1	0.0234	0.9812	0.8907	30_项目/个人Unicode音型输入法/数据/𓆟Egyptian Hieroglyph字块.md	machine-initial-v3	visual-balanced-4prefix-v3
𓏅	U+133C5	EGYPTIAN HIEROGLYPH W018	W018	jx	9	o	圆环	s	1	c	闭合	jxoc	jx:图形、抽象与未分类;视觉聚类C9→o;族内视觉组S1;组状态首选s;唯一键平衡→c	true	0.937959	1.0521	0.2130	1	0.0450	0.9623	0.7168	30_项目/个人Unicode音型输入法/数据/𓆟Egyptian Hieroglyph字块.md	machine-initial-v3	visual-balanced-4prefix-v3
𓏆	U+133C6	EGYPTIAN HIEROGLYPH W018A	W018a	jx	9	o	圆环	s	1	c	闭合	jxoc	jx:图形、抽象与未分类;视觉聚类C9→o;族内视觉组S1;组状态首选s;唯一键平衡→c	true	1.476882	1.0521	0.1860	1	0.0197	0.9313	0.8822	30_项目/个人Unicode音型输入法/数据/𓆟Egyptian Hieroglyph字块.md	machine-initial-v3	visual-balanced-4prefix-v3
𓏇	U+133C7	EGYPTIAN HIEROGLYPH W019	W019	jx	16	d	点状	s	0	s	对称	jxds	jx:图形、抽象与未分类;视觉聚类C16→d;族内视觉组S0;组状态首选s;采用首选→s	false	0.203791	0.4896	0.1392	1	0.1547	0.9366	0.8005	30_项目/个人Unicode音型输入法/数据/𓆟Egyptian Hieroglyph字块.md	machine-initial-v3	visual-balanced-4prefix-v3
𓏈	U+133C8	EGYPTIAN HIEROGLYPH W020	W020	jx	10	t	三角尖形	s	1	c	闭合	jxtc	jx:图形、抽象与未分类;视觉聚类C10→t;族内视觉组S1;组状态首选s;唯一键平衡→c	true	0.331799	0.5729	0.1271	1	0.0555	0.9758	0.7701	30_项目/个人Unicode音型输入法/数据/𓆟Egyptian Hieroglyph字块.md	machine-initial-v3	visual-balanced-4prefix-v3
𓏉	U+133C9	EGYPTIAN HIEROGLYPH W021	W021	jx	7	r	放射星芒	s	1	s	对称	jxrs	jx:图形、抽象与未分类;视觉聚类C7→r;族内视觉组S1;组状态首选s;采用首选→s	false	1.532815	1.0784	0.2011	1	0.0321	0.8952	0.7554	30_项目/个人Unicode音型输入法/数据/𓆟Egyptian Hieroglyph字块.md	machine-initial-v3	visual-balanced-4prefix-v3
𓏊	U+133CA	EGYPTIAN HIEROGLYPH W022	W022	jx	20	e	椭圆	i	0	i	内含	jxei	jx:图形、抽象与未分类;视觉聚类C20→e;族内视觉组S0;组状态首选i;采用首选→i	false	0.744780	0.7843	0.1652	1	0.2029	0.9618	0.7755	30_项目/个人Unicode音型输入法/数据/𓆟Egyptian Hieroglyph字块.md	machine-initial-v3	visual-balanced-4prefix-v3
𓏋	U+133CB	EGYPTIAN HIEROGLYPH W023	W023	jx	15	u	容器U形	s	0	o	外包	jxuo	jx:图形、抽象与未分类;视觉聚类C15→u;族内视觉组S0;组状态首选s;唯一键平衡→o	true	0.799018	1.0784	0.1205	1	0.2724	0.9715	0.8660	30_项目/个人Unicode音型输入法/数据/𓆟Egyptian Hieroglyph字块.md	machine-initial-v3	visual-balanced-4prefix-v3
𓏌	U+133CC	EGYPTIAN HIEROGLYPH W024	W024	jx	9	o	圆环	s	2	o	外包	jxoo	jx:图形、抽象与未分类;视觉聚类C9→o;族内视觉组S2;组状态首选s;唯一键平衡→o	true	1.089677	1.0000	0.1344	1	0.3316	0.9840	0.8432	30_项目/个人Unicode音型输入法/数据/𓆟Egyptian Hieroglyph字块.md	machine-initial-v3	visual-balanced-4prefix-v3
𓏍	U+133CD	EGYPTIAN HIEROGLYPH W024A	W024a	jx	4	n	成列成排	h	1	s	对称	jxns	jx:图形、抽象与未分类;视觉聚类C4→n;族内视觉组S1;组状态首选h;唯一键平衡→s	true	0.154369	2.6000	0.1520	3	0.1228	0.9692	0.8129	30_项目/个人Unicode音型输入法/数据/𓆟Egyptian Hieroglyph字块.md	machine-initial-v3	visual-balanced-4prefix-v3
𓏎	U+133CE	EGYPTIAN HIEROGLYPH W025	W025	jx	23	h	枝杈	s	0	s	对称	jxhs	jx:图形、抽象与未分类;视觉聚类C23→h;族内视觉组S0;组状态首选s;采用首选→s	false	0.208643	0.5625	0.1537	1	0.0828	0.7558	0.7890	30_项目/个人Unicode音型输入法/数据/𓆟Egyptian Hieroglyph字块.md	machine-initial-v3	visual-balanced-4prefix-v3
𓏏	U+133CF	EGYPTIAN HIEROGLYPH X001	X001	jx	11	w	波浪流线	s	1	w	宽展	jxww	jx:图形、抽象与未分类;视觉聚类C11→w;族内视觉组S1;组状态首选s;唯一键平衡→w	true	0.532237	2.1600	0.1504	1	0.2096	0.9926	0.8059	30_项目/个人Unicode音型输入法/数据/𓆟Egyptian Hieroglyph字块.md	machine-initial-v3	visual-balanced-4prefix-v3
𓏐	U+133D0	EGYPTIAN HIEROGLYPH X002	X002	jx	20	e	椭圆	i	0	i	内含	jxei	jx:图形、抽象与未分类;视觉聚类C20→e;族内视觉组S0;组状态首选i;采用首选→i	false	0.522998	0.7966	0.1259	1	0.2178	0.9906	0.8038	30_项目/个人Unicode音型输入法/数据/𓆟Egyptian Hieroglyph字块.md	machine-initial-v3	visual-balanced-4prefix-v3
𓏑	U+133D1	EGYPTIAN HIEROGLYPH X003	X003	jx	20	e	椭圆	i	0	i	内含	jxei	jx:图形、抽象与未分类;视觉聚类C20→e;族内视觉组S0;组状态首选i;采用首选→i	false	0.490701	0.7833	0.1067	1	0.3706	0.9872	0.8362	30_项目/个人Unicode音型输入法/数据/𓆟Egyptian Hieroglyph字块.md	machine-initial-v3	visual-balanced-4prefix-v3
𓏒	U+133D2	EGYPTIAN HIEROGLYPH X004	X004	jx	4	n	成列成排	h	1	s	对称	jxns	jx:图形、抽象与未分类;视觉聚类C4→n;族内视觉组S1;组状态首选h;唯一键平衡→s	true	0.182228	2.8857	0.1644	1	0.2110	0.9762	0.9440	30_项目/个人Unicode音型输入法/数据/𓆟Egyptian Hieroglyph字块.md	machine-initial-v3	visual-balanced-4prefix-v3
𓏓	U+133D3	EGYPTIAN HIEROGLYPH X004A	X004a	jx	4	n	成列成排	h	0	h	横向	jxnh	jx:图形、抽象与未分类;视觉聚类C4→n;族内视觉组S0;组状态首选h;采用首选→h	false	0.261519	2.7297	0.1876	1	0.2596	0.9952	0.9770	30_项目/个人Unicode音型输入法/数据/𓆟Egyptian Hieroglyph字块.md	machine-initial-v3	visual-balanced-4prefix-v3
𓏔	U+133D4	EGYPTIAN HIEROGLYPH X004B	X004b	jx	4	n	成列成排	h	1	s	对称	jxns	jx:图形、抽象与未分类;视觉聚类C4→n;族内视觉组S1;组状态首选h;唯一键平衡→s	true	0.174868	2.8857	0.1380	1	0.4733	0.9983	0.9593	30_项目/个人Unicode音型输入法/数据/𓆟Egyptian Hieroglyph字块.md	machine-initial-v3	visual-balanced-4prefix-v3
𓏕	U+133D5	EGYPTIAN HIEROGLYPH X005	X005	jx	11	w	波浪流线	s	1	w	宽展	jxww	jx:图形、抽象与未分类;视觉聚类C11→w;族内视觉组S1;组状态首选s;唯一键平衡→w	true	0.285426	2.7297	0.1161	1	0.2756	0.9133	0.7881	30_项目/个人Unicode音型输入法/数据/𓆟Egyptian Hieroglyph字块.md	machine-initial-v3	visual-balanced-4prefix-v3
𓏖	U+133D6	EGYPTIAN HIEROGLYPH X006	X006	jx	9	o	圆环	s	1	c	闭合	jxoc	jx:图形、抽象与未分类;视觉聚类C9→o;族内视觉组S1;组状态首选s;唯一键平衡→c	true	0.837315	1.1961	0.1318	1	0.3629	0.9698	0.9126	30_项目/个人Unicode音型输入法/数据/𓆟Egyptian Hieroglyph字块.md	machine-initial-v3	visual-balanced-4prefix-v3
𓏗	U+133D7	EGYPTIAN HIEROGLYPH X006A	X006a	jx	9	o	圆环	s	1	c	闭合	jxoc	jx:图形、抽象与未分类;视觉聚类C9→o;族内视觉组S1;组状态首选s;唯一键平衡→c	true	1.084141	1.0784	0.1661	1	0.3376	0.9344	0.9244	30_项目/个人Unicode音型输入法/数据/𓆟Egyptian Hieroglyph字块.md	machine-initial-v3	visual-balanced-4prefix-v3
𓏘	U+133D8	EGYPTIAN HIEROGLYPH X007	X007	jx	8	m	复合	s	0	s	对称	jxms	jx:图形、抽象与未分类;视觉聚类C8→m;族内视觉组S0;组状态首选s;采用首选→s	false	0.936862	0.9216	0.1068	1	0.2403	0.8481	0.8798	30_项目/个人Unicode音型输入法/数据/𓆟Egyptian Hieroglyph字块.md	machine-initial-v3	visual-balanced-4prefix-v3
𓏙	U+133D9	EGYPTIAN HIEROGLYPH X008	X008	jx	10	t	三角尖形	s	3	s	对称	jxts	jx:图形、抽象与未分类;视觉聚类C10→t;族内视觉组S3;组状态首选s;采用首选→s	false	0.251203	0.5729	0.1153	1	0.2305	0.9792	0.8011	30_项目/个人Unicode音型输入法/数据/𓆟Egyptian Hieroglyph字块.md	machine-initial-v3	visual-balanced-4prefix-v3
𓏚	U+133DA	EGYPTIAN HIEROGLYPH X008A	X008a	jx	10	t	三角尖形	s	3	s	对称	jxts	jx:图形、抽象与未分类;视觉聚类C10→t;族内视觉组S3;组状态首选s;采用首选→s	false	0.192147	0.5729	0.0879	1	0.2858	0.9841	0.8371	30_项目/个人Unicode音型输入法/数据/𓆟Egyptian Hieroglyph字块.md	machine-initial-v3	visual-balanced-4prefix-v3
𓏛	U+133DB	EGYPTIAN HIEROGLYPH Y001	Y001	jx	19	a	角折	s	1	w	宽展	jxaw	jx:图形、抽象与未分类;视觉聚类C19→a;族内视觉组S1;组状态首选s;唯一键平衡→w	true	0.209525	3.0606	0.1509	1	0.2295	0.9838	0.7684	30_项目/个人Unicode音型输入法/数据/𓆟Egyptian Hieroglyph字块.md	machine-initial-v3	visual-balanced-4prefix-v3
𓏜	U+133DC	EGYPTIAN HIEROGLYPH Y001A	Y001a	jx	16	d	点状	s	0	s	对称	jxds	jx:图形、抽象与未分类;视觉聚类C16→d;族内视觉组S0;组状态首选s;采用首选→s	false	0.150048	0.3854	0.1410	1	0.2103	0.7849	0.9825	30_项目/个人Unicode音型输入法/数据/𓆟Egyptian Hieroglyph字块.md	machine-initial-v3	visual-balanced-4prefix-v3
𓏝	U+133DD	EGYPTIAN HIEROGLYPH Y002	Y002	jx	19	a	角折	s	0	s	对称	jxas	jx:图形、抽象与未分类;视觉聚类C19→a;族内视觉组S0;组状态首选s;采用首选→s	false	0.193109	3.3667	0.1442	1	0.2525	0.9980	0.7551	30_项目/个人Unicode音型输入法/数据/𓆟Egyptian Hieroglyph字块.md	machine-initial-v3	visual-balanced-4prefix-v3
𓏞	U+133DE	EGYPTIAN HIEROGLYPH Y003	Y003	jx	15	u	容器U形	s	0	o	外包	jxuo	jx:图形、抽象与未分类;视觉聚类C15→u;族内视觉组S0;组状态首选s;唯一键平衡→o	true	0.856320	0.8854	0.1732	3	0.1005	0.7255	0.7944	30_项目/个人Unicode音型输入法/数据/𓆟Egyptian Hieroglyph字块.md	machine-initial-v3	visual-balanced-4prefix-v3
𓏟	U+133DF	EGYPTIAN HIEROGLYPH Y004	Y004	jx	15	u	容器U形	s	1	x	穿过交叠	jxux	jx:图形、抽象与未分类;视觉聚类C15→u;族内视觉组S1;组状态首选s;唯一键平衡→x	true	0.725977	0.8854	0.1641	3	0.0956	0.7380	0.7924	30_项目/个人Unicode音型输入法/数据/𓆟Egyptian Hieroglyph字块.md	machine-initial-v3	visual-balanced-4prefix-v3
𓏠	U+133E0	EGYPTIAN HIEROGLYPH Y005	Y005	jx	4	n	成列成排	h	1	s	对称	jxns	jx:图形、抽象与未分类;视觉聚类C4→n;族内视觉组S1;组状态首选h;唯一键平衡→s	true	0.254564	2.7297	0.1482	1	0.3867	0.9989	0.7795	30_项目/个人Unicode音型输入法/数据/𓆟Egyptian Hieroglyph字块.md	machine-initial-v3	visual-balanced-4prefix-v3
𓏡	U+133E1	EGYPTIAN HIEROGLYPH Y006	Y006	jx	20	e	椭圆	i	0	i	内含	jxei	jx:图形、抽象与未分类;视觉聚类C20→e;族内视觉组S0;组状态首选i;采用首选→i	false	0.539101	0.7451	0.1264	1	0.3044	0.9639	0.8266	30_项目/个人Unicode音型输入法/数据/𓆟Egyptian Hieroglyph字块.md	machine-initial-v3	visual-balanced-4prefix-v3
𓏢	U+133E2	EGYPTIAN HIEROGLYPH Y007	Y007	jx	12	k	绳结	s	0	s	对称	jxks	jx:图形、抽象与未分类;视觉聚类C12→k;族内视觉组S0;组状态首选s;采用首选→s	false	0.316225	0.5729	0.1633	1	0.1184	0.7572	0.7977	30_项目/个人Unicode音型输入法/数据/𓆟Egyptian Hieroglyph字块.md	machine-initial-v3	visual-balanced-4prefix-v3
𓏣	U+133E3	EGYPTIAN HIEROGLYPH Y008	Y008	jx	18	p	螺旋回环	s	2	s	对称	jxps	jx:图形、抽象与未分类;视觉聚类C18→p;族内视觉组S2;组状态首选s;采用首选→s	false	0.344228	0.5729	0.1405	4	0.0642	0.9773	0.7386	30_项目/个人Unicode音型输入法/数据/𓆟Egyptian Hieroglyph字块.md	machine-initial-v3	visual-balanced-4prefix-v3
𓏤	U+133E4	EGYPTIAN HIEROGLYPH Z001	Z001	jx	3	i	细柱	s	1	v	纵向	jxiv	jx:图形、抽象与未分类;视觉聚类C3→i;族内视觉组S1;组状态首选s;唯一键平衡→v	true	0.260096	0.4412	0.1471	1	0.0000	1.0000	0.9882	30_项目/个人Unicode音型输入法/数据/𓆟Egyptian Hieroglyph字块.md	machine-initial-v3	visual-balanced-4prefix-v3
𓏥	U+133E5	EGYPTIAN HIEROGLYPH Z002	Z002	jx	1	l	线条	h	3	w	宽展	jxlw	jx:图形、抽象与未分类;视觉聚类C1→l;族内视觉组S3;组状态首选h;唯一键平衡→w	true	0.203476	2.9412	0.0662	3	0.0000	0.9853	0.9947	30_项目/个人Unicode音型输入法/数据/𓆟Egyptian Hieroglyph字块.md	machine-initial-v3	visual-balanced-4prefix-v3
𓏦	U+133E6	EGYPTIAN HIEROGLYPH Z002A	Z002a	jx	9	o	圆环	s	0	x	穿过交叠	jxox	jx:图形、抽象与未分类;视觉聚类C9→o;族内视觉组S0;组状态首选s;唯一键平衡→x	true	1.178132	1.3235	0.1301	3	0.0000	0.9660	0.9908	30_项目/个人Unicode音型输入法/数据/𓆟Egyptian Hieroglyph字块.md	machine-initial-v3	visual-balanced-4prefix-v3
𓏧	U+133E7	EGYPTIAN HIEROGLYPH Z002B	Z002b	jx	1	l	线条	s	0	s	对称	jxls	jx:图形、抽象与未分类;视觉聚类C1→l;族内视觉组S0;组状态首选s;采用首选→s	false	0.141261	3.3667	0.1267	3	0.0706	0.9947	0.9934	30_项目/个人Unicode音型输入法/数据/𓆟Egyptian Hieroglyph字块.md	machine-initial-v3	visual-balanced-4prefix-v3
𓏨	U+133E8	EGYPTIAN HIEROGLYPH Z002C	Z002c	jx	10	t	三角尖形	s	2	e	空心低填充	jxte	jx:图形、抽象与未分类;视觉聚类C10→t;族内视觉组S2;组状态首选s;唯一键平衡→e	true	0.273835	0.5286	0.0834	3	0.0000	0.9792	0.8332	30_项目/个人Unicode音型输入法/数据/𓆟Egyptian Hieroglyph字块.md	machine-initial-v3	visual-balanced-4prefix-v3
𓏩	U+133E9	EGYPTIAN HIEROGLYPH Z002D	Z002d	jx	19	a	角折	s	2	e	空心低填充	jxae	jx:图形、抽象与未分类;视觉聚类C19→a;族内视觉组S2;组状态首选s;唯一键平衡→e	true	0.468097	0.5286	0.0938	3	0.0000	0.9583	0.8124	30_项目/个人Unicode音型输入法/数据/𓆟Egyptian Hieroglyph字块.md	machine-initial-v3	visual-balanced-4prefix-v3
𓏪	U+133EA	EGYPTIAN HIEROGLYPH Z003	Z003	jx	3	i	细柱	s	1	v	纵向	jxiv	jx:图形、抽象与未分类;视觉聚类C3→i;族内视觉组S1;组状态首选s;唯一键平衡→v	true	0.157647	0.1667	0.1680	3	0.0000	1.0000	0.9922	30_项目/个人Unicode音型输入法/数据/𓆟Egyptian Hieroglyph字块.md	machine-initial-v3	visual-balanced-4prefix-v3
𓏫	U+133EB	EGYPTIAN HIEROGLYPH Z003A	Z003a	jx	10	t	三角尖形	s	1	c	闭合	jxtc	jx:图形、抽象与未分类;视觉聚类C10→t;族内视觉组S1;组状态首选s;唯一键平衡→c	true	0.244195	0.4688	0.0688	3	0.0000	1.0000	0.9542	30_项目/个人Unicode音型输入法/数据/𓆟Egyptian Hieroglyph字块.md	machine-initial-v3	visual-balanced-4prefix-v3
𓏬	U+133EC	EGYPTIAN HIEROGLYPH Z003B	Z003b	jx	4	n	成列成排	s	2	o	外包	jxno	jx:图形、抽象与未分类;视觉聚类C4→n;族内视觉组S2;组状态首选s;唯一键平衡→o	true	0.411501	0.3438	0.1225	3	0.0650	0.9912	0.9621	30_项目/个人Unicode音型输入法/数据/𓆟Egyptian Hieroglyph字块.md	machine-initial-v3	visual-balanced-4prefix-v3
𓏭	U+133ED	EGYPTIAN HIEROGLYPH Z004	Z004	jx	17	j	钩弯	s	1	s	对称	jxjs	jx:图形、抽象与未分类;视觉聚类C17→j;族内视觉组S1;组状态首选s;采用首选→s	false	0.686906	1.4595	0.0971	2	0.0000	0.8378	0.8388	30_项目/个人Unicode音型输入法/数据/𓆟Egyptian Hieroglyph字块.md	machine-initial-v3	visual-balanced-4prefix-v3
𓏮	U+133EE	EGYPTIAN HIEROGLYPH Z004A	Z004a	jx	0	x	交叉	s	3	s	对称	jxxs	jx:图形、抽象与未分类;视觉聚类C0→x;族内视觉组S3;组状态首选s;采用首选→s	false	1.303791	1.0000	0.1183	2	0.0000	1.0000	1.0000	30_项目/个人Unicode音型输入法/数据/𓆟Egyptian Hieroglyph字块.md	machine-initial-v3	visual-balanced-4prefix-v3
𓏯	U+133EF	EGYPTIAN HIEROGLYPH Z005	Z005	jx	17	j	钩弯	s	1	s	对称	jxjs	jx:图形、抽象与未分类;视觉聚类C17→j;族内视觉组S1;组状态首选s;采用首选→s	false	0.507893	1.2879	0.0554	1	0.0000	0.8938	0.8920	30_项目/个人Unicode音型输入法/数据/𓆟Egyptian Hieroglyph字块.md	machine-initial-v3	visual-balanced-4prefix-v3
𓏰	U+133F0	EGYPTIAN HIEROGLYPH Z005A	Z005a	jx	16	d	点状	s	1	x	穿过交叠	jxdx	jx:图形、抽象与未分类;视觉聚类C16→d;族内视觉组S1;组状态首选s;唯一键平衡→x	true	0.663212	0.7568	0.0936	1	0.0000	0.8436	0.8436	30_项目/个人Unicode音型输入法/数据/𓆟Egyptian Hieroglyph字块.md	machine-initial-v3	visual-balanced-4prefix-v3
𓏱	U+133F1	EGYPTIAN HIEROGLYPH Z006	Z006	jx	17	j	钩弯	s	0	q	倾斜	jxjq	jx:图形、抽象与未分类;视觉聚类C17→j;族内视觉组S0;组状态首选s;唯一键平衡→q	true	0.298011	1.6949	0.0658	1	0.0000	0.8746	0.8841	30_项目/个人Unicode音型输入法/数据/𓆟Egyptian Hieroglyph字块.md	machine-initial-v3	visual-balanced-4prefix-v3
𓏲	U+133F2	EGYPTIAN HIEROGLYPH Z007	Z007	jx	12	k	绳结	s	1	o	外包	jxko	jx:图形、抽象与未分类;视觉聚类C12→k;族内视觉组S1;组状态首选s;唯一键平衡→o	true	0.629854	0.6061	0.1689	1	0.0000	0.8136	0.7076	30_项目/个人Unicode音型输入法/数据/𓆟Egyptian Hieroglyph字块.md	machine-initial-v3	visual-balanced-4prefix-v3
𓏳	U+133F3	EGYPTIAN HIEROGLYPH Z008	Z008	jx	22	s	方框	s	2	s	对称	jxss	jx:图形、抽象与未分类;视觉聚类C22→s;族内视觉组S2;组状态首选s;采用首选→s	false	0.779513	1.6176	0.1353	1	0.3610	0.9914	0.9733	30_项目/个人Unicode音型输入法/数据/𓆟Egyptian Hieroglyph字块.md	machine-initial-v3	visual-balanced-4prefix-v3
𓏴	U+133F4	EGYPTIAN HIEROGLYPH Z009	Z009	jx	7	r	放射星芒	s	0	o	外包	jxro	jx:图形、抽象与未分类;视觉聚类C7→r;族内视觉组S0;组状态首选s;唯一键平衡→o	true	1.500588	1.1591	0.1457	1	0.0000	0.9973	0.9920	30_项目/个人Unicode音型输入法/数据/𓆟Egyptian Hieroglyph字块.md	machine-initial-v3	visual-balanced-4prefix-v3
𓏵	U+133F5	EGYPTIAN HIEROGLYPH Z010	Z010	jx	1	l	线条	s	0	s	对称	jxls	jx:图形、抽象与未分类;视觉聚类C1→l;族内视觉组S0;组状态首选s;采用首选→s	false	0.376454	1.9804	0.1371	1	0.0955	0.9565	0.9169	30_项目/个人Unicode音型输入法/数据/𓆟Egyptian Hieroglyph字块.md	machine-initial-v3	visual-balanced-4prefix-v3
𓏶	U+133F6	EGYPTIAN HIEROGLYPH Z011	Z011	jx	24	c	曲弧	s	0	s	对称	jxcs	jx:图形、抽象与未分类;视觉聚类C24→c;族内视觉组S0;组状态首选s;采用首选→s	false	0.178193	0.7292	0.0875	1	0.0741	1.0000	0.9940	30_项目/个人Unicode音型输入法/数据/𓆟Egyptian Hieroglyph字块.md	machine-initial-v3	visual-balanced-4prefix-v3
𓏷	U+133F7	EGYPTIAN HIEROGLYPH Z012	Z012	jx	0	x	交叉	s	0	o	外包	jxxo	jx:图形、抽象与未分类;视觉聚类C0→x;族内视觉组S0;组状态首选s;唯一键平衡→o	true	1.572996	1.2973	0.1740	1	0.0000	0.8615	0.6993	30_项目/个人Unicode音型输入法/数据/𓆟Egyptian Hieroglyph字块.md	machine-initial-v3	visual-balanced-4prefix-v3
𓏸	U+133F8	EGYPTIAN HIEROGLYPH Z013	Z013	jx	9	o	圆环	s	1	c	闭合	jxoc	jx:图形、抽象与未分类;视觉聚类C9→o;族内视觉组S1;组状态首选s;唯一键平衡→c	true	0.536293	1.0784	0.1034	1	0.3936	0.9907	0.9815	30_项目/个人Unicode音型输入法/数据/𓆟Egyptian Hieroglyph字块.md	machine-initial-v3	visual-balanced-4prefix-v3
𓏹	U+133F9	EGYPTIAN HIEROGLYPH Z014	Z014	jx	18	p	螺旋回环	s	0	q	倾斜	jxpq	jx:图形、抽象与未分类;视觉聚类C18→p;族内视觉组S0;组状态首选s;唯一键平衡→q	true	1.113899	0.9020	0.1134	1	0.0000	0.7937	0.7971	30_项目/个人Unicode音型输入法/数据/𓆟Egyptian Hieroglyph字块.md	machine-initial-v3	visual-balanced-4prefix-v3
𓏺	U+133FA	EGYPTIAN HIEROGLYPH Z015	Z015	jx	3	i	细柱	s	1	v	纵向	jxiv	jx:图形、抽象与未分类;视觉聚类C3→i;族内视觉组S1;组状态首选s;唯一键平衡→v	true	0.260096	0.4412	0.1471	1	0.0000	1.0000	0.9882	30_项目/个人Unicode音型输入法/数据/𓆟Egyptian Hieroglyph字块.md	machine-initial-v3	visual-balanced-4prefix-v3
𓏻	U+133FB	EGYPTIAN HIEROGLYPH Z015A	Z015a	jx	0	x	交叉	s	3	s	对称	jxxs	jx:图形、抽象与未分类;视觉聚类C0→x;族内视觉组S3;组状态首选s;采用首选→s	false	1.303791	1.0000	0.1183	2	0.0000	1.0000	1.0000	30_项目/个人Unicode音型输入法/数据/𓆟Egyptian Hieroglyph字块.md	machine-initial-v3	visual-balanced-4prefix-v3
𓏼	U+133FC	EGYPTIAN HIEROGLYPH Z015B	Z015b	jx	9	o	圆环	s	0	x	穿过交叠	jxox	jx:图形、抽象与未分类;视觉聚类C9→o;族内视觉组S0;组状态首选s;唯一键平衡→x	true	1.178132	1.3235	0.1301	3	0.0000	0.9660	0.9908	30_项目/个人Unicode音型输入法/数据/𓆟Egyptian Hieroglyph字块.md	machine-initial-v3	visual-balanced-4prefix-v3
𓏽	U+133FD	EGYPTIAN HIEROGLYPH Z015C	Z015c	jx	11	w	波浪流线	s	2	s	对称	jxws	jx:图形、抽象与未分类;视觉聚类C11→w;族内视觉组S2;组状态首选s;采用首选→s	false	0.381371	2.1892	0.1081	4	0.0000	1.0000	1.0000	30_项目/个人Unicode音型输入法/数据/𓆟Egyptian Hieroglyph字块.md	machine-initial-v3	visual-balanced-4prefix-v3
𓏾	U+133FE	EGYPTIAN HIEROGLYPH Z015D	Z015d	jx	10	t	三角尖形	s	2	e	空心低填充	jxte	jx:图形、抽象与未分类;视觉聚类C10→t;族内视觉组S2;组状态首选s;唯一键平衡→e	true	0.692474	0.8429	0.0850	5	0.0000	0.9738	0.8300	30_项目/个人Unicode音型输入法/数据/𓆟Egyptian Hieroglyph字块.md	machine-initial-v3	visual-balanced-4prefix-v3
𓏿	U+133FF	EGYPTIAN HIEROGLYPH Z015E	Z015e	jx	0	x	交叉	s	3	s	对称	jxxs	jx:图形、抽象与未分类;视觉聚类C0→x;族内视觉组S3;组状态首选s;采用首选→s	false	0.913200	0.8429	0.1177	6	0.0000	1.0000	1.0000	30_项目/个人Unicode音型输入法/数据/𓆟Egyptian Hieroglyph字块.md	machine-initial-v3	visual-balanced-4prefix-v3
𓐀	U+13400	EGYPTIAN HIEROGLYPH Z015F	Z015f	jx	13	v	开口V形	m	1	m	重复多部件	jxvm	jx:图形、抽象与未分类;视觉聚类C13→v;族内视觉组S1;组状态首选m;采用首选→m	false	0.704325	1.1571	0.1000	7	0.0000	0.9429	0.8000	30_项目/个人Unicode音型输入法/数据/𓆟Egyptian Hieroglyph字块.md	machine-initial-v3	visual-balanced-4prefix-v3
𓐁	U+13401	EGYPTIAN HIEROGLYPH Z015G	Z015g	jx	13	v	开口V形	m	1	m	重复多部件	jxvm	jx:图形、抽象与未分类;视觉聚类C13→v;族内视觉组S1;组状态首选m;采用首选→m	false	0.927359	1.1571	0.1143	8	0.0000	1.0000	1.0000	30_项目/个人Unicode音型输入法/数据/𓆟Egyptian Hieroglyph字块.md	machine-initial-v3	visual-balanced-4prefix-v3
𓐂	U+13402	EGYPTIAN HIEROGLYPH Z015H	Z015h	jx	18	p	螺旋回环	s	0	q	倾斜	jxpq	jx:图形、抽象与未分类;视觉聚类C18→p;族内视觉组S0;组状态首选s;唯一键平衡→q	true	0.500822	0.6146	0.1224	9	0.0000	0.9989	0.9947	30_项目/个人Unicode音型输入法/数据/𓆟Egyptian Hieroglyph字块.md	machine-initial-v3	visual-balanced-4prefix-v3
𓐃	U+13403	EGYPTIAN HIEROGLYPH Z015I	Z015i	jx	1	l	线条	h	3	w	宽展	jxlw	jx:图形、抽象与未分类;视觉聚类C1→l;族内视觉组S3;组状态首选h;唯一键平衡→w	true	0.213437	2.9412	0.1026	5	0.0000	0.9700	0.9924	30_项目/个人Unicode音型输入法/数据/𓆟Egyptian Hieroglyph字块.md	machine-initial-v3	visual-balanced-4prefix-v3
𓐄	U+13404	EGYPTIAN HIEROGLYPH Z016	Z016	jx	19	a	角折	s	1	w	宽展	jxaw	jx:图形、抽象与未分类;视觉聚类C19→a;族内视觉组S1;组状态首选s;唯一键平衡→w	true	0.430081	1.8182	0.0636	1	0.0000	1.0000	0.8727	30_项目/个人Unicode音型输入法/数据/𓆟Egyptian Hieroglyph字块.md	machine-initial-v3	visual-balanced-4prefix-v3
𓐅	U+13405	EGYPTIAN HIEROGLYPH Z016A	Z016a	jx	0	x	交叉	s	3	s	对称	jxxs	jx:图形、抽象与未分类;视觉聚类C0→x;族内视觉组S3;组状态首选s;采用首选→s	false	1.369918	1.1765	0.0824	2	0.0000	1.0000	1.0000	30_项目/个人Unicode音型输入法/数据/𓆟Egyptian Hieroglyph字块.md	machine-initial-v3	visual-balanced-4prefix-v3
𓐆	U+13406	EGYPTIAN HIEROGLYPH Z016B	Z016b	jx	3	i	细柱	s	0	s	对称	jxis	jx:图形、抽象与未分类;视觉聚类C3→i;族内视觉组S0;组状态首选s;采用首选→s	false	0.260096	0.4412	0.1471	1	0.0000	1.0000	0.9882	30_项目/个人Unicode音型输入法/数据/𓆟Egyptian Hieroglyph字块.md	machine-initial-v3	visual-balanced-4prefix-v3
𓐇	U+13407	EGYPTIAN HIEROGLYPH Z016C	Z016c	jx	10	t	三角尖形	s	0	o	外包	jxto	jx:图形、抽象与未分类;视觉聚类C10→t;族内视觉组S0;组状态首选s;唯一键平衡→o	true	0.267676	0.5195	0.0815	4	0.0000	0.9994	0.9448	30_项目/个人Unicode音型输入法/数据/𓆟Egyptian Hieroglyph字块.md	machine-initial-v3	visual-balanced-4prefix-v3
𓐈	U+13408	EGYPTIAN HIEROGLYPH Z016D	Z016d	jx	13	v	开口V形	s	0	s	对称	jxvs	jx:图形、抽象与未分类;视觉聚类C13→v;族内视觉组S0;组状态首选s;采用首选→s	false	0.667406	1.3273	0.0904	5	0.0000	0.8192	0.9716	30_项目/个人Unicode音型输入法/数据/𓆟Egyptian Hieroglyph字块.md	machine-initial-v3	visual-balanced-4prefix-v3
𓐉	U+13409	EGYPTIAN HIEROGLYPH Z016E	Z016e	jx	13	v	开口V形	s	0	s	对称	jxvs	jx:图形、抽象与未分类;视觉聚类C13→v;族内视觉组S0;组状态首选s;采用首选→s	false	0.884927	1.3273	0.0969	6	0.0000	0.9995	0.9427	30_项目/个人Unicode音型输入法/数据/𓆟Egyptian Hieroglyph字块.md	machine-initial-v3	visual-balanced-4prefix-v3
𓐊	U+1340A	EGYPTIAN HIEROGLYPH Z016F	Z016f	jx	18	p	螺旋回环	s	2	s	对称	jxps	jx:图形、抽象与未分类;视觉聚类C18→p;族内视觉组S2;组状态首选s;采用首选→s	false	0.654474	0.9481	0.0841	7	0.0000	0.8317	0.9591	30_项目/个人Unicode音型输入法/数据/𓆟Egyptian Hieroglyph字块.md	machine-initial-v3	visual-balanced-4prefix-v3
𓐋	U+1340B	EGYPTIAN HIEROGLYPH Z016G	Z016g	jx	18	p	螺旋回环	s	2	s	对称	jxps	jx:图形、抽象与未分类;视觉聚类C18→p;族内视觉组S2;组状态首选s;采用首选→s	false	0.769841	0.9481	0.0891	8	0.0000	0.9996	0.9392	30_项目/个人Unicode音型输入法/数据/𓆟Egyptian Hieroglyph字块.md	machine-initial-v3	visual-balanced-4prefix-v3
𓐌	U+1340C	EGYPTIAN HIEROGLYPH Z016H	Z016h	jx	19	a	角折	s	0	s	对称	jxas	jx:图形、抽象与未分类;视觉聚类C19→a;族内视觉组S0;组状态首选s;采用首选→s	false	0.453459	1.8364	0.1010	9	0.0000	1.0000	0.9395	30_项目/个人Unicode音型输入法/数据/𓆟Egyptian Hieroglyph字块.md	machine-initial-v3	visual-balanced-4prefix-v3
𓐍	U+1340D	EGYPTIAN HIEROGLYPH AA001	Aa001	jx	9	o	圆环	s	3	s	对称	jxos	jx:图形、抽象与未分类;视觉聚类C9→o;族内视觉组S3;组状态首选s;采用首选→s	false	1.624917	1.0577	0.2269	1	0.0647	0.9958	0.9266	30_项目/个人Unicode音型输入法/数据/𓆟Egyptian Hieroglyph字块.md	machine-initial-v3	visual-balanced-4prefix-v3
𓐎	U+1340E	EGYPTIAN HIEROGLYPH AA002	Aa002	jx	0	x	交叉	s	1	m	重复多部件	jxxm	jx:图形、抽象与未分类;视觉聚类C0→x;族内视觉组S1;组状态首选s;唯一键平衡→m	true	1.256400	1.0816	0.1317	1	0.3250	0.7543	0.7543	30_项目/个人Unicode音型输入法/数据/𓆟Egyptian Hieroglyph字块.md	machine-initial-v3	visual-balanced-4prefix-v3
𓐏	U+1340F	EGYPTIAN HIEROGLYPH AA003	Aa003	jx	5	g	动物有机体	s	0	s	对称	jxgs	jx:图形、抽象与未分类;视觉聚类C5→g;族内视觉组S0;组状态首选s;采用首选→s	false	0.951218	1.2653	0.1419	1	0.2765	0.7716	0.7676	30_项目/个人Unicode音型输入法/数据/𓆟Egyptian Hieroglyph字块.md	machine-initial-v3	visual-balanced-4prefix-v3
𓐐	U+13410	EGYPTIAN HIEROGLYPH AA004	Aa004	jx	22	s	方框	i	1	i	内含	jxsi	jx:图形、抽象与未分类;视觉聚类C22→s;族内视觉组S1;组状态首选i;采用首选→i	false	0.726179	1.3125	0.1088	1	0.2179	0.8340	0.8102	30_项目/个人Unicode音型输入法/数据/𓆟Egyptian Hieroglyph字块.md	machine-initial-v3	visual-balanced-4prefix-v3
𓐑	U+13411	EGYPTIAN HIEROGLYPH AA005	Aa005	jx	8	m	复合	s	0	s	对称	jxms	jx:图形、抽象与未分类;视觉聚类C8→m;族内视觉组S0;组状态首选s;采用首选→s	false	0.760656	1.0606	0.1121	1	0.0909	0.9732	0.8121	30_项目/个人Unicode音型输入法/数据/𓆟Egyptian Hieroglyph字块.md	machine-initial-v3	visual-balanced-4prefix-v3
𓐒	U+13412	EGYPTIAN HIEROGLYPH AA006	Aa006	jx	19	a	角折	s	1	w	宽展	jxaw	jx:图形、抽象与未分类;视觉聚类C19→a;族内视觉组S1;组状态首选s;唯一键平衡→w	true	0.295585	1.9804	0.1320	1	0.0254	0.9619	0.7705	30_项目/个人Unicode音型输入法/数据/𓆟Egyptian Hieroglyph字块.md	machine-initial-v3	visual-balanced-4prefix-v3
𓐓	U+13413	EGYPTIAN HIEROGLYPH AA007	Aa007	jx	11	w	波浪流线	s	1	w	宽展	jxww	jx:图形、抽象与未分类;视觉聚类C11→w;族内视觉组S1;组状态首选s;唯一键平衡→w	true	0.290480	2.3488	0.0990	1	0.1310	0.8757	0.8121	30_项目/个人Unicode音型输入法/数据/𓆟Egyptian Hieroglyph字块.md	machine-initial-v3	visual-balanced-4prefix-v3
𓐔	U+13414	EGYPTIAN HIEROGLYPH AA007A	Aa007a	jx	1	l	线条	s	1	o	外包	jxlo	jx:图形、抽象与未分类;视觉聚类C1→l;族内视觉组S1;组状态首选s;唯一键平衡→o	true	0.270126	2.3488	0.0990	1	0.1310	0.8757	0.8121	30_项目/个人Unicode音型输入法/数据/𓆟Egyptian Hieroglyph字块.md	machine-initial-v3	visual-balanced-4prefix-v3
𓐕	U+13415	EGYPTIAN HIEROGLYPH AA007B	Aa007b	jx	13	v	开口V形	s	0	s	对称	jxvs	jx:图形、抽象与未分类;视觉聚类C13→v;族内视觉组S0;组状态首选s;采用首选→s	false	0.376901	1.2625	0.0655	1	0.1339	0.8785	0.8785	30_项目/个人Unicode音型输入法/数据/𓆟Egyptian Hieroglyph字块.md	machine-initial-v3	visual-balanced-4prefix-v3
𓐖	U+13416	EGYPTIAN HIEROGLYPH AA008	Aa008	jx	19	a	角折	s	0	s	对称	jxas	jx:图形、抽象与未分类;视觉聚类C19→a;族内视觉组S0;组状态首选s;采用首选→s	false	0.179595	3.4828	0.1803	1	0.0000	1.0000	0.9420	30_项目/个人Unicode音型输入法/数据/𓆟Egyptian Hieroglyph字块.md	machine-initial-v3	visual-balanced-4prefix-v3
𓐗	U+13417	EGYPTIAN HIEROGLYPH AA009	Aa009	jx	4	n	成列成排	h	0	h	横向	jxnh	jx:图形、抽象与未分类;视觉聚类C4→n;族内视觉组S0;组状态首选h;采用首选→h	false	0.305387	3.7407	0.1870	1	0.3132	0.9575	0.9003	30_项目/个人Unicode音型输入法/数据/𓆟Egyptian Hieroglyph字块.md	machine-initial-v3	visual-balanced-4prefix-v3
𓐘	U+13418	EGYPTIAN HIEROGLYPH AA010	Aa010	jx	1	l	线条	h	3	w	宽展	jxlw	jx:图形、抽象与未分类;视觉聚类C1→l;族内视觉组S3;组状态首选h;唯一键平衡→w	true	0.190545	4.5909	0.1814	1	0.1188	0.8218	0.7309	30_项目/个人Unicode音型输入法/数据/𓆟Egyptian Hieroglyph字块.md	machine-initial-v3	visual-balanced-4prefix-v3
𓐙	U+13419	EGYPTIAN HIEROGLYPH AA011	Aa011	jx	1	l	线条	h	2	h	横向	jxlh	jx:图形、抽象与未分类;视觉聚类C1→l;族内视觉组S2;组状态首选h;采用首选→h	false	0.177689	4.5909	0.2079	1	0.2772	0.9253	0.8884	30_项目/个人Unicode音型输入法/数据/𓆟Egyptian Hieroglyph字块.md	machine-initial-v3	visual-balanced-4prefix-v3
𓐚	U+1341A	EGYPTIAN HIEROGLYPH AA012	Aa012	jx	1	l	线条	h	2	h	横向	jxlh	jx:图形、抽象与未分类;视觉聚类C1→l;族内视觉组S2;组状态首选h;采用首选→h	false	0.183413	4.5909	0.1778	1	0.2615	0.9991	0.8443	30_项目/个人Unicode音型输入法/数据/𓆟Egyptian Hieroglyph字块.md	machine-initial-v3	visual-balanced-4prefix-v3
𓐛	U+1341B	EGYPTIAN HIEROGLYPH AA013	Aa013	jx	1	l	线条	h	2	h	横向	jxlh	jx:图形、抽象与未分类;视觉聚类C1→l;族内视觉组S2;组状态首选h;采用首选→h	false	0.341085	3.4828	0.2069	1	0.0000	0.9051	0.8081	30_项目/个人Unicode音型输入法/数据/𓆟Egyptian Hieroglyph字块.md	machine-initial-v3	visual-balanced-4prefix-v3
𓐜	U+1341C	EGYPTIAN HIEROGLYPH AA014	Aa014	jx	1	l	线条	h	3	w	宽展	jxlw	jx:图形、抽象与未分类;视觉聚类C1→l;族内视觉组S3;组状态首选h;唯一键平衡→w	true	0.320416	2.8857	0.1734	1	0.0000	0.7675	0.7437	30_项目/个人Unicode音型输入法/数据/𓆟Egyptian Hieroglyph字块.md	machine-initial-v3	visual-balanced-4prefix-v3
𓐝	U+1341D	EGYPTIAN HIEROGLYPH AA015	Aa015	jx	4	n	成列成排	h	0	h	横向	jxnh	jx:图形、抽象与未分类;视觉聚类C4→n;族内视觉组S0;组状态首选h;采用首选→h	false	0.263946	3.3667	0.1271	1	0.0000	0.9294	0.9373	30_项目/个人Unicode音型输入法/数据/𓆟Egyptian Hieroglyph字块.md	machine-initial-v3	visual-balanced-4prefix-v3
𓐞	U+1341E	EGYPTIAN HIEROGLYPH AA016	Aa016	jx	5	g	动物有机体	s	0	s	对称	jxgs	jx:图形、抽象与未分类;视觉聚类C5→g;族内视觉组S0;组状态首选s;采用首选→s	false	1.015577	1.5714	0.1522	1	0.0000	0.8483	0.8660	30_项目/个人Unicode音型输入法/数据/𓆟Egyptian Hieroglyph字块.md	machine-initial-v3	visual-balanced-4prefix-v3
𓐟	U+1341F	EGYPTIAN HIEROGLYPH AA017	Aa017	jx	7	r	放射星芒	s	0	o	外包	jxro	jx:图形、抽象与未分类;视觉聚类C7→r;族内视觉组S0;组状态首选s;唯一键平衡→o	true	1.041246	1.1356	0.1032	1	0.1240	0.9266	0.8174	30_项目/个人Unicode音型输入法/数据/𓆟Egyptian Hieroglyph字块.md	machine-initial-v3	visual-balanced-4prefix-v3
𓐠	U+13420	EGYPTIAN HIEROGLYPH AA018	Aa018	jx	20	e	椭圆	i	0	i	内含	jxei	jx:图形、抽象与未分类;视觉聚类C20→e;族内视觉组S0;组状态首选i;采用首选→i	false	0.763022	0.9054	0.1325	1	0.2118	0.9383	0.7931	30_项目/个人Unicode音型输入法/数据/𓆟Egyptian Hieroglyph字块.md	machine-initial-v3	visual-balanced-4prefix-v3
𓐡	U+13421	EGYPTIAN HIEROGLYPH AA019	Aa019	jx	15	u	容器U形	s	0	o	外包	jxuo	jx:图形、抽象与未分类;视觉聚类C15→u;族内视觉组S0;组状态首选s;唯一键平衡→o	true	0.656765	0.9242	0.1319	1	0.0000	0.9791	0.8445	30_项目/个人Unicode音型输入法/数据/𓆟Egyptian Hieroglyph字块.md	machine-initial-v3	visual-balanced-4prefix-v3
𓐢	U+13422	EGYPTIAN HIEROGLYPH AA020	Aa020	jx	10	t	三角尖形	s	0	o	外包	jxto	jx:图形、抽象与未分类;视觉聚类C10→t;族内视觉组S0;组状态首选s;唯一键平衡→o	true	0.241513	0.4167	0.1615	1	0.1943	0.9510	0.7521	30_项目/个人Unicode音型输入法/数据/𓆟Egyptian Hieroglyph字块.md	machine-initial-v3	visual-balanced-4prefix-v3
𓐣	U+13423	EGYPTIAN HIEROGLYPH AA021	Aa021	jx	3	i	细柱	s	1	v	纵向	jxiv	jx:图形、抽象与未分类;视觉聚类C3→i;族内视觉组S1;组状态首选s;唯一键平衡→v	true	0.299175	0.5104	0.1333	1	0.0912	0.9694	0.7853	30_项目/个人Unicode音型输入法/数据/𓆟Egyptian Hieroglyph字块.md	machine-initial-v3	visual-balanced-4prefix-v3
𓐤	U+13424	EGYPTIAN HIEROGLYPH AA022	Aa022	jx	2	y	分叉翼形	s	0	s	对称	jxys	jx:图形、抽象与未分类;视觉聚类C2→y;族内视觉组S0;组状态首选s;采用首选→s	false	0.609842	1.0521	0.1202	1	0.0442	0.9418	0.7964	30_项目/个人Unicode音型输入法/数据/𓆟Egyptian Hieroglyph字块.md	machine-initial-v3	visual-balanced-4prefix-v3
𓐥	U+13425	EGYPTIAN HIEROGLYPH AA023	Aa023	jx	22	s	方框	s	2	s	对称	jxss	jx:图形、抽象与未分类;视觉聚类C22→s;族内视觉组S2;组状态首选s;采用首选→s	false	0.875060	1.3836	0.1771	1	0.0285	0.9959	0.7258	30_项目/个人Unicode音型输入法/数据/𓆟Egyptian Hieroglyph字块.md	machine-initial-v3	visual-balanced-4prefix-v3
𓐦	U+13426	EGYPTIAN HIEROGLYPH AA024	Aa024	jx	22	s	方框	s	3	w	宽展	jxsw	jx:图形、抽象与未分类;视觉聚类C22→s;族内视觉组S3;组状态首选s;唯一键平衡→w	true	0.390766	1.9804	0.1701	1	0.1130	0.9421	0.7224	30_项目/个人Unicode音型输入法/数据/𓆟Egyptian Hieroglyph字块.md	machine-initial-v3	visual-balanced-4prefix-v3
𓐧	U+13427	EGYPTIAN HIEROGLYPH AA025	Aa025	jx	4	n	成列成排	s	2	o	外包	jxno	jx:图形、抽象与未分类;视觉聚类C4→n;族内视觉组S2;组状态首选s;唯一键平衡→o	true	0.426437	0.8854	0.0771	1	0.0621	0.9498	0.8684	30_项目/个人Unicode音型输入法/数据/𓆟Egyptian Hieroglyph字块.md	machine-initial-v3	visual-balanced-4prefix-v3
𓐨	U+13428	EGYPTIAN HIEROGLYPH AA026	Aa026	jx	16	d	点状	s	0	s	对称	jxds	jx:图形、抽象与未分类;视觉聚类C16→d;族内视觉组S0;组状态首选s;采用首选→s	false	0.183261	0.4167	0.1359	1	0.0622	0.7812	0.9031	30_项目/个人Unicode音型输入法/数据/𓆟Egyptian Hieroglyph字块.md	machine-initial-v3	visual-balanced-4prefix-v3
𓐩	U+13429	EGYPTIAN HIEROGLYPH AA027	Aa027	jx	3	i	细柱	s	0	s	对称	jxis	jx:图形、抽象与未分类;视觉聚类C3→i;族内视觉组S0;组状态首选s;采用首选→s	false	0.203533	0.5417	0.1138	1	0.0365	0.9920	0.8197	30_项目/个人Unicode音型输入法/数据/𓆟Egyptian Hieroglyph字块.md	machine-initial-v3	visual-balanced-4prefix-v3
𓐪	U+1342A	EGYPTIAN HIEROGLYPH AA028	Aa028	jx	16	d	点状	s	0	s	对称	jxds	jx:图形、抽象与未分类;视觉聚类C16→d;族内视觉组S0;组状态首选s;采用首选→s	false	0.153805	0.3646	0.1208	1	0.1595	0.7762	0.9476	30_项目/个人Unicode音型输入法/数据/𓆟Egyptian Hieroglyph字块.md	machine-initial-v3	visual-balanced-4prefix-v3
𓐫	U+1342B	EGYPTIAN HIEROGLYPH AA029	Aa029	jx	24	c	曲弧	v	1	v	纵向	jxcv	jx:图形、抽象与未分类;视觉聚类C24→c;族内视觉组S1;组状态首选v;采用首选→v	false	0.170679	0.3021	0.1889	1	0.1789	0.7148	0.9555	30_项目/个人Unicode音型输入法/数据/𓆟Egyptian Hieroglyph字块.md	machine-initial-v3	visual-balanced-4prefix-v3
𓐬	U+1342C	EGYPTIAN HIEROGLYPH AA030	Aa030	jx	24	c	曲弧	v	1	v	纵向	jxcv	jx:图形、抽象与未分类;视觉聚类C24→c;族内视觉组S1;组状态首选v;采用首选→v	false	0.155940	0.3646	0.1342	1	0.2036	0.9369	0.8065	30_项目/个人Unicode音型输入法/数据/𓆟Egyptian Hieroglyph字块.md	machine-initial-v3	visual-balanced-4prefix-v3
𓐭	U+1342D	EGYPTIAN HIEROGLYPH AA031	Aa031	jx	10	t	三角尖形	s	1	c	闭合	jxtc	jx:图形、抽象与未分类;视觉聚类C10→t;族内视觉组S1;组状态首选s;唯一键平衡→c	true	0.234349	0.5312	0.1268	1	0.1720	0.8877	0.7970	30_项目/个人Unicode音型输入法/数据/𓆟Egyptian Hieroglyph字块.md	machine-initial-v3	visual-balanced-4prefix-v3
𓐮	U+1342E	EGYPTIAN HIEROGLYPH AA032	Aa032	jx	24	c	曲弧	s	0	s	对称	jxcs	jx:图形、抽象与未分类;视觉聚类C24→c;族内视觉组S0;组状态首选s;采用首选→s	false	0.158809	0.3750	0.1649	1	0.1172	0.8438	0.9537	30_项目/个人Unicode音型输入法/数据/𓆟Egyptian Hieroglyph字块.md	machine-initial-v3	visual-balanced-4prefix-v3
𓐯	U+1342F	EGYPTIAN HIEROGLYPH V011D	V011d	jx	15	u	容器U形	s	2	s	对称	jxus	jx:图形、抽象与未分类;视觉聚类C15→u;族内视觉组S2;组状态首选s;采用首选→s	false	1.337041	0.9459	0.2710	1	0.3151	1.0000	0.9876	30_项目/个人Unicode音型输入法/数据/𓆟Egyptian Hieroglyph字块.md	machine-initial-v3	visual-balanced-4prefix-v3
