rank	selection_reason	char	display_sample	codepoint	name	category	script	block	age	emoji	requires_base	standalone_safe	windows_font_covered	shape_hints
1	形态词命中+Emoji	⏭	⏭	U+23ED	BLACK RIGHT-POINTING DOUBLE TRIANGLE WITH VERTICAL BAR	So	Common	Miscellaneous Technical	6.0	true	false	true	true	点,线,角,方向,对称
2	形态词命中+Emoji	⏮	⏮	U+23EE	BLACK LEFT-POINTING DOUBLE TRIANGLE WITH VERTICAL BAR	So	Common	Miscellaneous Technical	6.0	true	false	true	true	点,线,角,方向,对称
3	形态词命中+Emoji	⏯	⏯	U+23EF	BLACK RIGHT-POINTING TRIANGLE WITH DOUBLE VERTICAL BAR	So	Common	Miscellaneous Technical	6.0	true	false	true	true	点,线,角,方向,对称
4	形态词命中+Emoji	⏩	⏩	U+23E9	BLACK RIGHT-POINTING DOUBLE TRIANGLE	So	Common	Miscellaneous Technical	6.0	true	false	true	true	点,角,方向,对称
5	形态词命中+Emoji	⏪	⏪	U+23EA	BLACK LEFT-POINTING DOUBLE TRIANGLE	So	Common	Miscellaneous Technical	6.0	true	false	true	true	点,角,方向,对称
6	形态词命中+Emoji	⏫	⏫	U+23EB	BLACK UP-POINTING DOUBLE TRIANGLE	So	Common	Miscellaneous Technical	6.0	true	false	true	true	点,角,方向,对称
7	形态词命中+Emoji	⏬	⏬	U+23EC	BLACK DOWN-POINTING DOUBLE TRIANGLE	So	Common	Miscellaneous Technical	6.0	true	false	true	true	点,角,方向,对称
8	形态词命中+Emoji	▶	▶	U+25B6	BLACK RIGHT-POINTING TRIANGLE	So	Common	Geometric Shapes	1.1	true	false	true	true	点,角,方向
9	形态词命中+Emoji	◀	◀	U+25C0	BLACK LEFT-POINTING TRIANGLE	So	Common	Geometric Shapes	1.1	true	false	true	true	点,角,方向
10	形态词命中+Emoji	🔁	🔁	U+1F501	CLOCKWISE RIGHTWARDS AND LEFTWARDS OPEN CIRCLE ARROWS	So	Common	Miscellaneous Symbols and Pictographs	6.0	true	false	true	true	圆,方向
11	形态词命中+Emoji	🔂	🔂	U+1F502	CLOCKWISE RIGHTWARDS AND LEFTWARDS OPEN CIRCLE ARROWS WITH CIRCLED ONE OVERLAY	So	Common	Miscellaneous Symbols and Pictographs	6.0	true	false	true	true	圆,方向
12	形态词命中+Emoji	🔃	🔃	U+1F503	CLOCKWISE DOWNWARDS AND UPWARDS OPEN CIRCLE ARROWS	So	Common	Miscellaneous Symbols and Pictographs	6.0	true	false	true	true	圆,方向
13	形态词命中+Emoji	🔄	🔄	U+1F504	ANTICLOCKWISE DOWNWARDS AND UPWARDS OPEN CIRCLE ARROWS	So	Common	Miscellaneous Symbols and Pictographs	6.0	true	false	true	true	圆,方向
14	形态词命中+Emoji	🔺	🔺	U+1F53A	UP-POINTING RED TRIANGLE	So	Common	Miscellaneous Symbols and Pictographs	6.0	true	false	true	true	点,角,方向
15	形态词命中+Emoji	🔻	🔻	U+1F53B	DOWN-POINTING RED TRIANGLE	So	Common	Miscellaneous Symbols and Pictographs	6.0	true	false	true	true	点,角,方向
16	形态词命中+Emoji	🔼	🔼	U+1F53C	UP-POINTING SMALL RED TRIANGLE	So	Common	Miscellaneous Symbols and Pictographs	6.0	true	false	true	true	点,角,方向
17	形态词命中+Emoji	🔽	🔽	U+1F53D	DOWN-POINTING SMALL RED TRIANGLE	So	Common	Miscellaneous Symbols and Pictographs	6.0	true	false	true	true	点,角,方向
18	形态词命中+Emoji	🤭	🤭	U+1F92D	SMILING FACE WITH SMILING EYES AND HAND COVERING MOUTH	So	Common	Supplemental Symbols and Pictographs	10.0	true	false	true	true	圆
19	形态词命中+Emoji	🫥	🫥	U+1FAE5	DOTTED LINE FACE	So	Common	Symbols and Pictographs Extended-A	14.0	true	false	true	true	点,线
20	形态词命中	⭶	⭶	U+2B76	NORTH WEST TRIANGLE-HEADED ARROW TO BAR	So	Common	Miscellaneous Symbols and Arrows	7.0	false	false	true	true	线,角,方向
21	形态词命中	⭷	⭷	U+2B77	NORTH EAST TRIANGLE-HEADED ARROW TO BAR	So	Common	Miscellaneous Symbols and Arrows	7.0	false	false	true	true	线,角,方向
22	形态词命中	⭸	⭸	U+2B78	SOUTH EAST TRIANGLE-HEADED ARROW TO BAR	So	Common	Miscellaneous Symbols and Arrows	7.0	false	false	true	true	线,角,方向
23	形态词命中	⭹	⭹	U+2B79	SOUTH WEST TRIANGLE-HEADED ARROW TO BAR	So	Common	Miscellaneous Symbols and Arrows	7.0	false	false	true	true	线,角,方向
24	形态词命中	⭺	⭺	U+2B7A	LEFTWARDS TRIANGLE-HEADED ARROW WITH DOUBLE HORIZONTAL STROKE	So	Common	Miscellaneous Symbols and Arrows	7.0	false	false	true	true	线,角,方向,对称
25	形态词命中	⭻	⭻	U+2B7B	UPWARDS TRIANGLE-HEADED ARROW WITH DOUBLE HORIZONTAL STROKE	So	Common	Miscellaneous Symbols and Arrows	7.0	false	false	true	true	线,角,方向,对称
26	形态词命中	⭼	⭼	U+2B7C	RIGHTWARDS TRIANGLE-HEADED ARROW WITH DOUBLE HORIZONTAL STROKE	So	Common	Miscellaneous Symbols and Arrows	7.0	false	false	true	true	线,角,方向,对称
27	形态词命中	⭽	⭽	U+2B7D	DOWNWARDS TRIANGLE-HEADED ARROW WITH DOUBLE HORIZONTAL STROKE	So	Common	Miscellaneous Symbols and Arrows	7.0	false	false	true	true	线,角,方向,对称
28	形态词命中	⮁	⮁	U+2B81	UPWARDS TRIANGLE-HEADED ARROW LEFTWARDS OF DOWNWARDS TRIANGLE-HEADED ARROW	So	Common	Miscellaneous Symbols and Arrows	7.0	false	false	true	true	角,方向
29	形态词命中	⮃	⮃	U+2B83	DOWNWARDS TRIANGLE-HEADED ARROW LEFTWARDS OF UPWARDS TRIANGLE-HEADED ARROW	So	Common	Miscellaneous Symbols and Arrows	7.0	false	false	true	true	角,方向
30	形态词命中	𝅐	𝅐	U+1D150	MUSICAL SYMBOL TRIANGLE NOTEHEAD UP RIGHT WHITE	So	Common	Musical Symbols	3.1	false	false	true	true	角,方向
31	形态词命中	𝅑	𝅑	U+1D151	MUSICAL SYMBOL TRIANGLE NOTEHEAD UP RIGHT BLACK	So	Common	Musical Symbols	3.1	false	false	true	true	角,方向
32	形态词命中	𝅔	𝅔	U+1D154	MUSICAL SYMBOL TRIANGLE-ROUND NOTEHEAD DOWN WHITE	So	Common	Musical Symbols	3.1	false	false	true	true	圆,角,方向
33	形态词命中	𝅕	𝅕	U+1D155	MUSICAL SYMBOL TRIANGLE-ROUND NOTEHEAD DOWN BLACK	So	Common	Musical Symbols	3.1	false	false	true	true	圆,角,方向
34	形态词命中+Emoji	⤴	⤴	U+2934	ARROW POINTING RIGHTWARDS THEN CURVING UPWARDS	Sm	Common	Supplemental Arrows-B	3.2	true	false	true	true	点,方向
35	形态词命中+Emoji	⤵	⤵	U+2935	ARROW POINTING RIGHTWARDS THEN CURVING DOWNWARDS	Sm	Common	Supplemental Arrows-B	3.2	true	false	true	true	点,方向
36	形态词命中+Emoji	↕	↕	U+2195	UP DOWN ARROW	So	Common	Arrows	1.1	true	false	true	true	方向
37	形态词命中+Emoji	↖	↖	U+2196	NORTH WEST ARROW	So	Common	Arrows	1.1	true	false	true	true	方向
38	形态词命中+Emoji	↗	↗	U+2197	NORTH EAST ARROW	So	Common	Arrows	1.1	true	false	true	true	方向
39	形态词命中+Emoji	↘	↘	U+2198	SOUTH EAST ARROW	So	Common	Arrows	1.1	true	false	true	true	方向
40	形态词命中+Emoji	↙	↙	U+2199	SOUTH WEST ARROW	So	Common	Arrows	1.1	true	false	true	true	方向
41	形态词命中+Emoji	↩	↩	U+21A9	LEFTWARDS ARROW WITH HOOK	So	Common	Arrows	1.1	true	false	true	true	方向,曲线
42	形态词命中+Emoji	↪	↪	U+21AA	RIGHTWARDS ARROW WITH HOOK	So	Common	Arrows	1.1	true	false	true	true	方向,曲线
43	形态词命中+Emoji	➿	➿	U+27BF	DOUBLE CURLY LOOP	So	Common	Dingbats	6.0	true	false	true	true	对称,曲线
44	形态词命中+Emoji	👆	👆	U+1F446	WHITE UP POINTING BACKHAND INDEX	So	Common	Miscellaneous Symbols and Pictographs	6.0	true	false	true	true	点,方向
45	形态词命中+Emoji	👇	👇	U+1F447	WHITE DOWN POINTING BACKHAND INDEX	So	Common	Miscellaneous Symbols and Pictographs	6.0	true	false	true	true	点,方向
46	形态词命中+Emoji	👈	👈	U+1F448	WHITE LEFT POINTING BACKHAND INDEX	So	Common	Miscellaneous Symbols and Pictographs	6.0	true	false	true	true	点,方向
47	形态词命中+Emoji	👉	👉	U+1F449	WHITE RIGHT POINTING BACKHAND INDEX	So	Common	Miscellaneous Symbols and Pictographs	6.0	true	false	true	true	点,方向
48	形态词命中+Emoji	📲	📲	U+1F4F2	MOBILE PHONE WITH RIGHTWARDS ARROW AT LEFT	So	Common	Miscellaneous Symbols and Pictographs	6.0	true	false	true	true	方向
49	形态词命中+Emoji	🔛	🔛	U+1F51B	ON WITH EXCLAMATION MARK WITH LEFT RIGHT ARROW ABOVE	So	Common	Miscellaneous Symbols and Pictographs	6.0	true	false	true	true	方向
50	形态词命中+Emoji	🔯	🔯	U+1F52F	SIX POINTED STAR WITH MIDDLE DOT	So	Common	Miscellaneous Symbols and Pictographs	6.0	true	false	true	true	点,星芒
51	形态词命中+Emoji	😍	😍	U+1F60D	SMILING FACE WITH HEART-SHAPED EYES	So	Common	Emoticons	6.0	true	false	true	true	曲线
52	形态词命中+Emoji	😻	😻	U+1F63B	SMILING CAT FACE WITH HEART-SHAPED EYES	So	Common	Emoticons	6.0	true	false	true	true	曲线
53	形态词命中+Emoji	🙃	🙃	U+1F643	UPSIDE-DOWN FACE	So	Common	Emoticons	8.0	true	false	true	true	方向
54	形态词命中+Emoji	🤩	🤩	U+1F929	GRINNING FACE WITH STAR EYES	So	Common	Supplemental Symbols and Pictographs	10.0	true	false	true	true	星芒
55	形态词命中+Emoji	🥰	🥰	U+1F970	SMILING FACE WITH SMILING EYES AND THREE HEARTS	So	Common	Supplemental Symbols and Pictographs	11.0	true	false	true	true	曲线
56	形态词命中	╃	╃	U+2543	BOX DRAWINGS LEFT UP HEAVY AND RIGHT DOWN LIGHT	So	Common	Box Drawing	1.1	false	false	true	true	方向,方
57	形态词命中	╄	╄	U+2544	BOX DRAWINGS RIGHT UP HEAVY AND LEFT DOWN LIGHT	So	Common	Box Drawing	1.1	false	false	true	true	方向,方
58	形态词命中	╅	╅	U+2545	BOX DRAWINGS LEFT DOWN HEAVY AND RIGHT UP LIGHT	So	Common	Box Drawing	1.1	false	false	true	true	方向,方
59	形态词命中	╆	╆	U+2546	BOX DRAWINGS RIGHT DOWN HEAVY AND LEFT UP LIGHT	So	Common	Box Drawing	1.1	false	false	true	true	方向,方
60	形态词命中	◬	◬	U+25EC	WHITE UP-POINTING TRIANGLE WITH DOT	So	Common	Geometric Shapes	1.1	false	false	true	true	点,角,方向
61	形态词命中	◭	◭	U+25ED	UP-POINTING TRIANGLE WITH LEFT HALF BLACK	So	Common	Geometric Shapes	1.1	false	false	true	true	点,角,方向
62	形态词命中	◮	◮	U+25EE	UP-POINTING TRIANGLE WITH RIGHT HALF BLACK	So	Common	Geometric Shapes	1.1	false	false	true	true	点,角,方向
63	形态词命中	➟	➟	U+279F	DASHED TRIANGLE-HEADED RIGHTWARDS ARROW	So	Common	Dingbats	1.1	false	false	true	true	线,角,方向
64	形态词命中	➠	➠	U+27A0	HEAVY DASHED TRIANGLE-HEADED RIGHTWARDS ARROW	So	Common	Dingbats	1.1	false	false	true	true	线,角,方向
65	形态词命中	⭞	⭞	U+2B5E	BENT ARROW POINTING DOWNWARDS THEN NORTH EAST	So	Common	Miscellaneous Symbols and Arrows	7.0	false	false	true	true	点,方向
66	形态词命中	⭟	⭟	U+2B5F	SHORT BENT ARROW POINTING DOWNWARDS THEN NORTH EAST	So	Common	Miscellaneous Symbols and Arrows	7.0	false	false	true	true	点,方向
67	形态词命中	⭤	⭤	U+2B64	LEFT RIGHT TRIANGLE-HEADED ARROW	So	Common	Miscellaneous Symbols and Arrows	7.0	false	false	true	true	角,方向
68	形态词命中	⭥	⭥	U+2B65	UP DOWN TRIANGLE-HEADED ARROW	So	Common	Miscellaneous Symbols and Arrows	7.0	false	false	true	true	角,方向
69	形态词命中	⭦	⭦	U+2B66	NORTH WEST TRIANGLE-HEADED ARROW	So	Common	Miscellaneous Symbols and Arrows	7.0	false	false	true	true	角,方向
70	形态词命中	⭧	⭧	U+2B67	NORTH EAST TRIANGLE-HEADED ARROW	So	Common	Miscellaneous Symbols and Arrows	7.0	false	false	true	true	角,方向
71	形态词命中	⭨	⭨	U+2B68	SOUTH EAST TRIANGLE-HEADED ARROW	So	Common	Miscellaneous Symbols and Arrows	7.0	false	false	true	true	角,方向
72	形态词命中	⭩	⭩	U+2B69	SOUTH WEST TRIANGLE-HEADED ARROW	So	Common	Miscellaneous Symbols and Arrows	7.0	false	false	true	true	角,方向
73	形态词命中	⭪	⭪	U+2B6A	LEFTWARDS TRIANGLE-HEADED DASHED ARROW	So	Common	Miscellaneous Symbols and Arrows	7.0	false	false	true	true	线,角,方向
74	形态词命中	⭫	⭫	U+2B6B	UPWARDS TRIANGLE-HEADED DASHED ARROW	So	Common	Miscellaneous Symbols and Arrows	7.0	false	false	true	true	线,角,方向
75	形态词命中	⭬	⭬	U+2B6C	RIGHTWARDS TRIANGLE-HEADED DASHED ARROW	So	Common	Miscellaneous Symbols and Arrows	7.0	false	false	true	true	线,角,方向
76	形态词命中	⭭	⭭	U+2B6D	DOWNWARDS TRIANGLE-HEADED DASHED ARROW	So	Common	Miscellaneous Symbols and Arrows	7.0	false	false	true	true	线,角,方向
77	形态词命中	⭰	⭰	U+2B70	LEFTWARDS TRIANGLE-HEADED ARROW TO BAR	So	Common	Miscellaneous Symbols and Arrows	7.0	false	false	true	true	线,角,方向
78	形态词命中	⭱	⭱	U+2B71	UPWARDS TRIANGLE-HEADED ARROW TO BAR	So	Common	Miscellaneous Symbols and Arrows	7.0	false	false	true	true	线,角,方向
79	形态词命中	⭲	⭲	U+2B72	RIGHTWARDS TRIANGLE-HEADED ARROW TO BAR	So	Common	Miscellaneous Symbols and Arrows	7.0	false	false	true	true	线,角,方向
80	形态词命中	⭳	⭳	U+2B73	DOWNWARDS TRIANGLE-HEADED ARROW TO BAR	So	Common	Miscellaneous Symbols and Arrows	7.0	false	false	true	true	线,角,方向
81	形态词命中	⮀	⮀	U+2B80	LEFTWARDS TRIANGLE-HEADED ARROW OVER RIGHTWARDS TRIANGLE-HEADED ARROW	So	Common	Miscellaneous Symbols and Arrows	7.0	false	false	true	true	角,方向
82	形态词命中	⮂	⮂	U+2B82	RIGHTWARDS TRIANGLE-HEADED ARROW OVER LEFTWARDS TRIANGLE-HEADED ARROW	So	Common	Miscellaneous Symbols and Arrows	7.0	false	false	true	true	角,方向
83	形态词命中	⮠	⮠	U+2BA0	DOWNWARDS TRIANGLE-HEADED ARROW WITH LONG TIP LEFTWARDS	So	Common	Miscellaneous Symbols and Arrows	7.0	false	false	true	true	角,方向
84	形态词命中	⮡	⮡	U+2BA1	DOWNWARDS TRIANGLE-HEADED ARROW WITH LONG TIP RIGHTWARDS	So	Common	Miscellaneous Symbols and Arrows	7.0	false	false	true	true	角,方向
85	形态词命中	⮢	⮢	U+2BA2	UPWARDS TRIANGLE-HEADED ARROW WITH LONG TIP LEFTWARDS	So	Common	Miscellaneous Symbols and Arrows	7.0	false	false	true	true	角,方向
86	形态词命中	⮣	⮣	U+2BA3	UPWARDS TRIANGLE-HEADED ARROW WITH LONG TIP RIGHTWARDS	So	Common	Miscellaneous Symbols and Arrows	7.0	false	false	true	true	角,方向
87	形态词命中	⮤	⮤	U+2BA4	LEFTWARDS TRIANGLE-HEADED ARROW WITH LONG TIP UPWARDS	So	Common	Miscellaneous Symbols and Arrows	7.0	false	false	true	true	角,方向
88	形态词命中	⮥	⮥	U+2BA5	RIGHTWARDS TRIANGLE-HEADED ARROW WITH LONG TIP UPWARDS	So	Common	Miscellaneous Symbols and Arrows	7.0	false	false	true	true	角,方向
89	形态词命中	⮦	⮦	U+2BA6	LEFTWARDS TRIANGLE-HEADED ARROW WITH LONG TIP DOWNWARDS	So	Common	Miscellaneous Symbols and Arrows	7.0	false	false	true	true	角,方向
90	形态词命中	⮧	⮧	U+2BA7	RIGHTWARDS TRIANGLE-HEADED ARROW WITH LONG TIP DOWNWARDS	So	Common	Miscellaneous Symbols and Arrows	7.0	false	false	true	true	角,方向
91	形态词命中	⮹	⮹	U+2BB9	UP ARROWHEAD IN A RECTANGLE BOX	So	Common	Miscellaneous Symbols and Arrows	7.0	false	false	true	true	角,方向,方
92	形态词命中	𝅈	𝅈	U+1D148	MUSICAL SYMBOL TRIANGLE NOTEHEAD UP WHITE	So	Common	Musical Symbols	3.1	false	false	true	true	角,方向
93	形态词命中	𝅉	𝅉	U+1D149	MUSICAL SYMBOL TRIANGLE NOTEHEAD UP BLACK	So	Common	Musical Symbols	3.1	false	false	true	true	角,方向
94	形态词命中	𝅊	𝅊	U+1D14A	MUSICAL SYMBOL TRIANGLE NOTEHEAD LEFT WHITE	So	Common	Musical Symbols	3.1	false	false	true	true	角,方向
95	形态词命中	𝅋	𝅋	U+1D14B	MUSICAL SYMBOL TRIANGLE NOTEHEAD LEFT BLACK	So	Common	Musical Symbols	3.1	false	false	true	true	角,方向
96	形态词命中	𝅌	𝅌	U+1D14C	MUSICAL SYMBOL TRIANGLE NOTEHEAD RIGHT WHITE	So	Common	Musical Symbols	3.1	false	false	true	true	角,方向
97	形态词命中	𝅍	𝅍	U+1D14D	MUSICAL SYMBOL TRIANGLE NOTEHEAD RIGHT BLACK	So	Common	Musical Symbols	3.1	false	false	true	true	角,方向
98	形态词命中	𝅎	𝅎	U+1D14E	MUSICAL SYMBOL TRIANGLE NOTEHEAD DOWN WHITE	So	Common	Musical Symbols	3.1	false	false	true	true	角,方向
99	形态词命中	𝅏	𝅏	U+1D14F	MUSICAL SYMBOL TRIANGLE NOTEHEAD DOWN BLACK	So	Common	Musical Symbols	3.1	false	false	true	true	角,方向
100	形态词命中	🞀	🞀	U+1F780	BLACK LEFT-POINTING ISOSCELES RIGHT TRIANGLE	So	Common	Geometric Shapes Extended	7.0	false	false	true	true	点,角,方向
101	形态词命中	🞁	🞁	U+1F781	BLACK UP-POINTING ISOSCELES RIGHT TRIANGLE	So	Common	Geometric Shapes Extended	7.0	false	false	true	true	点,角,方向
102	形态词命中	🞃	🞃	U+1F783	BLACK DOWN-POINTING ISOSCELES RIGHT TRIANGLE	So	Common	Geometric Shapes Extended	7.0	false	false	true	true	点,角,方向
103	形态词命中	🢰	🢰	U+1F8B0	ARROW POINTING UPWARDS THEN NORTH WEST	So	Common	Supplemental Arrows-C	13.0	false	false	true	true	点,方向
104	形态词命中	🢱	🢱	U+1F8B1	ARROW POINTING RIGHTWARDS THEN CURVING SOUTH WEST	So	Common	Supplemental Arrows-C	13.0	false	false	true	true	点,方向
105	形态词命中+Emoji	↔	↔	U+2194	LEFT RIGHT ARROW	Sm	Common	Arrows	1.1	true	false	true	true	方向
106	形态词命中+Emoji	⏸	⏸	U+23F8	DOUBLE VERTICAL BAR	So	Common	Miscellaneous Technical	7.0	true	false	true	true	线,对称
107	形态词命中+Emoji	☀	☀	U+2600	BLACK SUN WITH RAYS	So	Common	Miscellaneous Symbols	1.1	true	false	true	true	星芒
108	形态词命中+Emoji	☝	☝	U+261D	WHITE UP POINTING INDEX	So	Common	Miscellaneous Symbols	1.1	true	false	true	true	点,方向
109	形态词命中+Emoji	✴	✴	U+2734	EIGHT POINTED BLACK STAR	So	Common	Dingbats	1.1	true	false	true	true	点,星芒
110	形态词命中+Emoji	❎	❎	U+274E	NEGATIVE SQUARED CROSS MARK	So	Common	Dingbats	6.0	true	false	true	true	对称,方
111	形态词命中+Emoji	❣	❣	U+2763	HEAVY HEART EXCLAMATION MARK ORNAMENT	So	Common	Dingbats	1.1	true	false	true	true	曲线
112	形态词命中+Emoji	➡	➡	U+27A1	BLACK RIGHTWARDS ARROW	So	Common	Dingbats	1.1	true	false	true	true	方向
113	形态词命中+Emoji	➰	➰	U+27B0	CURLY LOOP	So	Common	Dingbats	6.0	true	false	true	true	曲线
114	形态词命中+Emoji	⬅	⬅	U+2B05	LEFTWARDS BLACK ARROW	So	Common	Miscellaneous Symbols and Arrows	4.0	true	false	true	true	方向
115	形态词命中+Emoji	⬆	⬆	U+2B06	UPWARDS BLACK ARROW	So	Common	Miscellaneous Symbols and Arrows	4.0	true	false	true	true	方向
116	形态词命中+Emoji	⬇	⬇	U+2B07	DOWNWARDS BLACK ARROW	So	Common	Miscellaneous Symbols and Arrows	4.0	true	false	true	true	方向
117	形态词命中+Emoji	🆙	🆙	U+1F199	SQUARED UP WITH EXCLAMATION MARK	So	Common	Enclosed Alphanumeric Supplement	6.0	true	false	true	true	方向,方
118	形态词命中+Emoji	🌚	🌚	U+1F31A	NEW MOON WITH FACE	So	Common	Miscellaneous Symbols and Pictographs	6.0	true	false	true	true	曲线
119	形态词命中+Emoji	🌛	🌛	U+1F31B	FIRST QUARTER MOON WITH FACE	So	Common	Miscellaneous Symbols and Pictographs	6.0	true	false	true	true	曲线
120	形态词命中+Emoji	🌜	🌜	U+1F31C	LAST QUARTER MOON WITH FACE	So	Common	Miscellaneous Symbols and Pictographs	6.0	true	false	true	true	曲线
121	形态词命中+Emoji	🌝	🌝	U+1F31D	FULL MOON WITH FACE	So	Common	Miscellaneous Symbols and Pictographs	6.0	true	false	true	true	曲线
122	形态词命中+Emoji	🌞	🌞	U+1F31E	SUN WITH FACE	So	Common	Miscellaneous Symbols and Pictographs	6.0	true	false	true	true	星芒
123	形态词命中+Emoji	🌻	🌻	U+1F33B	SUNFLOWER	So	Common	Miscellaneous Symbols and Pictographs	6.0	true	false	true	true	星芒
124	形态词命中+Emoji	🍵	🍵	U+1F375	TEACUP WITHOUT HANDLE	So	Common	Miscellaneous Symbols and Pictographs	6.0	true	false	true	true	方向
125	形态词命中+Emoji	💑	💑	U+1F491	COUPLE WITH HEART	So	Common	Miscellaneous Symbols and Pictographs	6.0	true	false	true	true	方向,曲线
126	形态词命中+Emoji	💖	💖	U+1F496	SPARKLING HEART	So	Common	Miscellaneous Symbols and Pictographs	6.0	true	false	true	true	星芒,曲线
127	形态词命中+Emoji	💘	💘	U+1F498	HEART WITH ARROW	So	Common	Miscellaneous Symbols and Pictographs	6.0	true	false	true	true	方向,曲线
128	形态词命中+Emoji	💠	💠	U+1F4A0	DIAMOND SHAPE WITH A DOT INSIDE	So	Common	Miscellaneous Symbols and Pictographs	6.0	true	false	true	true	点
129	形态词命中+Emoji	📤	📤	U+1F4E4	OUTBOX TRAY	So	Common	Miscellaneous Symbols and Pictographs	6.0	true	false	true	true	方,星芒
130	形态词命中+Emoji	📥	📥	U+1F4E5	INBOX TRAY	So	Common	Miscellaneous Symbols and Pictographs	6.0	true	false	true	true	方,星芒
131	形态词命中+Emoji	📩	📩	U+1F4E9	ENVELOPE WITH DOWNWARDS ARROW ABOVE	So	Common	Miscellaneous Symbols and Pictographs	6.0	true	false	true	true	方向
132	形态词命中+Emoji	🔀	🔀	U+1F500	TWISTED RIGHTWARDS ARROWS	So	Common	Miscellaneous Symbols and Pictographs	6.0	true	false	true	true	方向
133	形态词命中+Emoji	🔍	🔍	U+1F50D	LEFT-POINTING MAGNIFYING GLASS	So	Common	Miscellaneous Symbols and Pictographs	6.0	true	false	true	true	点,方向
134	形态词命中+Emoji	🔎	🔎	U+1F50E	RIGHT-POINTING MAGNIFYING GLASS	So	Common	Miscellaneous Symbols and Pictographs	6.0	true	false	true	true	点,方向
135	形态词命中+Emoji	🔙	🔙	U+1F519	BACK WITH LEFTWARDS ARROW ABOVE	So	Common	Miscellaneous Symbols and Pictographs	6.0	true	false	true	true	方向
136	形态词命中+Emoji	🔚	🔚	U+1F51A	END WITH LEFTWARDS ARROW ABOVE	So	Common	Miscellaneous Symbols and Pictographs	6.0	true	false	true	true	方向
137	形态词命中+Emoji	🔜	🔜	U+1F51C	SOON WITH RIGHTWARDS ARROW ABOVE	So	Common	Miscellaneous Symbols and Pictographs	6.0	true	false	true	true	方向
138	形态词命中+Emoji	🔝	🔝	U+1F51D	TOP WITH UPWARDS ARROW ABOVE	So	Common	Miscellaneous Symbols and Pictographs	6.0	true	false	true	true	方向
139	形态词命中+Emoji	🖊	🖊	U+1F58A	LOWER LEFT BALLPOINT PEN	So	Common	Miscellaneous Symbols and Pictographs	7.0	true	false	true	true	点,方向
140	形态词命中+Emoji	🖍	🖍	U+1F58D	LOWER LEFT CRAYON	So	Common	Miscellaneous Symbols and Pictographs	7.0	true	false	true	true	方向,星芒
141	形态词命中+Emoji	🖖	🖖	U+1F596	RAISED HAND WITH PART BETWEEN MIDDLE AND RING FINGERS	So	Common	Miscellaneous Symbols and Pictographs	7.0	true	false	true	true	圆
142	形态词命中+Emoji	🗒	🗒	U+1F5D2	SPIRAL NOTE PAD	So	Common	Miscellaneous Symbols and Pictographs	7.0	true	false	true	true	曲线
143	形态词命中+Emoji	😋	😋	U+1F60B	FACE SAVOURING DELICIOUS FOOD	So	Common	Emoticons	6.0	true	false	true	true	圆
144	形态词命中+Emoji	😎	😎	U+1F60E	SMILING FACE WITH SUNGLASSES	So	Common	Emoticons	6.0	true	false	true	true	星芒
145	形态词命中+Emoji	😞	😞	U+1F61E	DISAPPOINTED FACE	So	Common	Emoticons	6.0	true	false	true	true	点
146	形态词命中+Emoji	😣	😣	U+1F623	PERSEVERING FACE	So	Common	Emoticons	6.0	true	false	true	true	圆
147	形态词命中+Emoji	😥	😥	U+1F625	DISAPPOINTED BUT RELIEVED FACE	So	Common	Emoticons	6.0	true	false	true	true	点
148	形态词命中+Emoji	🤞	🤞	U+1F91E	HAND WITH INDEX AND MIDDLE FINGERS CROSSED	So	Common	Supplemental Symbols and Pictographs	9.0	true	false	true	true	对称
149	形态词命中+Emoji	🤫	🤫	U+1F92B	FACE WITH FINGER COVERING CLOSED LIPS	So	Common	Supplemental Symbols and Pictographs	10.0	true	false	true	true	圆
150	形态词命中+Emoji	🤬	🤬	U+1F92C	SERIOUS FACE WITH SYMBOLS COVERING MOUTH	So	Common	Supplemental Symbols and Pictographs	10.0	true	false	true	true	圆
151	形态词命中+Emoji	🫰	🫰	U+1FAF0	HAND WITH INDEX FINGER AND THUMB CROSSED	So	Common	Symbols and Pictographs Extended-A	14.0	true	false	true	true	对称
152	形态词命中+Emoji	🫱	🫱	U+1FAF1	RIGHTWARDS HAND	So	Common	Symbols and Pictographs Extended-A	14.0	true	false	true	true	方向
153	形态词命中+Emoji	🫲	🫲	U+1FAF2	LEFTWARDS HAND	So	Common	Symbols and Pictographs Extended-A	14.0	true	false	true	true	方向
154	形态词命中+Emoji	🫳	🫳	U+1FAF3	PALM DOWN HAND	So	Common	Symbols and Pictographs Extended-A	14.0	true	false	true	true	方向
155	形态词命中+Emoji	🫴	🫴	U+1FAF4	PALM UP HAND	So	Common	Symbols and Pictographs Extended-A	14.0	true	false	true	true	方向
156	形态词命中+Emoji	🫶	🫶	U+1FAF6	HEART HANDS	So	Common	Symbols and Pictographs Extended-A	14.0	true	false	true	true	曲线
157	形态词命中+Emoji	🫷	🫷	U+1FAF7	LEFTWARDS PUSHING HAND	So	Common	Symbols and Pictographs Extended-A	15.0	true	false	true	true	方向
158	形态词命中+Emoji	🫸	🫸	U+1FAF8	RIGHTWARDS PUSHING HAND	So	Common	Symbols and Pictographs Extended-A	15.0	true	false	true	true	方向
159	形态词命中	⇎	⇎	U+21CE	LEFT RIGHT DOUBLE ARROW WITH STROKE	Sm	Common	Arrows	1.1	false	false	true	true	线,方向,对称
160	形态词命中	⇼	⇼	U+21FC	LEFT RIGHT ARROW WITH DOUBLE VERTICAL STROKE	Sm	Common	Arrows	3.2	false	false	true	true	线,方向,对称
161	形态词命中	⤄	⤄	U+2904	LEFT RIGHT DOUBLE ARROW WITH VERTICAL STROKE	Sm	Common	Supplemental Arrows-B	3.2	false	false	true	true	线,方向,对称
162	形态词命中	⤡	⤡	U+2921	NORTH WEST AND SOUTH EAST ARROW	Sm	Common	Supplemental Arrows-B	3.2	false	false	true	true	方向
163	形态词命中	⤢	⤢	U+2922	NORTH EAST AND SOUTH WEST ARROW	Sm	Common	Supplemental Arrows-B	3.2	false	false	true	true	方向
164	形态词命中	⤭	⤭	U+292D	SOUTH EAST ARROW CROSSING NORTH EAST ARROW	Sm	Common	Supplemental Arrows-B	3.2	false	false	true	true	方向,对称
165	形态词命中	⤮	⤮	U+292E	NORTH EAST ARROW CROSSING SOUTH EAST ARROW	Sm	Common	Supplemental Arrows-B	3.2	false	false	true	true	方向,对称
166	形态词命中	⤱	⤱	U+2931	NORTH EAST ARROW CROSSING NORTH WEST ARROW	Sm	Common	Supplemental Arrows-B	3.2	false	false	true	true	方向,对称
167	形态词命中	⤲	⤲	U+2932	NORTH WEST ARROW CROSSING NORTH EAST ARROW	Sm	Common	Supplemental Arrows-B	3.2	false	false	true	true	方向,对称
168	形态词命中	⥊	⥊	U+294A	LEFT BARB UP RIGHT BARB DOWN HARPOON	Sm	Common	Supplemental Arrows-B	3.2	false	false	true	true	线,方向
169	形态词命中	⥋	⥋	U+294B	LEFT BARB DOWN RIGHT BARB UP HARPOON	Sm	Common	Supplemental Arrows-B	3.2	false	false	true	true	线,方向
170	形态词命中	⥌	⥌	U+294C	UP BARB RIGHT DOWN BARB LEFT HARPOON	Sm	Common	Supplemental Arrows-B	3.2	false	false	true	true	线,方向
171	形态词命中	⥍	⥍	U+294D	UP BARB LEFT DOWN BARB RIGHT HARPOON	Sm	Common	Supplemental Arrows-B	3.2	false	false	true	true	线,方向
172	形态词命中	⥮	⥮	U+296E	UPWARDS HARPOON WITH BARB LEFT BESIDE DOWNWARDS HARPOON WITH BARB RIGHT	Sm	Common	Supplemental Arrows-B	3.2	false	false	true	true	线,方向
173	形态词命中	⥯	⥯	U+296F	DOWNWARDS HARPOON WITH BARB LEFT BESIDE UPWARDS HARPOON WITH BARB RIGHT	Sm	Common	Supplemental Arrows-B	3.2	false	false	true	true	线,方向
174	形态词命中	⦨	⦨	U+29A8	MEASURED ANGLE WITH OPEN ARM ENDING IN ARROW POINTING UP AND RIGHT	Sm	Common	Miscellaneous Mathematical Symbols-B	3.2	false	false	true	true	点,角,方向
175	形态词命中	⦩	⦩	U+29A9	MEASURED ANGLE WITH OPEN ARM ENDING IN ARROW POINTING UP AND LEFT	Sm	Common	Miscellaneous Mathematical Symbols-B	3.2	false	false	true	true	点,角,方向
176	形态词命中	⦪	⦪	U+29AA	MEASURED ANGLE WITH OPEN ARM ENDING IN ARROW POINTING DOWN AND RIGHT	Sm	Common	Miscellaneous Mathematical Symbols-B	3.2	false	false	true	true	点,角,方向
177	形态词命中	⦫	⦫	U+29AB	MEASURED ANGLE WITH OPEN ARM ENDING IN ARROW POINTING DOWN AND LEFT	Sm	Common	Miscellaneous Mathematical Symbols-B	3.2	false	false	true	true	点,角,方向
178	形态词命中	⦬	⦬	U+29AC	MEASURED ANGLE WITH OPEN ARM ENDING IN ARROW POINTING RIGHT AND UP	Sm	Common	Miscellaneous Mathematical Symbols-B	3.2	false	false	true	true	点,角,方向
179	形态词命中	⦭	⦭	U+29AD	MEASURED ANGLE WITH OPEN ARM ENDING IN ARROW POINTING LEFT AND UP	Sm	Common	Miscellaneous Mathematical Symbols-B	3.2	false	false	true	true	点,角,方向
180	形态词命中	⦮	⦮	U+29AE	MEASURED ANGLE WITH OPEN ARM ENDING IN ARROW POINTING RIGHT AND DOWN	Sm	Common	Miscellaneous Mathematical Symbols-B	3.2	false	false	true	true	点,角,方向
181	形态词命中	⦯	⦯	U+29AF	MEASURED ANGLE WITH OPEN ARM ENDING IN ARROW POINTING LEFT AND DOWN	Sm	Common	Miscellaneous Mathematical Symbols-B	3.2	false	false	true	true	点,角,方向
182	形态词命中	⧨	⧨	U+29E8	DOWN-POINTING TRIANGLE WITH LEFT HALF BLACK	Sm	Common	Miscellaneous Mathematical Symbols-B	3.2	false	false	true	true	点,角,方向
183	形态词命中	⧩	⧩	U+29E9	DOWN-POINTING TRIANGLE WITH RIGHT HALF BLACK	Sm	Common	Miscellaneous Mathematical Symbols-B	3.2	false	false	true	true	点,角,方向
184	形态词命中	↭	↭	U+21AD	LEFT RIGHT WAVE ARROW	So	Common	Arrows	1.1	false	false	true	true	线,方向
185	形态词命中	↴	↴	U+21B4	RIGHTWARDS ARROW WITH CORNER DOWNWARDS	So	Common	Arrows	1.1	false	false	true	true	角,方向
186	形态词命中	↵	↵	U+21B5	DOWNWARDS ARROW WITH CORNER LEFTWARDS	So	Common	Arrows	1.1	false	false	true	true	角,方向
187	形态词命中	↸	↸	U+21B8	NORTH WEST ARROW TO LONG BAR	So	Common	Arrows	1.1	false	false	true	true	线,方向
188	形态词命中	↹	↹	U+21B9	LEFTWARDS ARROW TO BAR OVER RIGHTWARDS ARROW TO BAR	So	Common	Arrows	1.1	false	false	true	true	线,方向
189	形态词命中	⇅	⇅	U+21C5	UPWARDS ARROW LEFTWARDS OF DOWNWARDS ARROW	So	Common	Arrows	1.1	false	false	true	true	方向
190	形态词命中	⇍	⇍	U+21CD	LEFTWARDS DOUBLE ARROW WITH STROKE	So	Common	Arrows	1.1	false	false	true	true	线,方向,对称
191	形态词命中	⇕	⇕	U+21D5	UP DOWN DOUBLE ARROW	So	Common	Arrows	1.1	false	false	true	true	方向,对称
192	形态词命中	⇖	⇖	U+21D6	NORTH WEST DOUBLE ARROW	So	Common	Arrows	1.1	false	false	true	true	方向,对称
193	形态词命中	⇗	⇗	U+21D7	NORTH EAST DOUBLE ARROW	So	Common	Arrows	1.1	false	false	true	true	方向,对称
194	形态词命中	⇘	⇘	U+21D8	SOUTH EAST DOUBLE ARROW	So	Common	Arrows	1.1	false	false	true	true	方向,对称
195	形态词命中	⇙	⇙	U+21D9	SOUTH WEST DOUBLE ARROW	So	Common	Arrows	1.1	false	false	true	true	方向,对称
196	形态词命中	⇞	⇞	U+21DE	UPWARDS ARROW WITH DOUBLE STROKE	So	Common	Arrows	1.1	false	false	true	true	线,方向,对称
197	形态词命中	⇟	⇟	U+21DF	DOWNWARDS ARROW WITH DOUBLE STROKE	So	Common	Arrows	1.1	false	false	true	true	线,方向,对称
198	形态词命中	⇱	⇱	U+21F1	NORTH WEST ARROW TO CORNER	So	Common	Arrows	3.0	false	false	true	true	角,方向
199	形态词命中	⇲	⇲	U+21F2	SOUTH EAST ARROW TO CORNER	So	Common	Arrows	3.0	false	false	true	true	角,方向
200	形态词命中	⎊	⎊	U+238A	CIRCLED TRIANGLE DOWN	So	Common	Miscellaneous Technical	3.0	false	false	true	true	圆,角,方向
201	形态词命中	⎋	⎋	U+238B	BROKEN CIRCLE WITH NORTHWEST ARROW	So	Common	Miscellaneous Technical	3.0	false	false	true	true	圆,方向
202	形态词命中	⏴	⏴	U+23F4	BLACK MEDIUM LEFT-POINTING TRIANGLE	So	Common	Miscellaneous Technical	7.0	false	false	true	true	点,角,方向
203	形态词命中	⏵	⏵	U+23F5	BLACK MEDIUM RIGHT-POINTING TRIANGLE	So	Common	Miscellaneous Technical	7.0	false	false	true	true	点,角,方向
204	形态词命中	⏶	⏶	U+23F6	BLACK MEDIUM UP-POINTING TRIANGLE	So	Common	Miscellaneous Technical	7.0	false	false	true	true	点,角,方向
205	形态词命中	⏷	⏷	U+23F7	BLACK MEDIUM DOWN-POINTING TRIANGLE	So	Common	Miscellaneous Technical	7.0	false	false	true	true	点,角,方向
206	形态词命中	┈	┈	U+2508	BOX DRAWINGS LIGHT QUADRUPLE DASH HORIZONTAL	So	Common	Box Drawing	1.1	false	false	true	true	线,方向,对称,方
207	形态词命中	┉	┉	U+2509	BOX DRAWINGS HEAVY QUADRUPLE DASH HORIZONTAL	So	Common	Box Drawing	1.1	false	false	true	true	线,方向,对称,方
208	形态词命中	┊	┊	U+250A	BOX DRAWINGS LIGHT QUADRUPLE DASH VERTICAL	So	Common	Box Drawing	1.1	false	false	true	true	线,方向,对称,方
209	形态词命中	┋	┋	U+250B	BOX DRAWINGS HEAVY QUADRUPLE DASH VERTICAL	So	Common	Box Drawing	1.1	false	false	true	true	线,方向,对称,方
210	形态词命中	┞	┞	U+251E	BOX DRAWINGS UP HEAVY AND RIGHT DOWN LIGHT	So	Common	Box Drawing	1.1	false	false	true	true	方向,方
211	形态词命中	┟	┟	U+251F	BOX DRAWINGS DOWN HEAVY AND RIGHT UP LIGHT	So	Common	Box Drawing	1.1	false	false	true	true	方向,方
212	形态词命中	┡	┡	U+2521	BOX DRAWINGS DOWN LIGHT AND RIGHT UP HEAVY	So	Common	Box Drawing	1.1	false	false	true	true	方向,方
213	形态词命中	┢	┢	U+2522	BOX DRAWINGS UP LIGHT AND RIGHT DOWN HEAVY	So	Common	Box Drawing	1.1	false	false	true	true	方向,方
214	形态词命中	┦	┦	U+2526	BOX DRAWINGS UP HEAVY AND LEFT DOWN LIGHT	So	Common	Box Drawing	1.1	false	false	true	true	方向,方
215	形态词命中	┧	┧	U+2527	BOX DRAWINGS DOWN HEAVY AND LEFT UP LIGHT	So	Common	Box Drawing	1.1	false	false	true	true	方向,方
216	形态词命中	┩	┩	U+2529	BOX DRAWINGS DOWN LIGHT AND LEFT UP HEAVY	So	Common	Box Drawing	1.1	false	false	true	true	方向,方
217	形态词命中	┪	┪	U+252A	BOX DRAWINGS UP LIGHT AND LEFT DOWN HEAVY	So	Common	Box Drawing	1.1	false	false	true	true	方向,方
218	形态词命中	┭	┭	U+252D	BOX DRAWINGS LEFT HEAVY AND RIGHT DOWN LIGHT	So	Common	Box Drawing	1.1	false	false	true	true	方向,方
219	形态词命中	┮	┮	U+252E	BOX DRAWINGS RIGHT HEAVY AND LEFT DOWN LIGHT	So	Common	Box Drawing	1.1	false	false	true	true	方向,方
220	形态词命中	┱	┱	U+2531	BOX DRAWINGS RIGHT LIGHT AND LEFT DOWN HEAVY	So	Common	Box Drawing	1.1	false	false	true	true	方向,方
221	形态词命中	┲	┲	U+2532	BOX DRAWINGS LEFT LIGHT AND RIGHT DOWN HEAVY	So	Common	Box Drawing	1.1	false	false	true	true	方向,方
222	形态词命中	┵	┵	U+2535	BOX DRAWINGS LEFT HEAVY AND RIGHT UP LIGHT	So	Common	Box Drawing	1.1	false	false	true	true	方向,方
223	形态词命中	┶	┶	U+2536	BOX DRAWINGS RIGHT HEAVY AND LEFT UP LIGHT	So	Common	Box Drawing	1.1	false	false	true	true	方向,方
224	形态词命中	┹	┹	U+2539	BOX DRAWINGS RIGHT LIGHT AND LEFT UP HEAVY	So	Common	Box Drawing	1.1	false	false	true	true	方向,方
225	形态词命中	┺	┺	U+253A	BOX DRAWINGS LEFT LIGHT AND RIGHT UP HEAVY	So	Common	Box Drawing	1.1	false	false	true	true	方向,方
226	形态词命中	╒	╒	U+2552	BOX DRAWINGS DOWN SINGLE AND RIGHT DOUBLE	So	Common	Box Drawing	1.1	false	false	true	true	方向,对称,方
227	形态词命中	╓	╓	U+2553	BOX DRAWINGS DOWN DOUBLE AND RIGHT SINGLE	So	Common	Box Drawing	1.1	false	false	true	true	方向,对称,方
228	形态词命中	╔	╔	U+2554	BOX DRAWINGS DOUBLE DOWN AND RIGHT	So	Common	Box Drawing	1.1	false	false	true	true	方向,对称,方
229	形态词命中	╕	╕	U+2555	BOX DRAWINGS DOWN SINGLE AND LEFT DOUBLE	So	Common	Box Drawing	1.1	false	false	true	true	方向,对称,方
230	形态词命中	╖	╖	U+2556	BOX DRAWINGS DOWN DOUBLE AND LEFT SINGLE	So	Common	Box Drawing	1.1	false	false	true	true	方向,对称,方
231	形态词命中	╗	╗	U+2557	BOX DRAWINGS DOUBLE DOWN AND LEFT	So	Common	Box Drawing	1.1	false	false	true	true	方向,对称,方
232	形态词命中	╘	╘	U+2558	BOX DRAWINGS UP SINGLE AND RIGHT DOUBLE	So	Common	Box Drawing	1.1	false	false	true	true	方向,对称,方
233	形态词命中	╙	╙	U+2559	BOX DRAWINGS UP DOUBLE AND RIGHT SINGLE	So	Common	Box Drawing	1.1	false	false	true	true	方向,对称,方
234	形态词命中	╚	╚	U+255A	BOX DRAWINGS DOUBLE UP AND RIGHT	So	Common	Box Drawing	1.1	false	false	true	true	方向,对称,方
235	形态词命中	╛	╛	U+255B	BOX DRAWINGS UP SINGLE AND LEFT DOUBLE	So	Common	Box Drawing	1.1	false	false	true	true	方向,对称,方
236	形态词命中	╜	╜	U+255C	BOX DRAWINGS UP DOUBLE AND LEFT SINGLE	So	Common	Box Drawing	1.1	false	false	true	true	方向,对称,方
237	形态词命中	╝	╝	U+255D	BOX DRAWINGS DOUBLE UP AND LEFT	So	Common	Box Drawing	1.1	false	false	true	true	方向,对称,方
238	形态词命中	╭	╭	U+256D	BOX DRAWINGS LIGHT ARC DOWN AND RIGHT	So	Common	Box Drawing	1.1	false	false	true	true	线,方向,方
239	形态词命中	╮	╮	U+256E	BOX DRAWINGS LIGHT ARC DOWN AND LEFT	So	Common	Box Drawing	1.1	false	false	true	true	线,方向,方
240	形态词命中	╯	╯	U+256F	BOX DRAWINGS LIGHT ARC UP AND LEFT	So	Common	Box Drawing	1.1	false	false	true	true	线,方向,方
241	形态词命中	╰	╰	U+2570	BOX DRAWINGS LIGHT ARC UP AND RIGHT	So	Common	Box Drawing	1.1	false	false	true	true	线,方向,方
242	形态词命中	╱	╱	U+2571	BOX DRAWINGS LIGHT DIAGONAL UPPER RIGHT TO LOWER LEFT	So	Common	Box Drawing	1.1	false	false	true	true	方向,方
243	形态词命中	╲	╲	U+2572	BOX DRAWINGS LIGHT DIAGONAL UPPER LEFT TO LOWER RIGHT	So	Common	Box Drawing	1.1	false	false	true	true	方向,方
244	形态词命中	▙	▙	U+2599	QUADRANT UPPER LEFT AND LOWER LEFT AND LOWER RIGHT	So	Common	Block Elements	3.2	false	false	true	true	方向,对称
245	形态词命中	▚	▚	U+259A	QUADRANT UPPER LEFT AND LOWER RIGHT	So	Common	Block Elements	3.2	false	false	true	true	方向,对称
246	形态词命中	▛	▛	U+259B	QUADRANT UPPER LEFT AND UPPER RIGHT AND LOWER LEFT	So	Common	Block Elements	3.2	false	false	true	true	方向,对称
247	形态词命中	▜	▜	U+259C	QUADRANT UPPER LEFT AND UPPER RIGHT AND LOWER RIGHT	So	Common	Block Elements	3.2	false	false	true	true	方向,对称
248	形态词命中	▞	▞	U+259E	QUADRANT UPPER RIGHT AND LOWER LEFT	So	Common	Block Elements	3.2	false	false	true	true	方向,对称
249	形态词命中	▟	▟	U+259F	QUADRANT UPPER RIGHT AND LOWER LEFT AND LOWER RIGHT	So	Common	Block Elements	3.2	false	false	true	true	方向,对称
250	形态词命中	▧	▧	U+25A7	SQUARE WITH UPPER LEFT TO LOWER RIGHT FILL	So	Common	Geometric Shapes	1.1	false	false	true	true	方向,方
251	形态词命中	▨	▨	U+25A8	SQUARE WITH UPPER RIGHT TO LOWER LEFT FILL	So	Common	Geometric Shapes	1.1	false	false	true	true	方向,方
252	形态词命中	▲	▲	U+25B2	BLACK UP-POINTING TRIANGLE	So	Common	Geometric Shapes	1.1	false	false	true	true	点,角,方向
253	形态词命中	△	△	U+25B3	WHITE UP-POINTING TRIANGLE	So	Common	Geometric Shapes	1.1	false	false	true	true	点,角,方向
254	形态词命中	▴	▴	U+25B4	BLACK UP-POINTING SMALL TRIANGLE	So	Common	Geometric Shapes	1.1	false	false	true	true	点,角,方向
255	形态词命中	▵	▵	U+25B5	WHITE UP-POINTING SMALL TRIANGLE	So	Common	Geometric Shapes	1.1	false	false	true	true	点,角,方向
256	形态词命中	▸	▸	U+25B8	BLACK RIGHT-POINTING SMALL TRIANGLE	So	Common	Geometric Shapes	1.1	false	false	true	true	点,角,方向
257	形态词命中	▹	▹	U+25B9	WHITE RIGHT-POINTING SMALL TRIANGLE	So	Common	Geometric Shapes	1.1	false	false	true	true	点,角,方向
258	形态词命中	▼	▼	U+25BC	BLACK DOWN-POINTING TRIANGLE	So	Common	Geometric Shapes	1.1	false	false	true	true	点,角,方向
259	形态词命中	▽	▽	U+25BD	WHITE DOWN-POINTING TRIANGLE	So	Common	Geometric Shapes	1.1	false	false	true	true	点,角,方向
260	形态词命中	▾	▾	U+25BE	BLACK DOWN-POINTING SMALL TRIANGLE	So	Common	Geometric Shapes	1.1	false	false	true	true	点,角,方向
261	形态词命中	▿	▿	U+25BF	WHITE DOWN-POINTING SMALL TRIANGLE	So	Common	Geometric Shapes	1.1	false	false	true	true	点,角,方向
262	形态词命中	◂	◂	U+25C2	BLACK LEFT-POINTING SMALL TRIANGLE	So	Common	Geometric Shapes	1.1	false	false	true	true	点,角,方向
263	形态词命中	◃	◃	U+25C3	WHITE LEFT-POINTING SMALL TRIANGLE	So	Common	Geometric Shapes	1.1	false	false	true	true	点,角,方向
264	形态词命中	◔	◔	U+25D4	CIRCLE WITH UPPER RIGHT QUADRANT BLACK	So	Common	Geometric Shapes	1.1	false	false	true	true	圆,方向,对称
265	形态词命中	◕	◕	U+25D5	CIRCLE WITH ALL BUT UPPER LEFT QUADRANT BLACK	So	Common	Geometric Shapes	1.1	false	false	true	true	圆,方向,对称
266	形态词命中	◜	◜	U+25DC	UPPER LEFT QUADRANT CIRCULAR ARC	So	Common	Geometric Shapes	1.1	false	false	true	true	线,方向,对称
267	形态词命中	◝	◝	U+25DD	UPPER RIGHT QUADRANT CIRCULAR ARC	So	Common	Geometric Shapes	1.1	false	false	true	true	线,方向,对称
268	形态词命中	◤	◤	U+25E4	BLACK UPPER LEFT TRIANGLE	So	Common	Geometric Shapes	1.1	false	false	true	true	角,方向
269	形态词命中	◥	◥	U+25E5	BLACK UPPER RIGHT TRIANGLE	So	Common	Geometric Shapes	1.1	false	false	true	true	角,方向
270	形态词命中	◰	◰	U+25F0	WHITE SQUARE WITH UPPER LEFT QUADRANT	So	Common	Geometric Shapes	3.0	false	false	true	true	方向,对称,方
271	形态词命中	◳	◳	U+25F3	WHITE SQUARE WITH UPPER RIGHT QUADRANT	So	Common	Geometric Shapes	3.0	false	false	true	true	方向,对称,方
272	形态词命中	◴	◴	U+25F4	WHITE CIRCLE WITH UPPER LEFT QUADRANT	So	Common	Geometric Shapes	3.0	false	false	true	true	圆,方向,对称
273	形态词命中	◷	◷	U+25F7	WHITE CIRCLE WITH UPPER RIGHT QUADRANT	So	Common	Geometric Shapes	3.0	false	false	true	true	圆,方向,对称
274	形态词命中	⛛	⛛	U+26DB	HEAVY WHITE DOWN-POINTING TRIANGLE	So	Common	Miscellaneous Symbols	5.2	false	false	true	true	点,角,方向
275	形态词命中	➝	➝	U+279D	TRIANGLE-HEADED RIGHTWARDS ARROW	So	Common	Dingbats	1.1	false	false	true	true	角,方向
276	形态词命中	➞	➞	U+279E	HEAVY TRIANGLE-HEADED RIGHTWARDS ARROW	So	Common	Dingbats	1.1	false	false	true	true	角,方向
277	形态词命中	⭅	⭅	U+2B45	LEFTWARDS QUADRUPLE ARROW	So	Common	Miscellaneous Symbols and Arrows	5.1	false	false	true	true	方向,对称
278	形态词命中	⭆	⭆	U+2B46	RIGHTWARDS QUADRUPLE ARROW	So	Common	Miscellaneous Symbols and Arrows	5.1	false	false	true	true	方向,对称
279	形态词命中	⭍	⭍	U+2B4D	DOWNWARDS TRIANGLE-HEADED ZIGZAG ARROW	So	Common	Miscellaneous Symbols and Arrows	7.0	false	false	true	true	角,方向
280	形态词命中	⭠	⭠	U+2B60	LEFTWARDS TRIANGLE-HEADED ARROW	So	Common	Miscellaneous Symbols and Arrows	7.0	false	false	true	true	角,方向
281	形态词命中	⭡	⭡	U+2B61	UPWARDS TRIANGLE-HEADED ARROW	So	Common	Miscellaneous Symbols and Arrows	7.0	false	false	true	true	角,方向
282	形态词命中	⭢	⭢	U+2B62	RIGHTWARDS TRIANGLE-HEADED ARROW	So	Common	Miscellaneous Symbols and Arrows	7.0	false	false	true	true	角,方向
283	形态词命中	⭣	⭣	U+2B63	DOWNWARDS TRIANGLE-HEADED ARROW	So	Common	Miscellaneous Symbols and Arrows	7.0	false	false	true	true	角,方向
284	形态词命中	⭮	⭮	U+2B6E	CLOCKWISE TRIANGLE-HEADED OPEN CIRCLE ARROW	So	Common	Miscellaneous Symbols and Arrows	7.0	false	false	true	true	圆,角,方向
285	形态词命中	⭯	⭯	U+2B6F	ANTICLOCKWISE TRIANGLE-HEADED OPEN CIRCLE ARROW	So	Common	Miscellaneous Symbols and Arrows	7.0	false	false	true	true	圆,角,方向
286	形态词命中	⮄	⮄	U+2B84	LEFTWARDS TRIANGLE-HEADED PAIRED ARROWS	So	Common	Miscellaneous Symbols and Arrows	7.0	false	false	true	true	角,方向
287	形态词命中	⮅	⮅	U+2B85	UPWARDS TRIANGLE-HEADED PAIRED ARROWS	So	Common	Miscellaneous Symbols and Arrows	7.0	false	false	true	true	角,方向
288	形态词命中	⮆	⮆	U+2B86	RIGHTWARDS TRIANGLE-HEADED PAIRED ARROWS	So	Common	Miscellaneous Symbols and Arrows	7.0	false	false	true	true	角,方向
289	形态词命中	⮇	⮇	U+2B87	DOWNWARDS TRIANGLE-HEADED PAIRED ARROWS	So	Common	Miscellaneous Symbols and Arrows	7.0	false	false	true	true	角,方向
290	形态词命中	⮌	⮌	U+2B8C	ANTICLOCKWISE TRIANGLE-HEADED RIGHT U-SHAPED ARROW	So	Common	Miscellaneous Symbols and Arrows	7.0	false	false	true	true	角,方向
291	形态词命中	⮎	⮎	U+2B8E	ANTICLOCKWISE TRIANGLE-HEADED LEFT U-SHAPED ARROW	So	Common	Miscellaneous Symbols and Arrows	7.0	false	false	true	true	角,方向
292	形态词命中	⯅	⯅	U+2BC5	BLACK MEDIUM UP-POINTING TRIANGLE CENTRED	So	Common	Miscellaneous Symbols and Arrows	7.0	false	false	true	true	点,角,方向
293	形态词命中	⯆	⯆	U+2BC6	BLACK MEDIUM DOWN-POINTING TRIANGLE CENTRED	So	Common	Miscellaneous Symbols and Arrows	7.0	false	false	true	true	点,角,方向
294	形态词命中	⯇	⯇	U+2BC7	BLACK MEDIUM LEFT-POINTING TRIANGLE CENTRED	So	Common	Miscellaneous Symbols and Arrows	7.0	false	false	true	true	点,角,方向
295	形态词命中	⯈	⯈	U+2BC8	BLACK MEDIUM RIGHT-POINTING TRIANGLE CENTRED	So	Common	Miscellaneous Symbols and Arrows	7.0	false	false	true	true	点,角,方向
296	形态词命中	⯬	⯬	U+2BEC	LEFTWARDS TWO-HEADED ARROW WITH TRIANGLE ARROWHEADS	So	Common	Miscellaneous Symbols and Arrows	8.0	false	false	true	true	角,方向
297	形态词命中	⯭	⯭	U+2BED	UPWARDS TWO-HEADED ARROW WITH TRIANGLE ARROWHEADS	So	Common	Miscellaneous Symbols and Arrows	8.0	false	false	true	true	角,方向
298	形态词命中	⯮	⯮	U+2BEE	RIGHTWARDS TWO-HEADED ARROW WITH TRIANGLE ARROWHEADS	So	Common	Miscellaneous Symbols and Arrows	8.0	false	false	true	true	角,方向
299	形态词命中	⯯	⯯	U+2BEF	DOWNWARDS TWO-HEADED ARROW WITH TRIANGLE ARROWHEADS	So	Common	Miscellaneous Symbols and Arrows	8.0	false	false	true	true	角,方向
300	形态词命中	𝄁	𝄁	U+1D101	MUSICAL SYMBOL DOUBLE BARLINE	So	Common	Musical Symbols	3.1	false	false	true	true	线,对称
301	形态词命中	𝄄	𝄄	U+1D104	MUSICAL SYMBOL DASHED BARLINE	So	Common	Musical Symbols	3.1	false	false	true	true	线
302	形态词命中	🖗	🖗	U+1F597	WHITE DOWN POINTING LEFT HAND INDEX	So	Common	Miscellaneous Symbols and Pictographs	7.0	false	false	true	true	点,方向
303	形态词命中	🗘	🗘	U+1F5D8	CLOCKWISE RIGHT AND LEFT SEMICIRCLE ARROWS	So	Common	Miscellaneous Symbols and Pictographs	7.0	false	false	true	true	圆,方向
304	形态词命中	🛆	🛆	U+1F6C6	TRIANGLE WITH ROUNDED CORNERS	So	Common	Transport and Map Symbols	7.0	false	false	true	true	圆,角
305	形态词命中	🞂	🞂	U+1F782	BLACK RIGHT-POINTING ISOSCELES RIGHT TRIANGLE	So	Common	Geometric Shapes Extended	7.0	false	false	true	true	点,角,方向
306	形态词命中	🠀	🠀	U+1F800	LEFTWARDS ARROW WITH SMALL TRIANGLE ARROWHEAD	So	Common	Supplemental Arrows-C	7.0	false	false	true	true	角,方向
307	形态词命中	🠁	🠁	U+1F801	UPWARDS ARROW WITH SMALL TRIANGLE ARROWHEAD	So	Common	Supplemental Arrows-C	7.0	false	false	true	true	角,方向
308	形态词命中	🠂	🠂	U+1F802	RIGHTWARDS ARROW WITH SMALL TRIANGLE ARROWHEAD	So	Common	Supplemental Arrows-C	7.0	false	false	true	true	角,方向
309	形态词命中	🠃	🠃	U+1F803	DOWNWARDS ARROW WITH SMALL TRIANGLE ARROWHEAD	So	Common	Supplemental Arrows-C	7.0	false	false	true	true	角,方向
310	形态词命中	🠄	🠄	U+1F804	LEFTWARDS ARROW WITH MEDIUM TRIANGLE ARROWHEAD	So	Common	Supplemental Arrows-C	7.0	false	false	true	true	角,方向
311	形态词命中	🠅	🠅	U+1F805	UPWARDS ARROW WITH MEDIUM TRIANGLE ARROWHEAD	So	Common	Supplemental Arrows-C	7.0	false	false	true	true	角,方向
312	形态词命中	🠆	🠆	U+1F806	RIGHTWARDS ARROW WITH MEDIUM TRIANGLE ARROWHEAD	So	Common	Supplemental Arrows-C	7.0	false	false	true	true	角,方向
313	形态词命中	🠇	🠇	U+1F807	DOWNWARDS ARROW WITH MEDIUM TRIANGLE ARROWHEAD	So	Common	Supplemental Arrows-C	7.0	false	false	true	true	角,方向
314	形态词命中	🠈	🠈	U+1F808	LEFTWARDS ARROW WITH LARGE TRIANGLE ARROWHEAD	So	Common	Supplemental Arrows-C	7.0	false	false	true	true	角,方向
315	形态词命中	🠉	🠉	U+1F809	UPWARDS ARROW WITH LARGE TRIANGLE ARROWHEAD	So	Common	Supplemental Arrows-C	7.0	false	false	true	true	角,方向
316	形态词命中	🠊	🠊	U+1F80A	RIGHTWARDS ARROW WITH LARGE TRIANGLE ARROWHEAD	So	Common	Supplemental Arrows-C	7.0	false	false	true	true	角,方向
317	形态词命中	🠋	🠋	U+1F80B	DOWNWARDS ARROW WITH LARGE TRIANGLE ARROWHEAD	So	Common	Supplemental Arrows-C	7.0	false	false	true	true	角,方向
318	形态词命中	🠠	🠠	U+1F820	LEFTWARDS TRIANGLE-HEADED ARROW WITH NARROW SHAFT	So	Common	Supplemental Arrows-C	7.0	false	false	true	true	角,方向
319	形态词命中	🠡	🠡	U+1F821	UPWARDS TRIANGLE-HEADED ARROW WITH NARROW SHAFT	So	Common	Supplemental Arrows-C	7.0	false	false	true	true	角,方向
320	形态词命中	🠢	🠢	U+1F822	RIGHTWARDS TRIANGLE-HEADED ARROW WITH NARROW SHAFT	So	Common	Supplemental Arrows-C	7.0	false	false	true	true	角,方向
321	形态词命中	🠣	🠣	U+1F823	DOWNWARDS TRIANGLE-HEADED ARROW WITH NARROW SHAFT	So	Common	Supplemental Arrows-C	7.0	false	false	true	true	角,方向
322	形态词命中	🠤	🠤	U+1F824	LEFTWARDS TRIANGLE-HEADED ARROW WITH MEDIUM SHAFT	So	Common	Supplemental Arrows-C	7.0	false	false	true	true	角,方向
323	形态词命中	🠥	🠥	U+1F825	UPWARDS TRIANGLE-HEADED ARROW WITH MEDIUM SHAFT	So	Common	Supplemental Arrows-C	7.0	false	false	true	true	角,方向
324	形态词命中	🠦	🠦	U+1F826	RIGHTWARDS TRIANGLE-HEADED ARROW WITH MEDIUM SHAFT	So	Common	Supplemental Arrows-C	7.0	false	false	true	true	角,方向
325	形态词命中	🠧	🠧	U+1F827	DOWNWARDS TRIANGLE-HEADED ARROW WITH MEDIUM SHAFT	So	Common	Supplemental Arrows-C	7.0	false	false	true	true	角,方向
326	形态词命中	🠨	🠨	U+1F828	LEFTWARDS TRIANGLE-HEADED ARROW WITH BOLD SHAFT	So	Common	Supplemental Arrows-C	7.0	false	false	true	true	角,方向
327	形态词命中	🠩	🠩	U+1F829	UPWARDS TRIANGLE-HEADED ARROW WITH BOLD SHAFT	So	Common	Supplemental Arrows-C	7.0	false	false	true	true	角,方向
328	形态词命中	🠪	🠪	U+1F82A	RIGHTWARDS TRIANGLE-HEADED ARROW WITH BOLD SHAFT	So	Common	Supplemental Arrows-C	7.0	false	false	true	true	角,方向
329	形态词命中	🠫	🠫	U+1F82B	DOWNWARDS TRIANGLE-HEADED ARROW WITH BOLD SHAFT	So	Common	Supplemental Arrows-C	7.0	false	false	true	true	角,方向
330	形态词命中	🠬	🠬	U+1F82C	LEFTWARDS TRIANGLE-HEADED ARROW WITH HEAVY SHAFT	So	Common	Supplemental Arrows-C	7.0	false	false	true	true	角,方向
331	形态词命中	🠭	🠭	U+1F82D	UPWARDS TRIANGLE-HEADED ARROW WITH HEAVY SHAFT	So	Common	Supplemental Arrows-C	7.0	false	false	true	true	角,方向
332	形态词命中	🠮	🠮	U+1F82E	RIGHTWARDS TRIANGLE-HEADED ARROW WITH HEAVY SHAFT	So	Common	Supplemental Arrows-C	7.0	false	false	true	true	角,方向
333	形态词命中	🠯	🠯	U+1F82F	DOWNWARDS TRIANGLE-HEADED ARROW WITH HEAVY SHAFT	So	Common	Supplemental Arrows-C	7.0	false	false	true	true	角,方向
334	形态词命中	🠰	🠰	U+1F830	LEFTWARDS TRIANGLE-HEADED ARROW WITH VERY HEAVY SHAFT	So	Common	Supplemental Arrows-C	7.0	false	false	true	true	角,方向
335	形态词命中	🠱	🠱	U+1F831	UPWARDS TRIANGLE-HEADED ARROW WITH VERY HEAVY SHAFT	So	Common	Supplemental Arrows-C	7.0	false	false	true	true	角,方向
336	形态词命中	🠲	🠲	U+1F832	RIGHTWARDS TRIANGLE-HEADED ARROW WITH VERY HEAVY SHAFT	So	Common	Supplemental Arrows-C	7.0	false	false	true	true	角,方向
337	形态词命中	🠳	🠳	U+1F833	DOWNWARDS TRIANGLE-HEADED ARROW WITH VERY HEAVY SHAFT	So	Common	Supplemental Arrows-C	7.0	false	false	true	true	角,方向
338	形态词命中	🡤	🡤	U+1F864	WIDE-HEADED NORTH WEST LIGHT BARB ARROW	So	Common	Supplemental Arrows-C	7.0	false	false	true	true	线,方向
339	形态词命中	🡥	🡥	U+1F865	WIDE-HEADED NORTH EAST LIGHT BARB ARROW	So	Common	Supplemental Arrows-C	7.0	false	false	true	true	线,方向
340	形态词命中	🡦	🡦	U+1F866	WIDE-HEADED SOUTH EAST LIGHT BARB ARROW	So	Common	Supplemental Arrows-C	7.0	false	false	true	true	线,方向
341	形态词命中	🡧	🡧	U+1F867	WIDE-HEADED SOUTH WEST LIGHT BARB ARROW	So	Common	Supplemental Arrows-C	7.0	false	false	true	true	线,方向
342	形态词命中	🡬	🡬	U+1F86C	WIDE-HEADED NORTH WEST BARB ARROW	So	Common	Supplemental Arrows-C	7.0	false	false	true	true	线,方向
343	形态词命中	🡭	🡭	U+1F86D	WIDE-HEADED NORTH EAST BARB ARROW	So	Common	Supplemental Arrows-C	7.0	false	false	true	true	线,方向
344	形态词命中	🡮	🡮	U+1F86E	WIDE-HEADED SOUTH EAST BARB ARROW	So	Common	Supplemental Arrows-C	7.0	false	false	true	true	线,方向
345	形态词命中	🡯	🡯	U+1F86F	WIDE-HEADED SOUTH WEST BARB ARROW	So	Common	Supplemental Arrows-C	7.0	false	false	true	true	线,方向
346	形态词命中	🡴	🡴	U+1F874	WIDE-HEADED NORTH WEST MEDIUM BARB ARROW	So	Common	Supplemental Arrows-C	7.0	false	false	true	true	线,方向
347	形态词命中	🡵	🡵	U+1F875	WIDE-HEADED NORTH EAST MEDIUM BARB ARROW	So	Common	Supplemental Arrows-C	7.0	false	false	true	true	线,方向
348	形态词命中	🡶	🡶	U+1F876	WIDE-HEADED SOUTH EAST MEDIUM BARB ARROW	So	Common	Supplemental Arrows-C	7.0	false	false	true	true	线,方向
349	形态词命中	🡷	🡷	U+1F877	WIDE-HEADED SOUTH WEST MEDIUM BARB ARROW	So	Common	Supplemental Arrows-C	7.0	false	false	true	true	线,方向
350	形态词命中	🡼	🡼	U+1F87C	WIDE-HEADED NORTH WEST HEAVY BARB ARROW	So	Common	Supplemental Arrows-C	7.0	false	false	true	true	线,方向
351	形态词命中	🡽	🡽	U+1F87D	WIDE-HEADED NORTH EAST HEAVY BARB ARROW	So	Common	Supplemental Arrows-C	7.0	false	false	true	true	线,方向
352	形态词命中	🡾	🡾	U+1F87E	WIDE-HEADED SOUTH EAST HEAVY BARB ARROW	So	Common	Supplemental Arrows-C	7.0	false	false	true	true	线,方向
353	形态词命中	🡿	🡿	U+1F87F	WIDE-HEADED SOUTH WEST HEAVY BARB ARROW	So	Common	Supplemental Arrows-C	7.0	false	false	true	true	线,方向
354	形态词命中	🢄	🢄	U+1F884	WIDE-HEADED NORTH WEST VERY HEAVY BARB ARROW	So	Common	Supplemental Arrows-C	7.0	false	false	true	true	线,方向
355	形态词命中	🢅	🢅	U+1F885	WIDE-HEADED NORTH EAST VERY HEAVY BARB ARROW	So	Common	Supplemental Arrows-C	7.0	false	false	true	true	线,方向
356	形态词命中	🢆	🢆	U+1F886	WIDE-HEADED SOUTH EAST VERY HEAVY BARB ARROW	So	Common	Supplemental Arrows-C	7.0	false	false	true	true	线,方向
357	形态词命中	🢇	🢇	U+1F887	WIDE-HEADED SOUTH WEST VERY HEAVY BARB ARROW	So	Common	Supplemental Arrows-C	7.0	false	false	true	true	线,方向
358	形态词命中	🢐	🢐	U+1F890	LEFTWARDS TRIANGLE ARROWHEAD	So	Common	Supplemental Arrows-C	7.0	false	false	true	true	角,方向
359	形态词命中	🢑	🢑	U+1F891	UPWARDS TRIANGLE ARROWHEAD	So	Common	Supplemental Arrows-C	7.0	false	false	true	true	角,方向
360	形态词命中	🢒	🢒	U+1F892	RIGHTWARDS TRIANGLE ARROWHEAD	So	Common	Supplemental Arrows-C	7.0	false	false	true	true	角,方向
361	形态词命中	🢓	🢓	U+1F893	DOWNWARDS TRIANGLE ARROWHEAD	So	Common	Supplemental Arrows-C	7.0	false	false	true	true	角,方向
362	形态词命中	🢔	🢔	U+1F894	LEFTWARDS WHITE ARROW WITHIN TRIANGLE ARROWHEAD	So	Common	Supplemental Arrows-C	7.0	false	false	true	true	角,方向
363	形态词命中	🢕	🢕	U+1F895	UPWARDS WHITE ARROW WITHIN TRIANGLE ARROWHEAD	So	Common	Supplemental Arrows-C	7.0	false	false	true	true	角,方向
364	形态词命中	🢖	🢖	U+1F896	RIGHTWARDS WHITE ARROW WITHIN TRIANGLE ARROWHEAD	So	Common	Supplemental Arrows-C	7.0	false	false	true	true	角,方向
365	形态词命中	🢗	🢗	U+1F897	DOWNWARDS WHITE ARROW WITHIN TRIANGLE ARROWHEAD	So	Common	Supplemental Arrows-C	7.0	false	false	true	true	角,方向
366	形态词命中+Emoji	⏹	⏹	U+23F9	BLACK SQUARE FOR STOP	So	Common	Miscellaneous Technical	7.0	true	false	true	true	方
367	形态词命中+Emoji	⏺	⏺	U+23FA	BLACK CIRCLE FOR RECORD	So	Common	Miscellaneous Technical	7.0	true	false	true	true	圆
368	形态词命中+Emoji	Ⓜ	Ⓜ	U+24C2	CIRCLED LATIN CAPITAL LETTER M	So	Common	Enclosed Alphanumerics	1.1	true	false	true	true	圆
369	形态词命中+Emoji	▪	▪	U+25AA	BLACK SMALL SQUARE	So	Common	Geometric Shapes	1.1	true	false	true	true	方
370	形态词命中+Emoji	▫	▫	U+25AB	WHITE SMALL SQUARE	So	Common	Geometric Shapes	1.1	true	false	true	true	方
371	形态词命中+Emoji	☑	☑	U+2611	BALLOT BOX WITH CHECK	So	Common	Miscellaneous Symbols	1.1	true	false	true	true	方
372	形态词命中+Emoji	☠	☠	U+2620	SKULL AND CROSSBONES	So	Common	Miscellaneous Symbols	1.1	true	false	true	true	对称
373	形态词命中+Emoji	☦	☦	U+2626	ORTHODOX CROSS	So	Common	Miscellaneous Symbols	1.1	true	false	true	true	对称
374	形态词命中+Emoji	☪	☪	U+262A	STAR AND CRESCENT	So	Common	Miscellaneous Symbols	1.1	true	false	true	true	星芒
375	形态词命中+Emoji	♥	♥	U+2665	BLACK HEART SUIT	So	Common	Miscellaneous Symbols	1.1	true	false	true	true	曲线
376	形态词命中+Emoji	♨	♨	U+2668	HOT SPRINGS	So	Common	Miscellaneous Symbols	1.1	true	false	true	true	圆
377	形态词命中+Emoji	⚔	⚔	U+2694	CROSSED SWORDS	So	Common	Miscellaneous Symbols	4.1	true	false	true	true	对称
378	形态词命中+Emoji	⚧	⚧	U+26A7	MALE WITH STROKE AND MALE AND FEMALE SIGN	So	Common	Miscellaneous Symbols	4.1	true	false	true	true	线
379	形态词命中+Emoji	⚪	⚪	U+26AA	MEDIUM WHITE CIRCLE	So	Common	Miscellaneous Symbols	4.1	true	false	true	true	圆
380	形态词命中+Emoji	⚫	⚫	U+26AB	MEDIUM BLACK CIRCLE	So	Common	Miscellaneous Symbols	4.1	true	false	true	true	圆
381	形态词命中+Emoji	⛅	⛅	U+26C5	SUN BEHIND CLOUD	So	Common	Miscellaneous Symbols	5.2	true	false	true	true	星芒
382	形态词命中+Emoji	⛑	⛑	U+26D1	HELMET WITH WHITE CROSS	So	Common	Miscellaneous Symbols	5.2	true	false	true	true	对称
383	形态词命中+Emoji	⛱	⛱	U+26F1	UMBRELLA ON GROUND	So	Common	Miscellaneous Symbols	5.2	true	false	true	true	圆
384	形态词命中+Emoji	✝	✝	U+271D	LATIN CROSS	So	Common	Dingbats	1.1	true	false	true	true	对称
385	形态词命中+Emoji	✡	✡	U+2721	STAR OF DAVID	So	Common	Dingbats	1.1	true	false	true	true	星芒
386	形态词命中+Emoji	✨	✨	U+2728	SPARKLES	So	Common	Dingbats	6.0	true	false	true	true	星芒
387	形态词命中+Emoji	✳	✳	U+2733	EIGHT SPOKED ASTERISK	So	Common	Dingbats	1.1	true	false	true	true	星芒
388	形态词命中+Emoji	❇	❇	U+2747	SPARKLE	So	Common	Dingbats	1.1	true	false	true	true	星芒
389	形态词命中+Emoji	❌	❌	U+274C	CROSS MARK	So	Common	Dingbats	6.0	true	false	true	true	对称
390	形态词命中+Emoji	❤	❤	U+2764	HEAVY BLACK HEART	So	Common	Dingbats	1.1	true	false	true	true	曲线
391	形态词命中+Emoji	⬛	⬛	U+2B1B	BLACK LARGE SQUARE	So	Common	Miscellaneous Symbols and Arrows	5.1	true	false	true	true	方
392	形态词命中+Emoji	⬜	⬜	U+2B1C	WHITE LARGE SQUARE	So	Common	Miscellaneous Symbols and Arrows	5.1	true	false	true	true	方
393	形态词命中+Emoji	⭐	⭐	U+2B50	WHITE MEDIUM STAR	So	Common	Miscellaneous Symbols and Arrows	5.1	true	false	true	true	星芒
394	形态词命中+Emoji	⭕	⭕	U+2B55	HEAVY LARGE CIRCLE	So	Common	Miscellaneous Symbols and Arrows	5.2	true	false	true	true	圆
395	形态词命中+Emoji	㊗	㊗	U+3297	CIRCLED IDEOGRAPH CONGRATULATION	So	Common	Enclosed CJK Letters and Months	1.1	true	false	true	true	圆
396	形态词命中+Emoji	㊙	㊙	U+3299	CIRCLED IDEOGRAPH SECRET	So	Common	Enclosed CJK Letters and Months	1.1	true	false	true	true	圆
397	形态词命中+Emoji	🅰	🅰	U+1F170	NEGATIVE SQUARED LATIN CAPITAL LETTER A	So	Common	Enclosed Alphanumeric Supplement	6.0	true	false	true	true	方
398	形态词命中+Emoji	🅱	🅱	U+1F171	NEGATIVE SQUARED LATIN CAPITAL LETTER B	So	Common	Enclosed Alphanumeric Supplement	6.0	true	false	true	true	方
399	形态词命中+Emoji	🅾	🅾	U+1F17E	NEGATIVE SQUARED LATIN CAPITAL LETTER O	So	Common	Enclosed Alphanumeric Supplement	6.0	true	false	true	true	方
400	形态词命中+Emoji	🅿	🅿	U+1F17F	NEGATIVE SQUARED LATIN CAPITAL LETTER P	So	Common	Enclosed Alphanumeric Supplement	5.2	true	false	true	true	方
401	形态词命中+Emoji	🆎	🆎	U+1F18E	NEGATIVE SQUARED AB	So	Common	Enclosed Alphanumeric Supplement	6.0	true	false	true	true	方
402	形态词命中+Emoji	🆑	🆑	U+1F191	SQUARED CL	So	Common	Enclosed Alphanumeric Supplement	6.0	true	false	true	true	方
403	形态词命中+Emoji	🆒	🆒	U+1F192	SQUARED COOL	So	Common	Enclosed Alphanumeric Supplement	6.0	true	false	true	true	方
404	形态词命中+Emoji	🆓	🆓	U+1F193	SQUARED FREE	So	Common	Enclosed Alphanumeric Supplement	6.0	true	false	true	true	方
405	形态词命中+Emoji	🆔	🆔	U+1F194	SQUARED ID	So	Common	Enclosed Alphanumeric Supplement	6.0	true	false	true	true	方
406	形态词命中+Emoji	🆕	🆕	U+1F195	SQUARED NEW	So	Common	Enclosed Alphanumeric Supplement	6.0	true	false	true	true	方
407	形态词命中+Emoji	🆖	🆖	U+1F196	SQUARED NG	So	Common	Enclosed Alphanumeric Supplement	6.0	true	false	true	true	方
408	形态词命中+Emoji	🆗	🆗	U+1F197	SQUARED OK	So	Common	Enclosed Alphanumeric Supplement	6.0	true	false	true	true	方
409	形态词命中+Emoji	🆘	🆘	U+1F198	SQUARED SOS	So	Common	Enclosed Alphanumeric Supplement	6.0	true	false	true	true	方
410	形态词命中+Emoji	🆚	🆚	U+1F19A	SQUARED VS	So	Common	Enclosed Alphanumeric Supplement	6.0	true	false	true	true	方
411	形态词命中+Emoji	🈁	🈁	U+1F201	SQUARED KATAKANA KOKO	So	Common	Enclosed Ideographic Supplement	6.0	true	false	true	true	方
412	形态词命中+Emoji	🈂	🈂	U+1F202	SQUARED KATAKANA SA	So	Common	Enclosed Ideographic Supplement	6.0	true	false	true	true	方
413	形态词命中+Emoji	🉐	🉐	U+1F250	CIRCLED IDEOGRAPH ADVANTAGE	So	Common	Enclosed Ideographic Supplement	6.0	true	false	true	true	圆
414	形态词命中+Emoji	🉑	🉑	U+1F251	CIRCLED IDEOGRAPH ACCEPT	So	Common	Enclosed Ideographic Supplement	6.0	true	false	true	true	圆
415	形态词命中+Emoji	🌃	🌃	U+1F303	NIGHT WITH STARS	So	Common	Miscellaneous Symbols and Pictographs	6.0	true	false	true	true	星芒
416	形态词命中+Emoji	🌄	🌄	U+1F304	SUNRISE OVER MOUNTAINS	So	Common	Miscellaneous Symbols and Pictographs	6.0	true	false	true	true	星芒
417	形态词命中+Emoji	🌅	🌅	U+1F305	SUNRISE	So	Common	Miscellaneous Symbols and Pictographs	6.0	true	false	true	true	星芒
418	形态词命中+Emoji	🌇	🌇	U+1F307	SUNSET OVER BUILDINGS	So	Common	Miscellaneous Symbols and Pictographs	6.0	true	false	true	true	星芒
419	形态词命中+Emoji	🌊	🌊	U+1F30A	WATER WAVE	So	Common	Miscellaneous Symbols and Pictographs	6.0	true	false	true	true	线
420	形态词命中+Emoji	🌑	🌑	U+1F311	NEW MOON SYMBOL	So	Common	Miscellaneous Symbols and Pictographs	6.0	true	false	true	true	曲线
421	形态词命中+Emoji	🌒	🌒	U+1F312	WAXING CRESCENT MOON SYMBOL	So	Common	Miscellaneous Symbols and Pictographs	6.0	true	false	true	true	曲线
422	形态词命中+Emoji	🌓	🌓	U+1F313	FIRST QUARTER MOON SYMBOL	So	Common	Miscellaneous Symbols and Pictographs	6.0	true	false	true	true	曲线
423	形态词命中+Emoji	🌔	🌔	U+1F314	WAXING GIBBOUS MOON SYMBOL	So	Common	Miscellaneous Symbols and Pictographs	6.0	true	false	true	true	曲线
424	形态词命中+Emoji	🌕	🌕	U+1F315	FULL MOON SYMBOL	So	Common	Miscellaneous Symbols and Pictographs	6.0	true	false	true	true	曲线
425	形态词命中+Emoji	🌖	🌖	U+1F316	WANING GIBBOUS MOON SYMBOL	So	Common	Miscellaneous Symbols and Pictographs	6.0	true	false	true	true	曲线
426	形态词命中+Emoji	🌗	🌗	U+1F317	LAST QUARTER MOON SYMBOL	So	Common	Miscellaneous Symbols and Pictographs	6.0	true	false	true	true	曲线
427	形态词命中+Emoji	🌘	🌘	U+1F318	WANING CRESCENT MOON SYMBOL	So	Common	Miscellaneous Symbols and Pictographs	6.0	true	false	true	true	曲线
428	形态词命中+Emoji	🌙	🌙	U+1F319	CRESCENT MOON	So	Common	Miscellaneous Symbols and Pictographs	6.0	true	false	true	true	曲线
429	形态词命中+Emoji	🌟	🌟	U+1F31F	GLOWING STAR	So	Common	Miscellaneous Symbols and Pictographs	6.0	true	false	true	true	星芒
430	形态词命中+Emoji	🌠	🌠	U+1F320	SHOOTING STAR	So	Common	Miscellaneous Symbols and Pictographs	6.0	true	false	true	true	星芒
431	形态词命中+Emoji	🌤	🌤	U+1F324	WHITE SUN WITH SMALL CLOUD	So	Common	Miscellaneous Symbols and Pictographs	7.0	true	false	true	true	星芒
432	形态词命中+Emoji	🌥	🌥	U+1F325	WHITE SUN BEHIND CLOUD	So	Common	Miscellaneous Symbols and Pictographs	7.0	true	false	true	true	星芒
433	形态词命中+Emoji	🌦	🌦	U+1F326	WHITE SUN BEHIND CLOUD WITH RAIN	So	Common	Miscellaneous Symbols and Pictographs	7.0	true	false	true	true	星芒
434	形态词命中+Emoji	🍃	🍃	U+1F343	LEAF FLUTTERING IN WIND	So	Common	Miscellaneous Symbols and Pictographs	6.0	true	false	true	true	圆
435	形态词命中+Emoji	🍫	🍫	U+1F36B	CHOCOLATE BAR	So	Common	Miscellaneous Symbols and Pictographs	6.0	true	false	true	true	线
436	形态词命中+Emoji	🍮	🍮	U+1F36E	CUSTARD	So	Common	Miscellaneous Symbols and Pictographs	6.0	true	false	true	true	星芒
437	形态词命中+Emoji	🍱	🍱	U+1F371	BENTO BOX	So	Common	Miscellaneous Symbols and Pictographs	6.0	true	false	true	true	方
438	形态词命中+Emoji	🍶	🍶	U+1F376	SAKE BOTTLE AND CUP	So	Common	Miscellaneous Symbols and Pictographs	6.0	true	false	true	true	方向
439	形态词命中+Emoji	🎇	🎇	U+1F387	FIREWORK SPARKLER	So	Common	Miscellaneous Symbols and Pictographs	6.0	true	false	true	true	星芒
440	形态词命中+Emoji	🎌	🎌	U+1F38C	CROSSED FLAGS	So	Common	Miscellaneous Symbols and Pictographs	6.0	true	false	true	true	对称
441	形态词命中+Emoji	🎑	🎑	U+1F391	MOON VIEWING CEREMONY	So	Common	Miscellaneous Symbols and Pictographs	6.0	true	false	true	true	曲线
442	形态词命中+Emoji	🎴	🎴	U+1F3B4	FLOWER PLAYING CARDS	So	Common	Miscellaneous Symbols and Pictographs	6.0	true	false	true	true	星芒
443	形态词命中+Emoji	🏹	🏹	U+1F3F9	BOW AND ARROW	So	Common	Miscellaneous Symbols and Pictographs	8.0	true	false	true	true	方向
444	形态词命中+Emoji	🐚	🐚	U+1F41A	SPIRAL SHELL	So	Common	Miscellaneous Symbols and Pictographs	6.0	true	false	true	true	曲线
445	形态词命中+Emoji	👍	👍	U+1F44D	THUMBS UP SIGN	So	Common	Miscellaneous Symbols and Pictographs	6.0	true	false	true	true	方向
446	形态词命中+Emoji	👎	👎	U+1F44E	THUMBS DOWN SIGN	So	Common	Miscellaneous Symbols and Pictographs	6.0	true	false	true	true	方向
447	形态词命中+Emoji	💈	💈	U+1F488	BARBER POLE	So	Common	Miscellaneous Symbols and Pictographs	6.0	true	false	true	true	线
448	形态词命中+Emoji	💉	💉	U+1F489	SYRINGE	So	Common	Miscellaneous Symbols and Pictographs	6.0	true	false	true	true	圆
449	形态词命中+Emoji	💍	💍	U+1F48D	RING	So	Common	Miscellaneous Symbols and Pictographs	6.0	true	false	true	true	圆
450	形态词命中+Emoji	💓	💓	U+1F493	BEATING HEART	So	Common	Miscellaneous Symbols and Pictographs	6.0	true	false	true	true	曲线
451	形态词命中+Emoji	💔	💔	U+1F494	BROKEN HEART	So	Common	Miscellaneous Symbols and Pictographs	6.0	true	false	true	true	曲线
452	形态词命中+Emoji	💕	💕	U+1F495	TWO HEARTS	So	Common	Miscellaneous Symbols and Pictographs	6.0	true	false	true	true	曲线
453	形态词命中+Emoji	💗	💗	U+1F497	GROWING HEART	So	Common	Miscellaneous Symbols and Pictographs	6.0	true	false	true	true	曲线
454	形态词命中+Emoji	💙	💙	U+1F499	BLUE HEART	So	Common	Miscellaneous Symbols and Pictographs	6.0	true	false	true	true	曲线
455	形态词命中+Emoji	💚	💚	U+1F49A	GREEN HEART	So	Common	Miscellaneous Symbols and Pictographs	6.0	true	false	true	true	曲线
456	形态词命中+Emoji	💛	💛	U+1F49B	YELLOW HEART	So	Common	Miscellaneous Symbols and Pictographs	6.0	true	false	true	true	曲线
457	形态词命中+Emoji	💜	💜	U+1F49C	PURPLE HEART	So	Common	Miscellaneous Symbols and Pictographs	6.0	true	false	true	true	曲线
458	形态词命中+Emoji	💝	💝	U+1F49D	HEART WITH RIBBON	So	Common	Miscellaneous Symbols and Pictographs	6.0	true	false	true	true	曲线
459	形态词命中+Emoji	💞	💞	U+1F49E	REVOLVING HEARTS	So	Common	Miscellaneous Symbols and Pictographs	6.0	true	false	true	true	曲线
460	形态词命中+Emoji	💟	💟	U+1F49F	HEART DECORATION	So	Common	Miscellaneous Symbols and Pictographs	6.0	true	false	true	true	曲线
461	形态词命中+Emoji	💨	💨	U+1F4A8	DASH SYMBOL	So	Common	Miscellaneous Symbols and Pictographs	6.0	true	false	true	true	线
462	形态词命中+Emoji	💮	💮	U+1F4AE	WHITE FLOWER	So	Common	Miscellaneous Symbols and Pictographs	6.0	true	false	true	true	星芒
463	形态词命中+Emoji	💯	💯	U+1F4AF	HUNDRED POINTS SYMBOL	So	Common	Miscellaneous Symbols and Pictographs	6.0	true	false	true	true	点
464	形态词命中+Emoji	💹	💹	U+1F4B9	CHART WITH UPWARDS TREND AND YEN SIGN	So	Common	Miscellaneous Symbols and Pictographs	6.0	true	false	true	true	方向
465	形态词命中+Emoji	💽	💽	U+1F4BD	MINIDISC	So	Common	Miscellaneous Symbols and Pictographs	6.0	true	false	true	true	圆
466	形态词命中+Emoji	💿	💿	U+1F4BF	OPTICAL DISC	So	Common	Miscellaneous Symbols and Pictographs	6.0	true	false	true	true	圆
467	形态词命中+Emoji	📃	📃	U+1F4C3	PAGE WITH CURL	So	Common	Miscellaneous Symbols and Pictographs	6.0	true	false	true	true	曲线
468	形态词命中+Emoji	📄	📄	U+1F4C4	PAGE FACING UP	So	Common	Miscellaneous Symbols and Pictographs	6.0	true	false	true	true	方向
469	形态词命中+Emoji	📈	📈	U+1F4C8	CHART WITH UPWARDS TREND	So	Common	Miscellaneous Symbols and Pictographs	6.0	true	false	true	true	方向
470	形态词命中+Emoji	📉	📉	U+1F4C9	CHART WITH DOWNWARDS TREND	So	Common	Miscellaneous Symbols and Pictographs	6.0	true	false	true	true	方向
471	形态词命中+Emoji	📊	📊	U+1F4CA	BAR CHART	So	Common	Miscellaneous Symbols and Pictographs	6.0	true	false	true	true	线
472	形态词命中+Emoji	📍	📍	U+1F4CD	ROUND PUSHPIN	So	Common	Miscellaneous Symbols and Pictographs	6.0	true	false	true	true	圆
473	形态词命中+Emoji	📣	📣	U+1F4E3	CHEERING MEGAPHONE	So	Common	Miscellaneous Symbols and Pictographs	6.0	true	false	true	true	圆
474	形态词命中+Emoji	📪	📪	U+1F4EA	CLOSED MAILBOX WITH LOWERED FLAG	So	Common	Miscellaneous Symbols and Pictographs	6.0	true	false	true	true	方
475	形态词命中+Emoji	📫	📫	U+1F4EB	CLOSED MAILBOX WITH RAISED FLAG	So	Common	Miscellaneous Symbols and Pictographs	6.0	true	false	true	true	方
476	形态词命中+Emoji	📬	📬	U+1F4EC	OPEN MAILBOX WITH RAISED FLAG	So	Common	Miscellaneous Symbols and Pictographs	6.0	true	false	true	true	方
477	形态词命中+Emoji	📭	📭	U+1F4ED	OPEN MAILBOX WITH LOWERED FLAG	So	Common	Miscellaneous Symbols and Pictographs	6.0	true	false	true	true	方
478	形态词命中+Emoji	📮	📮	U+1F4EE	POSTBOX	So	Common	Miscellaneous Symbols and Pictographs	6.0	true	false	true	true	方
479	形态词命中+Emoji	📶	📶	U+1F4F6	ANTENNA WITH BARS	So	Common	Miscellaneous Symbols and Pictographs	6.0	true	false	true	true	线
480	形态词命中+Emoji	📿	📿	U+1F4FF	PRAYER BEADS	So	Common	Miscellaneous Symbols and Pictographs	8.0	true	false	true	true	星芒
481	形态词命中+Emoji	🔅	🔅	U+1F505	LOW BRIGHTNESS SYMBOL	So	Common	Miscellaneous Symbols and Pictographs	6.0	true	false	true	true	方向
482	形态词命中+Emoji	🔆	🔆	U+1F506	HIGH BRIGHTNESS SYMBOL	So	Common	Miscellaneous Symbols and Pictographs	6.0	true	false	true	true	方向
483	形态词命中+Emoji	🔇	🔇	U+1F507	SPEAKER WITH CANCELLATION STROKE	So	Common	Miscellaneous Symbols and Pictographs	6.0	true	false	true	true	线
484	形态词命中+Emoji	🔉	🔉	U+1F509	SPEAKER WITH ONE SOUND WAVE	So	Common	Miscellaneous Symbols and Pictographs	6.0	true	false	true	true	线
485	形态词命中+Emoji	🔊	🔊	U+1F50A	SPEAKER WITH THREE SOUND WAVES	So	Common	Miscellaneous Symbols and Pictographs	6.0	true	false	true	true	线
486	形态词命中+Emoji	🔕	🔕	U+1F515	BELL WITH CANCELLATION STROKE	So	Common	Miscellaneous Symbols and Pictographs	6.0	true	false	true	true	线
487	形态词命中+Emoji	🔲	🔲	U+1F532	BLACK SQUARE BUTTON	So	Common	Miscellaneous Symbols and Pictographs	6.0	true	false	true	true	方
488	形态词命中+Emoji	🔳	🔳	U+1F533	WHITE SQUARE BUTTON	So	Common	Miscellaneous Symbols and Pictographs	6.0	true	false	true	true	方
489	形态词命中+Emoji	🔴	🔴	U+1F534	LARGE RED CIRCLE	So	Common	Miscellaneous Symbols and Pictographs	6.0	true	false	true	true	圆
490	形态词命中+Emoji	🔵	🔵	U+1F535	LARGE BLUE CIRCLE	So	Common	Miscellaneous Symbols and Pictographs	6.0	true	false	true	true	圆
491	形态词命中+Emoji	🕶	🕶	U+1F576	DARK SUNGLASSES	So	Common	Miscellaneous Symbols and Pictographs	7.0	true	false	true	true	星芒
492	形态词命中+Emoji	🖋	🖋	U+1F58B	LOWER LEFT FOUNTAIN PEN	So	Common	Miscellaneous Symbols and Pictographs	7.0	true	false	true	true	方向
493	形态词命中+Emoji	🖌	🖌	U+1F58C	LOWER LEFT PAINTBRUSH	So	Common	Miscellaneous Symbols and Pictographs	7.0	true	false	true	true	方向
494	形态词命中+Emoji	🖤	🖤	U+1F5A4	BLACK HEART	So	Common	Miscellaneous Symbols and Pictographs	9.0	true	false	true	true	曲线
495	形态词命中+Emoji	🗃	🗃	U+1F5C3	CARD FILE BOX	So	Common	Miscellaneous Symbols and Pictographs	7.0	true	false	true	true	方
496	形态词命中+Emoji	🗓	🗓	U+1F5D3	SPIRAL CALENDAR PAD	So	Common	Miscellaneous Symbols and Pictographs	7.0	true	false	true	true	曲线
497	形态词命中+Emoji	🗞	🗞	U+1F5DE	ROLLED-UP NEWSPAPER	So	Common	Miscellaneous Symbols and Pictographs	7.0	true	false	true	true	方向
498	形态词命中+Emoji	🗨	🗨	U+1F5E8	LEFT SPEECH BUBBLE	So	Common	Miscellaneous Symbols and Pictographs	7.0	true	false	true	true	方向
499	形态词命中+Emoji	🗯	🗯	U+1F5EF	RIGHT ANGER BUBBLE	So	Common	Miscellaneous Symbols and Pictographs	7.0	true	false	true	true	方向
500	形态词命中+Emoji	🗳	🗳	U+1F5F3	BALLOT BOX WITH BALLOT	So	Common	Miscellaneous Symbols and Pictographs	7.0	true	false	true	true	方
501	形态词命中+Emoji	🚅	🚅	U+1F685	HIGH-SPEED TRAIN WITH BULLET NOSE	So	Common	Transport and Map Symbols	6.0	true	false	true	true	点
502	形态词命中+Emoji	🚸	🚸	U+1F6B8	CHILDREN CROSSING	So	Common	Transport and Map Symbols	6.0	true	false	true	true	对称
503	形态词命中+Emoji	🛅	🛅	U+1F6C5	LEFT LUGGAGE	So	Common	Transport and Map Symbols	6.0	true	false	true	true	方向
504	形态词命中+Emoji	🛝	🛝	U+1F6DD	PLAYGROUND SLIDE	So	Common	Transport and Map Symbols	14.0	true	false	true	true	圆
505	形态词命中+Emoji	🛟	🛟	U+1F6DF	RING BUOY	So	Common	Transport and Map Symbols	14.0	true	false	true	true	圆
506	形态词命中+Emoji	🛻	🛻	U+1F6FB	PICKUP TRUCK	So	Common	Transport and Map Symbols	13.0	true	false	true	true	方向
507	形态词命中+Emoji	🟠	🟠	U+1F7E0	LARGE ORANGE CIRCLE	So	Common	Geometric Shapes Extended	12.0	true	false	true	true	圆
508	形态词命中+Emoji	🟡	🟡	U+1F7E1	LARGE YELLOW CIRCLE	So	Common	Geometric Shapes Extended	12.0	true	false	true	true	圆
509	形态词命中+Emoji	🟢	🟢	U+1F7E2	LARGE GREEN CIRCLE	So	Common	Geometric Shapes Extended	12.0	true	false	true	true	圆
510	形态词命中+Emoji	🟣	🟣	U+1F7E3	LARGE PURPLE CIRCLE	So	Common	Geometric Shapes Extended	12.0	true	false	true	true	圆
511	形态词命中+Emoji	🟤	🟤	U+1F7E4	LARGE BROWN CIRCLE	So	Common	Geometric Shapes Extended	12.0	true	false	true	true	圆
512	形态词命中+Emoji	🟥	🟥	U+1F7E5	LARGE RED SQUARE	So	Common	Geometric Shapes Extended	12.0	true	false	true	true	方
513	形态词命中+Emoji	🟦	🟦	U+1F7E6	LARGE BLUE SQUARE	So	Common	Geometric Shapes Extended	12.0	true	false	true	true	方
514	形态词命中+Emoji	🟧	🟧	U+1F7E7	LARGE ORANGE SQUARE	So	Common	Geometric Shapes Extended	12.0	true	false	true	true	方
515	形态词命中+Emoji	🟨	🟨	U+1F7E8	LARGE YELLOW SQUARE	So	Common	Geometric Shapes Extended	12.0	true	false	true	true	方
516	形态词命中+Emoji	🟩	🟩	U+1F7E9	LARGE GREEN SQUARE	So	Common	Geometric Shapes Extended	12.0	true	false	true	true	方
517	形态词命中+Emoji	🟪	🟪	U+1F7EA	LARGE PURPLE SQUARE	So	Common	Geometric Shapes Extended	12.0	true	false	true	true	方
518	形态词命中+Emoji	🟫	🟫	U+1F7EB	LARGE BROWN SQUARE	So	Common	Geometric Shapes Extended	12.0	true	false	true	true	方
519	形态词命中+Emoji	🟰	🟰	U+1F7F0	HEAVY EQUALS SIGN	So	Common	Geometric Shapes Extended	14.0	true	false	true	true	对称
520	形态词命中+Emoji	🤍	🤍	U+1F90D	WHITE HEART	So	Common	Supplemental Symbols and Pictographs	12.0	true	false	true	true	曲线
521	形态词命中+Emoji	🤎	🤎	U+1F90E	BROWN HEART	So	Common	Supplemental Symbols and Pictographs	12.0	true	false	true	true	曲线
522	形态词命中+Emoji	🤛	🤛	U+1F91B	LEFT-FACING FIST	So	Common	Supplemental Symbols and Pictographs	9.0	true	false	true	true	方向
523	形态词命中+Emoji	🤜	🤜	U+1F91C	RIGHT-FACING FIST	So	Common	Supplemental Symbols and Pictographs	9.0	true	false	true	true	方向
524	形态词命中+Emoji	🤱	🤱	U+1F931	BREAST-FEEDING	So	Common	Supplemental Symbols and Pictographs	10.0	true	false	true	true	方向
525	形态词命中+Emoji	🤲	🤲	U+1F932	PALMS UP TOGETHER	So	Common	Supplemental Symbols and Pictographs	10.0	true	false	true	true	方向
526	形态词命中+Emoji	🥀	🥀	U+1F940	WILTED FLOWER	So	Common	Supplemental Symbols and Pictographs	9.0	true	false	true	true	星芒
527	形态词命中+Emoji	🥊	🥊	U+1F94A	BOXING GLOVE	So	Common	Supplemental Symbols and Pictographs	9.0	true	false	true	true	方
528	形态词命中+Emoji	🥌	🥌	U+1F94C	CURLING STONE	So	Common	Supplemental Symbols and Pictographs	10.0	true	false	true	true	曲线
529	形态词命中+Emoji	🥍	🥍	U+1F94D	LACROSSE STICK AND BALL	So	Common	Supplemental Symbols and Pictographs	11.0	true	false	true	true	对称
530	形态词命中+Emoji	🥏	🥏	U+1F94F	FLYING DISC	So	Common	Supplemental Symbols and Pictographs	11.0	true	false	true	true	圆
531	形态词命中+Emoji	🥡	🥡	U+1F961	TAKEOUT BOX	So	Common	Supplemental Symbols and Pictographs	10.0	true	false	true	true	方
532	形态词命中+Emoji	🥤	🥤	U+1F964	CUP WITH STRAW	So	Common	Supplemental Symbols and Pictographs	10.0	true	false	true	true	方向
533	形态词命中+Emoji	🥮	🥮	U+1F96E	MOON CAKE	So	Common	Supplemental Symbols and Pictographs	11.0	true	false	true	true	曲线
534	形态词命中+Emoji	🦱	🦱	U+1F9B1	EMOJI COMPONENT CURLY HAIR	So	Common	Supplemental Symbols and Pictographs	11.0	true	false	true	true	曲线
535	形态词命中+Emoji	🦸	🦸	U+1F9B8	SUPERHERO	So	Common	Supplemental Symbols and Pictographs	11.0	true	false	true	true	方向
536	形态词命中+Emoji	🦹	🦹	U+1F9B9	SUPERVILLAIN	So	Common	Supplemental Symbols and Pictographs	11.0	true	false	true	true	方向
537	形态词命中+Emoji	🦻	🦻	U+1F9BB	EAR WITH HEARING AID	So	Common	Supplemental Symbols and Pictographs	12.0	true	false	true	true	圆
538	形态词命中+Emoji	🧀	🧀	U+1F9C0	CHEESE WEDGE	So	Common	Supplemental Symbols and Pictographs	8.0	true	false	true	true	角
539	形态词命中+Emoji	🧁	🧁	U+1F9C1	CUPCAKE	So	Common	Supplemental Symbols and Pictographs	11.0	true	false	true	true	方向
540	形态词命中+Emoji	🧃	🧃	U+1F9C3	BEVERAGE BOX	So	Common	Supplemental Symbols and Pictographs	12.0	true	false	true	true	方
541	形态词命中+Emoji	🧊	🧊	U+1F9CA	ICE CUBE	So	Common	Supplemental Symbols and Pictographs	12.0	true	false	true	true	方
542	形态词命中+Emoji	🧡	🧡	U+1F9E1	ORANGE HEART	So	Common	Supplemental Symbols and Pictographs	10.0	true	false	true	true	曲线
543	形态词命中+Emoji	🧬	🧬	U+1F9EC	DNA DOUBLE HELIX	So	Common	Supplemental Symbols and Pictographs	11.0	true	false	true	true	对称
544	形态词命中+Emoji	🧰	🧰	U+1F9F0	TOOLBOX	So	Common	Supplemental Symbols and Pictographs	11.0	true	false	true	true	方
545	形态词命中+Emoji	🧼	🧼	U+1F9FC	BAR OF SOAP	So	Common	Supplemental Symbols and Pictographs	11.0	true	false	true	true	线
546	形态词命中+Emoji	🩵	🩵	U+1FA75	LIGHT BLUE HEART	So	Common	Symbols and Pictographs Extended-A	15.0	true	false	true	true	曲线
547	形态词命中+Emoji	🩶	🩶	U+1FA76	GREY HEART	So	Common	Symbols and Pictographs Extended-A	15.0	true	false	true	true	曲线
548	形态词命中+Emoji	🩷	🩷	U+1FA77	PINK HEART	So	Common	Symbols and Pictographs Extended-A	15.0	true	false	true	true	曲线
549	形态词命中+Emoji	🩻	🩻	U+1FA7B	X-RAY	So	Common	Symbols and Pictographs Extended-A	14.0	true	false	true	true	星芒
550	形态词命中+Emoji	🪐	🪐	U+1FA90	RINGED PLANET	So	Common	Symbols and Pictographs Extended-A	12.0	true	false	true	true	圆
551	形态词命中+Emoji	🪝	🪝	U+1FA9D	HOOK	So	Common	Symbols and Pictographs Extended-A	13.0	true	false	true	true	曲线
552	形态词命中+Emoji	🪞	🪞	U+1FA9E	MIRROR	So	Common	Symbols and Pictographs Extended-A	13.0	true	false	true	true	对称
553	形态词命中+Emoji	🪩	🪩	U+1FAA9	MIRROR BALL	So	Common	Symbols and Pictographs Extended-A	14.0	true	false	true	true	对称
554	形态词命中+Emoji	🫀	🫀	U+1FAC0	ANATOMICAL HEART	So	Common	Symbols and Pictographs Extended-A	13.0	true	false	true	true	曲线
555	形态词命中+Emoji	🫗	🫗	U+1FAD7	POURING LIQUID	So	Common	Symbols and Pictographs Extended-A	14.0	true	false	true	true	圆
556	形态词命中+Emoji	🫵	🫵	U+1FAF5	INDEX POINTING AT THE VIEWER	So	Common	Symbols and Pictographs Extended-A	14.0	true	false	true	true	点
557	区块与文字系统多样性+Emoji	🫢	🫢	U+1FAE2	FACE WITH OPEN EYES AND HAND OVER MOUTH	So	Common	Symbols and Pictographs Extended-A	14.0	true	false	true	true	
558	形态词命中	↮	↮	U+21AE	LEFT RIGHT ARROW WITH STROKE	Sm	Common	Arrows	1.1	false	false	true	true	线,方向
559	形态词命中	⇏	⇏	U+21CF	RIGHTWARDS DOUBLE ARROW WITH STROKE	Sm	Common	Arrows	1.1	false	false	true	true	线,方向,对称
560	形态词命中	⇔	⇔	U+21D4	LEFT RIGHT DOUBLE ARROW	Sm	Common	Arrows	1.1	false	false	true	true	方向,对称
561	形态词命中	⇵	⇵	U+21F5	DOWNWARDS ARROW LEFTWARDS OF UPWARDS ARROW	Sm	Common	Arrows	3.2	false	false	true	true	方向
562	形态词命中	⇹	⇹	U+21F9	LEFT RIGHT ARROW WITH VERTICAL STROKE	Sm	Common	Arrows	3.2	false	false	true	true	线,方向
563	形态词命中	⇺	⇺	U+21FA	LEFTWARDS ARROW WITH DOUBLE VERTICAL STROKE	Sm	Common	Arrows	3.2	false	false	true	true	线,方向,对称
564	形态词命中	⇻	⇻	U+21FB	RIGHTWARDS ARROW WITH DOUBLE VERTICAL STROKE	Sm	Common	Arrows	3.2	false	false	true	true	线,方向,对称
565	形态词命中	⍼	⍼	U+237C	RIGHT ANGLE WITH DOWNWARDS ZIGZAG ARROW	Sm	Common	Miscellaneous Technical	3.2	false	false	true	true	角,方向
566	形态词命中	⎡	⎡	U+23A1	LEFT SQUARE BRACKET UPPER CORNER	Sm	Common	Miscellaneous Technical	3.2	false	false	true	true	角,方向,方
567	形态词命中	⎤	⎤	U+23A4	RIGHT SQUARE BRACKET UPPER CORNER	Sm	Common	Miscellaneous Technical	3.2	false	false	true	true	角,方向,方
568	形态词命中	⎧	⎧	U+23A7	LEFT CURLY BRACKET UPPER HOOK	Sm	Common	Miscellaneous Technical	3.2	false	false	true	true	方向,曲线
569	形态词命中	⎫	⎫	U+23AB	RIGHT CURLY BRACKET UPPER HOOK	Sm	Common	Miscellaneous Technical	3.2	false	false	true	true	方向,曲线
570	形态词命中	⎰	⎰	U+23B0	UPPER LEFT OR LOWER RIGHT CURLY BRACKET SECTION	Sm	Common	Miscellaneous Technical	3.2	false	false	true	true	方向,曲线
571	形态词命中	⎱	⎱	U+23B1	UPPER RIGHT OR LOWER LEFT CURLY BRACKET SECTION	Sm	Common	Miscellaneous Technical	3.2	false	false	true	true	方向,曲线
572	形态词命中	▷	▷	U+25B7	WHITE RIGHT-POINTING TRIANGLE	Sm	Common	Geometric Shapes	1.1	false	false	true	true	点,角,方向
573	形态词命中	◁	◁	U+25C1	WHITE LEFT-POINTING TRIANGLE	Sm	Common	Geometric Shapes	1.1	false	false	true	true	点,角,方向
574	形态词命中	◸	◸	U+25F8	UPPER LEFT TRIANGLE	Sm	Common	Geometric Shapes	3.2	false	false	true	true	角,方向
575	形态词命中	◹	◹	U+25F9	UPPER RIGHT TRIANGLE	Sm	Common	Geometric Shapes	3.2	false	false	true	true	角,方向
576	形态词命中	⟔	⟔	U+27D4	UPPER LEFT CORNER WITH DOT	Sm	Common	Miscellaneous Mathematical Symbols-A	3.2	false	false	true	true	点,角,方向
577	形态词命中	⟱	⟱	U+27F1	DOWNWARDS QUADRUPLE ARROW	Sm	Common	Supplemental Arrows-A	3.2	false	false	true	true	方向,对称
578	形态词命中	⟺	⟺	U+27FA	LONG LEFT RIGHT DOUBLE ARROW	Sm	Common	Supplemental Arrows-A	3.2	false	false	true	true	方向,对称
579	形态词命中	⟽	⟽	U+27FD	LONG LEFTWARDS DOUBLE ARROW FROM BAR	Sm	Common	Supplemental Arrows-A	3.2	false	false	true	true	线,方向,对称
580	形态词命中	⟾	⟾	U+27FE	LONG RIGHTWARDS DOUBLE ARROW FROM BAR	Sm	Common	Supplemental Arrows-A	3.2	false	false	true	true	线,方向,对称
581	形态词命中	⤁	⤁	U+2901	RIGHTWARDS TWO-HEADED ARROW WITH DOUBLE VERTICAL STROKE	Sm	Common	Supplemental Arrows-B	3.2	false	false	true	true	线,方向,对称
582	形态词命中	⤂	⤂	U+2902	LEFTWARDS DOUBLE ARROW WITH VERTICAL STROKE	Sm	Common	Supplemental Arrows-B	3.2	false	false	true	true	线,方向,对称
583	形态词命中	⤃	⤃	U+2903	RIGHTWARDS DOUBLE ARROW WITH VERTICAL STROKE	Sm	Common	Supplemental Arrows-B	3.2	false	false	true	true	线,方向,对称
584	形态词命中	⤆	⤆	U+2906	LEFTWARDS DOUBLE ARROW FROM BAR	Sm	Common	Supplemental Arrows-B	3.2	false	false	true	true	线,方向,对称
585	形态词命中	⤇	⤇	U+2907	RIGHTWARDS DOUBLE ARROW FROM BAR	Sm	Common	Supplemental Arrows-B	3.2	false	false	true	true	线,方向,对称
586	形态词命中	⤌	⤌	U+290C	LEFTWARDS DOUBLE DASH ARROW	Sm	Common	Supplemental Arrows-B	3.2	false	false	true	true	线,方向,对称
587	形态词命中	⤍	⤍	U+290D	RIGHTWARDS DOUBLE DASH ARROW	Sm	Common	Supplemental Arrows-B	3.2	false	false	true	true	线,方向,对称
588	形态词命中	⤑	⤑	U+2911	RIGHTWARDS ARROW WITH DOTTED STEM	Sm	Common	Supplemental Arrows-B	3.2	false	false	true	true	点,方向
589	形态词命中	⤕	⤕	U+2915	RIGHTWARDS ARROW WITH TAIL WITH DOUBLE VERTICAL STROKE	Sm	Common	Supplemental Arrows-B	3.2	false	false	true	true	线,方向,对称
590	形态词命中	⤘	⤘	U+2918	RIGHTWARDS TWO-HEADED ARROW WITH TAIL WITH DOUBLE VERTICAL STROKE	Sm	Common	Supplemental Arrows-B	3.2	false	false	true	true	线,方向,对称
591	形态词命中	⤟	⤟	U+291F	LEFTWARDS ARROW FROM BAR TO BLACK DIAMOND	Sm	Common	Supplemental Arrows-B	3.2	false	false	true	true	线,方向
592	形态词命中	⤠	⤠	U+2920	RIGHTWARDS ARROW FROM BAR TO BLACK DIAMOND	Sm	Common	Supplemental Arrows-B	3.2	false	false	true	true	线,方向
593	形态词命中	⤣	⤣	U+2923	NORTH WEST ARROW WITH HOOK	Sm	Common	Supplemental Arrows-B	3.2	false	false	true	true	方向,曲线
594	形态词命中	⤤	⤤	U+2924	NORTH EAST ARROW WITH HOOK	Sm	Common	Supplemental Arrows-B	3.2	false	false	true	true	方向,曲线
595	形态词命中	⤥	⤥	U+2925	SOUTH EAST ARROW WITH HOOK	Sm	Common	Supplemental Arrows-B	3.2	false	false	true	true	方向,曲线
596	形态词命中	⤦	⤦	U+2926	SOUTH WEST ARROW WITH HOOK	Sm	Common	Supplemental Arrows-B	3.2	false	false	true	true	方向,曲线
597	形态词命中	⤧	⤧	U+2927	NORTH WEST ARROW AND NORTH EAST ARROW	Sm	Common	Supplemental Arrows-B	3.2	false	false	true	true	方向
598	形态词命中	⤨	⤨	U+2928	NORTH EAST ARROW AND SOUTH EAST ARROW	Sm	Common	Supplemental Arrows-B	3.2	false	false	true	true	方向
599	形态词命中	⤩	⤩	U+2929	SOUTH EAST ARROW AND SOUTH WEST ARROW	Sm	Common	Supplemental Arrows-B	3.2	false	false	true	true	方向
600	形态词命中	⤪	⤪	U+292A	SOUTH WEST ARROW AND NORTH WEST ARROW	Sm	Common	Supplemental Arrows-B	3.2	false	false	true	true	方向
601	形态词命中	⤯	⤯	U+292F	FALLING DIAGONAL CROSSING NORTH EAST ARROW	Sm	Common	Supplemental Arrows-B	3.2	false	false	true	true	方向,对称
602	形态词命中	⤰	⤰	U+2930	RISING DIAGONAL CROSSING SOUTH EAST ARROW	Sm	Common	Supplemental Arrows-B	3.2	false	false	true	true	方向,对称
603	形态词命中	⤳	⤳	U+2933	WAVE ARROW POINTING DIRECTLY RIGHT	Sm	Common	Supplemental Arrows-B	3.2	false	false	true	true	点,线,方向
604	形态词命中	⤶	⤶	U+2936	ARROW POINTING DOWNWARDS THEN CURVING LEFTWARDS	Sm	Common	Supplemental Arrows-B	3.2	false	false	true	true	点,方向
605	形态词命中	⤷	⤷	U+2937	ARROW POINTING DOWNWARDS THEN CURVING RIGHTWARDS	Sm	Common	Supplemental Arrows-B	3.2	false	false	true	true	点,方向
606	形态词命中	⥈	⥈	U+2948	LEFT RIGHT ARROW THROUGH SMALL CIRCLE	Sm	Common	Supplemental Arrows-B	3.2	false	false	true	true	圆,方向
607	形态词命中	⥎	⥎	U+294E	LEFT BARB UP RIGHT BARB UP HARPOON	Sm	Common	Supplemental Arrows-B	3.2	false	false	true	true	线,方向
608	形态词命中	⥏	⥏	U+294F	UP BARB RIGHT DOWN BARB RIGHT HARPOON	Sm	Common	Supplemental Arrows-B	3.2	false	false	true	true	线,方向
609	形态词命中	⥐	⥐	U+2950	LEFT BARB DOWN RIGHT BARB DOWN HARPOON	Sm	Common	Supplemental Arrows-B	3.2	false	false	true	true	线,方向
610	形态词命中	⥑	⥑	U+2951	UP BARB LEFT DOWN BARB LEFT HARPOON	Sm	Common	Supplemental Arrows-B	3.2	false	false	true	true	线,方向
611	形态词命中	⥢	⥢	U+2962	LEFTWARDS HARPOON WITH BARB UP ABOVE LEFTWARDS HARPOON WITH BARB DOWN	Sm	Common	Supplemental Arrows-B	3.2	false	false	true	true	线,方向
612	形态词命中	⥣	⥣	U+2963	UPWARDS HARPOON WITH BARB LEFT BESIDE UPWARDS HARPOON WITH BARB RIGHT	Sm	Common	Supplemental Arrows-B	3.2	false	false	true	true	线,方向
613	形态词命中	⥤	⥤	U+2964	RIGHTWARDS HARPOON WITH BARB UP ABOVE RIGHTWARDS HARPOON WITH BARB DOWN	Sm	Common	Supplemental Arrows-B	3.2	false	false	true	true	线,方向
614	形态词命中	⥥	⥥	U+2965	DOWNWARDS HARPOON WITH BARB LEFT BESIDE DOWNWARDS HARPOON WITH BARB RIGHT	Sm	Common	Supplemental Arrows-B	3.2	false	false	true	true	线,方向
615	形态词命中	⥦	⥦	U+2966	LEFTWARDS HARPOON WITH BARB UP ABOVE RIGHTWARDS HARPOON WITH BARB UP	Sm	Common	Supplemental Arrows-B	3.2	false	false	true	true	线,方向
616	形态词命中	⥧	⥧	U+2967	LEFTWARDS HARPOON WITH BARB DOWN ABOVE RIGHTWARDS HARPOON WITH BARB DOWN	Sm	Common	Supplemental Arrows-B	3.2	false	false	true	true	线,方向
617	形态词命中	⥨	⥨	U+2968	RIGHTWARDS HARPOON WITH BARB UP ABOVE LEFTWARDS HARPOON WITH BARB UP	Sm	Common	Supplemental Arrows-B	3.2	false	false	true	true	线,方向
618	形态词命中	⥩	⥩	U+2969	RIGHTWARDS HARPOON WITH BARB DOWN ABOVE LEFTWARDS HARPOON WITH BARB DOWN	Sm	Common	Supplemental Arrows-B	3.2	false	false	true	true	线,方向
619	形态词命中	⥪	⥪	U+296A	LEFTWARDS HARPOON WITH BARB UP ABOVE LONG DASH	Sm	Common	Supplemental Arrows-B	3.2	false	false	true	true	线,方向
620	形态词命中	⥫	⥫	U+296B	LEFTWARDS HARPOON WITH BARB DOWN BELOW LONG DASH	Sm	Common	Supplemental Arrows-B	3.2	false	false	true	true	线,方向
621	形态词命中	⥬	⥬	U+296C	RIGHTWARDS HARPOON WITH BARB UP ABOVE LONG DASH	Sm	Common	Supplemental Arrows-B	3.2	false	false	true	true	线,方向
622	形态词命中	⥭	⥭	U+296D	RIGHTWARDS HARPOON WITH BARB DOWN BELOW LONG DASH	Sm	Common	Supplemental Arrows-B	3.2	false	false	true	true	线,方向
623	形态词命中	⥰	⥰	U+2970	RIGHT DOUBLE ARROW WITH ROUNDED HEAD	Sm	Common	Supplemental Arrows-B	3.2	false	false	true	true	圆,方向,对称
624	形态词命中	⧎	⧎	U+29CE	RIGHT TRIANGLE ABOVE LEFT TRIANGLE	Sm	Common	Miscellaneous Mathematical Symbols-B	3.2	false	false	true	true	角,方向
625	形态词命中	⧏	⧏	U+29CF	LEFT TRIANGLE BESIDE VERTICAL BAR	Sm	Common	Miscellaneous Mathematical Symbols-B	3.2	false	false	true	true	线,角,方向
626	形态词命中	⧐	⧐	U+29D0	VERTICAL BAR BESIDE RIGHT TRIANGLE	Sm	Common	Miscellaneous Mathematical Symbols-B	3.2	false	false	true	true	线,角,方向
627	形态词命中	⬵	⬵	U+2B35	LEFTWARDS TWO-HEADED ARROW WITH DOUBLE VERTICAL STROKE	Sm	Common	Miscellaneous Symbols and Arrows	5.1	false	false	true	true	线,方向,对称
628	形态词命中	⬸	⬸	U+2B38	LEFTWARDS ARROW WITH DOTTED STEM	Sm	Common	Miscellaneous Symbols and Arrows	5.1	false	false	true	true	点,方向
629	形态词命中	⬺	⬺	U+2B3A	LEFTWARDS ARROW WITH TAIL WITH DOUBLE VERTICAL STROKE	Sm	Common	Miscellaneous Symbols and Arrows	5.1	false	false	true	true	线,方向,对称
630	形态词命中	⬽	⬽	U+2B3D	LEFTWARDS TWO-HEADED ARROW WITH TAIL WITH DOUBLE VERTICAL STROKE	Sm	Common	Miscellaneous Symbols and Arrows	5.1	false	false	true	true	线,方向,对称
631	形态词命中	⬿	⬿	U+2B3F	WAVE ARROW POINTING DIRECTLY LEFT	Sm	Common	Miscellaneous Symbols and Arrows	5.1	false	false	true	true	点,线,方向
632	形态词命中	↜	↜	U+219C	LEFTWARDS WAVE ARROW	So	Common	Arrows	1.1	false	false	true	true	线,方向
633	形态词命中	↝	↝	U+219D	RIGHTWARDS WAVE ARROW	So	Common	Arrows	1.1	false	false	true	true	线,方向
634	形态词命中	↤	↤	U+21A4	LEFTWARDS ARROW FROM BAR	So	Common	Arrows	1.1	false	false	true	true	线,方向
635	形态词命中	↥	↥	U+21A5	UPWARDS ARROW FROM BAR	So	Common	Arrows	1.1	false	false	true	true	线,方向
636	形态词命中	↧	↧	U+21A7	DOWNWARDS ARROW FROM BAR	So	Common	Arrows	1.1	false	false	true	true	线,方向
637	形态词命中	↨	↨	U+21A8	UP DOWN ARROW WITH BASE	So	Common	Arrows	1.1	false	false	true	true	方向
638	形态词命中	↫	↫	U+21AB	LEFTWARDS ARROW WITH LOOP	So	Common	Arrows	1.1	false	false	true	true	方向,曲线
639	形态词命中	↬	↬	U+21AC	RIGHTWARDS ARROW WITH LOOP	So	Common	Arrows	1.1	false	false	true	true	方向,曲线
640	形态词命中	↰	↰	U+21B0	UPWARDS ARROW WITH TIP LEFTWARDS	So	Common	Arrows	1.1	false	false	true	true	方向
641	形态词命中	↱	↱	U+21B1	UPWARDS ARROW WITH TIP RIGHTWARDS	So	Common	Arrows	1.1	false	false	true	true	方向
642	形态词命中	↲	↲	U+21B2	DOWNWARDS ARROW WITH TIP LEFTWARDS	So	Common	Arrows	1.1	false	false	true	true	方向
643	形态词命中	↳	↳	U+21B3	DOWNWARDS ARROW WITH TIP RIGHTWARDS	So	Common	Arrows	1.1	false	false	true	true	方向
644	形态词命中	↼	↼	U+21BC	LEFTWARDS HARPOON WITH BARB UPWARDS	So	Common	Arrows	1.1	false	false	true	true	线,方向
645	形态词命中	↽	↽	U+21BD	LEFTWARDS HARPOON WITH BARB DOWNWARDS	So	Common	Arrows	1.1	false	false	true	true	线,方向
646	形态词命中	↾	↾	U+21BE	UPWARDS HARPOON WITH BARB RIGHTWARDS	So	Common	Arrows	1.1	false	false	true	true	线,方向
647	形态词命中	↿	↿	U+21BF	UPWARDS HARPOON WITH BARB LEFTWARDS	So	Common	Arrows	1.1	false	false	true	true	线,方向
648	形态词命中	⇀	⇀	U+21C0	RIGHTWARDS HARPOON WITH BARB UPWARDS	So	Common	Arrows	1.1	false	false	true	true	线,方向
649	形态词命中	⇁	⇁	U+21C1	RIGHTWARDS HARPOON WITH BARB DOWNWARDS	So	Common	Arrows	1.1	false	false	true	true	线,方向
650	形态词命中	⇂	⇂	U+21C2	DOWNWARDS HARPOON WITH BARB RIGHTWARDS	So	Common	Arrows	1.1	false	false	true	true	线,方向
651	形态词命中	⇃	⇃	U+21C3	DOWNWARDS HARPOON WITH BARB LEFTWARDS	So	Common	Arrows	1.1	false	false	true	true	线,方向
652	形态词命中	⇄	⇄	U+21C4	RIGHTWARDS ARROW OVER LEFTWARDS ARROW	So	Common	Arrows	1.1	false	false	true	true	方向
653	形态词命中	⇆	⇆	U+21C6	LEFTWARDS ARROW OVER RIGHTWARDS ARROW	So	Common	Arrows	1.1	false	false	true	true	方向
654	形态词命中	⇐	⇐	U+21D0	LEFTWARDS DOUBLE ARROW	So	Common	Arrows	1.1	false	false	true	true	方向,对称
655	形态词命中	⇑	⇑	U+21D1	UPWARDS DOUBLE ARROW	So	Common	Arrows	1.1	false	false	true	true	方向,对称
656	形态词命中	⇓	⇓	U+21D3	DOWNWARDS DOUBLE ARROW	So	Common	Arrows	1.1	false	false	true	true	方向,对称
657	形态词命中	⇠	⇠	U+21E0	LEFTWARDS DASHED ARROW	So	Common	Arrows	1.1	false	false	true	true	线,方向
658	形态词命中	⇡	⇡	U+21E1	UPWARDS DASHED ARROW	So	Common	Arrows	1.1	false	false	true	true	线,方向
659	形态词命中	⇢	⇢	U+21E2	RIGHTWARDS DASHED ARROW	So	Common	Arrows	1.1	false	false	true	true	线,方向
660	形态词命中	⇣	⇣	U+21E3	DOWNWARDS DASHED ARROW	So	Common	Arrows	1.1	false	false	true	true	线,方向
661	形态词命中	⇤	⇤	U+21E4	LEFTWARDS ARROW TO BAR	So	Common	Arrows	1.1	false	false	true	true	线,方向
662	形态词命中	⇥	⇥	U+21E5	RIGHTWARDS ARROW TO BAR	So	Common	Arrows	1.1	false	false	true	true	线,方向
663	形态词命中	⇪	⇪	U+21EA	UPWARDS WHITE ARROW FROM BAR	So	Common	Arrows	1.1	false	false	true	true	线,方向
664	形态词命中	⇬	⇬	U+21EC	UPWARDS WHITE ARROW ON PEDESTAL WITH HORIZONTAL BAR	So	Common	Arrows	3.0	false	false	true	true	线,方向
665	形态词命中	⇭	⇭	U+21ED	UPWARDS WHITE ARROW ON PEDESTAL WITH VERTICAL BAR	So	Common	Arrows	3.0	false	false	true	true	线,方向
666	形态词命中	⇮	⇮	U+21EE	UPWARDS WHITE DOUBLE ARROW	So	Common	Arrows	3.0	false	false	true	true	方向,对称
667	形态词命中	⇯	⇯	U+21EF	UPWARDS WHITE DOUBLE ARROW ON PEDESTAL	So	Common	Arrows	3.0	false	false	true	true	方向,对称
668	形态词命中	⇳	⇳	U+21F3	UP DOWN WHITE ARROW	So	Common	Arrows	3.0	false	false	true	true	方向
669	形态词命中	⌤	⌤	U+2324	UP ARROWHEAD BETWEEN TWO HORIZONTAL BARS	So	Common	Miscellaneous Technical	1.1	false	false	true	true	线,方向
670	形态词命中	⌧	⌧	U+2327	X IN A RECTANGLE BOX	So	Common	Miscellaneous Technical	1.1	false	false	true	true	角,方
671	形态词命中	⍇	⍇	U+2347	APL FUNCTIONAL SYMBOL QUAD LEFTWARDS ARROW	So	Common	Miscellaneous Technical	1.1	false	false	true	true	方向,对称
672	形态词命中	⍈	⍈	U+2348	APL FUNCTIONAL SYMBOL QUAD RIGHTWARDS ARROW	So	Common	Miscellaneous Technical	1.1	false	false	true	true	方向,对称
673	形态词命中	⍐	⍐	U+2350	APL FUNCTIONAL SYMBOL QUAD UPWARDS ARROW	So	Common	Miscellaneous Technical	1.1	false	false	true	true	方向,对称
674	形态词命中	⍗	⍗	U+2357	APL FUNCTIONAL SYMBOL QUAD DOWNWARDS ARROW	So	Common	Miscellaneous Technical	1.1	false	false	true	true	方向,对称
675	形态词命中	⎸	⎸	U+23B8	LEFT VERTICAL BOX LINE	So	Common	Miscellaneous Technical	3.2	false	false	true	true	线,方向,方
676	形态词命中	⎹	⎹	U+23B9	RIGHT VERTICAL BOX LINE	So	Common	Miscellaneous Technical	3.2	false	false	true	true	线,方向,方
677	形态词命中	⏄	⏄	U+23C4	DENTISTRY SYMBOL LIGHT DOWN AND HORIZONTAL WITH TRIANGLE	So	Common	Miscellaneous Technical	3.2	false	false	true	true	角,方向
678	形态词命中	⏅	⏅	U+23C5	DENTISTRY SYMBOL LIGHT UP AND HORIZONTAL WITH TRIANGLE	So	Common	Miscellaneous Technical	3.2	false	false	true	true	角,方向
679	形态词命中	┌	┌	U+250C	BOX DRAWINGS LIGHT DOWN AND RIGHT	So	Common	Box Drawing	1.1	false	false	true	true	方向,方
680	形态词命中	┍	┍	U+250D	BOX DRAWINGS DOWN LIGHT AND RIGHT HEAVY	So	Common	Box Drawing	1.1	false	false	true	true	方向,方
681	形态词命中	┎	┎	U+250E	BOX DRAWINGS DOWN HEAVY AND RIGHT LIGHT	So	Common	Box Drawing	1.1	false	false	true	true	方向,方
682	形态词命中	┏	┏	U+250F	BOX DRAWINGS HEAVY DOWN AND RIGHT	So	Common	Box Drawing	1.1	false	false	true	true	方向,方
683	形态词命中	┐	┐	U+2510	BOX DRAWINGS LIGHT DOWN AND LEFT	So	Common	Box Drawing	1.1	false	false	true	true	方向,方
684	形态词命中	┑	┑	U+2511	BOX DRAWINGS DOWN LIGHT AND LEFT HEAVY	So	Common	Box Drawing	1.1	false	false	true	true	方向,方
685	形态词命中	┒	┒	U+2512	BOX DRAWINGS DOWN HEAVY AND LEFT LIGHT	So	Common	Box Drawing	1.1	false	false	true	true	方向,方
686	形态词命中	┓	┓	U+2513	BOX DRAWINGS HEAVY DOWN AND LEFT	So	Common	Box Drawing	1.1	false	false	true	true	方向,方
687	形态词命中	└	└	U+2514	BOX DRAWINGS LIGHT UP AND RIGHT	So	Common	Box Drawing	1.1	false	false	true	true	方向,方
688	形态词命中	┕	┕	U+2515	BOX DRAWINGS UP LIGHT AND RIGHT HEAVY	So	Common	Box Drawing	1.1	false	false	true	true	方向,方
689	形态词命中	┖	┖	U+2516	BOX DRAWINGS UP HEAVY AND RIGHT LIGHT	So	Common	Box Drawing	1.1	false	false	true	true	方向,方
690	形态词命中	┗	┗	U+2517	BOX DRAWINGS HEAVY UP AND RIGHT	So	Common	Box Drawing	1.1	false	false	true	true	方向,方
691	形态词命中	┘	┘	U+2518	BOX DRAWINGS LIGHT UP AND LEFT	So	Common	Box Drawing	1.1	false	false	true	true	方向,方
692	形态词命中	┙	┙	U+2519	BOX DRAWINGS UP LIGHT AND LEFT HEAVY	So	Common	Box Drawing	1.1	false	false	true	true	方向,方
693	形态词命中	┚	┚	U+251A	BOX DRAWINGS UP HEAVY AND LEFT LIGHT	So	Common	Box Drawing	1.1	false	false	true	true	方向,方
694	形态词命中	┛	┛	U+251B	BOX DRAWINGS HEAVY UP AND LEFT	So	Common	Box Drawing	1.1	false	false	true	true	方向,方
695	形态词命中	┽	┽	U+253D	BOX DRAWINGS LEFT HEAVY AND RIGHT VERTICAL LIGHT	So	Common	Box Drawing	1.1	false	false	true	true	方向,方
696	形态词命中	┾	┾	U+253E	BOX DRAWINGS RIGHT HEAVY AND LEFT VERTICAL LIGHT	So	Common	Box Drawing	1.1	false	false	true	true	方向,方
697	形态词命中	╀	╀	U+2540	BOX DRAWINGS UP HEAVY AND DOWN HORIZONTAL LIGHT	So	Common	Box Drawing	1.1	false	false	true	true	方向,方
698	形态词命中	╁	╁	U+2541	BOX DRAWINGS DOWN HEAVY AND UP HORIZONTAL LIGHT	So	Common	Box Drawing	1.1	false	false	true	true	方向,方
699	形态词命中	╇	╇	U+2547	BOX DRAWINGS DOWN LIGHT AND UP HORIZONTAL HEAVY	So	Common	Box Drawing	1.1	false	false	true	true	方向,方
700	形态词命中	╈	╈	U+2548	BOX DRAWINGS UP LIGHT AND DOWN HORIZONTAL HEAVY	So	Common	Box Drawing	1.1	false	false	true	true	方向,方
701	形态词命中	╉	╉	U+2549	BOX DRAWINGS RIGHT LIGHT AND LEFT VERTICAL HEAVY	So	Common	Box Drawing	1.1	false	false	true	true	方向,方
702	形态词命中	╊	╊	U+254A	BOX DRAWINGS LEFT LIGHT AND RIGHT VERTICAL HEAVY	So	Common	Box Drawing	1.1	false	false	true	true	方向,方
703	形态词命中	╌	╌	U+254C	BOX DRAWINGS LIGHT DOUBLE DASH HORIZONTAL	So	Common	Box Drawing	1.1	false	false	true	true	线,对称,方
704	形态词命中	╍	╍	U+254D	BOX DRAWINGS HEAVY DOUBLE DASH HORIZONTAL	So	Common	Box Drawing	1.1	false	false	true	true	线,对称,方
705	形态词命中	╎	╎	U+254E	BOX DRAWINGS LIGHT DOUBLE DASH VERTICAL	So	Common	Box Drawing	1.1	false	false	true	true	线,对称,方
706	形态词命中	╏	╏	U+254F	BOX DRAWINGS HEAVY DOUBLE DASH VERTICAL	So	Common	Box Drawing	1.1	false	false	true	true	线,对称,方
707	形态词命中	╞	╞	U+255E	BOX DRAWINGS VERTICAL SINGLE AND RIGHT DOUBLE	So	Common	Box Drawing	1.1	false	false	true	true	方向,对称,方
708	形态词命中	╟	╟	U+255F	BOX DRAWINGS VERTICAL DOUBLE AND RIGHT SINGLE	So	Common	Box Drawing	1.1	false	false	true	true	方向,对称,方
709	形态词命中	╠	╠	U+2560	BOX DRAWINGS DOUBLE VERTICAL AND RIGHT	So	Common	Box Drawing	1.1	false	false	true	true	方向,对称,方
710	形态词命中	╡	╡	U+2561	BOX DRAWINGS VERTICAL SINGLE AND LEFT DOUBLE	So	Common	Box Drawing	1.1	false	false	true	true	方向,对称,方
711	形态词命中	╢	╢	U+2562	BOX DRAWINGS VERTICAL DOUBLE AND LEFT SINGLE	So	Common	Box Drawing	1.1	false	false	true	true	方向,对称,方
712	形态词命中	╣	╣	U+2563	BOX DRAWINGS DOUBLE VERTICAL AND LEFT	So	Common	Box Drawing	1.1	false	false	true	true	方向,对称,方
713	形态词命中	╤	╤	U+2564	BOX DRAWINGS DOWN SINGLE AND HORIZONTAL DOUBLE	So	Common	Box Drawing	1.1	false	false	true	true	方向,对称,方
714	形态词命中	╥	╥	U+2565	BOX DRAWINGS DOWN DOUBLE AND HORIZONTAL SINGLE	So	Common	Box Drawing	1.1	false	false	true	true	方向,对称,方
715	形态词命中	╦	╦	U+2566	BOX DRAWINGS DOUBLE DOWN AND HORIZONTAL	So	Common	Box Drawing	1.1	false	false	true	true	方向,对称,方
716	形态词命中	╧	╧	U+2567	BOX DRAWINGS UP SINGLE AND HORIZONTAL DOUBLE	So	Common	Box Drawing	1.1	false	false	true	true	方向,对称,方
717	形态词命中	╨	╨	U+2568	BOX DRAWINGS UP DOUBLE AND HORIZONTAL SINGLE	So	Common	Box Drawing	1.1	false	false	true	true	方向,对称,方
718	形态词命中	╩	╩	U+2569	BOX DRAWINGS DOUBLE UP AND HORIZONTAL	So	Common	Box Drawing	1.1	false	false	true	true	方向,对称,方
719	形态词命中	╼	╼	U+257C	BOX DRAWINGS LIGHT LEFT AND HEAVY RIGHT	So	Common	Box Drawing	1.1	false	false	true	true	方向,方
720	形态词命中	╽	╽	U+257D	BOX DRAWINGS LIGHT UP AND HEAVY DOWN	So	Common	Box Drawing	1.1	false	false	true	true	方向,方
721	形态词命中	╾	╾	U+257E	BOX DRAWINGS HEAVY LEFT AND LIGHT RIGHT	So	Common	Box Drawing	1.1	false	false	true	true	方向,方
722	形态词命中	╿	╿	U+257F	BOX DRAWINGS HEAVY UP AND LIGHT DOWN	So	Common	Box Drawing	1.1	false	false	true	true	方向,方
723	形态词命中	▘	▘	U+2598	QUADRANT UPPER LEFT	So	Common	Block Elements	3.2	false	false	true	true	方向,对称
724	形态词命中	▝	▝	U+259D	QUADRANT UPPER RIGHT	So	Common	Block Elements	3.2	false	false	true	true	方向,对称
725	形态词命中	▢	▢	U+25A2	WHITE SQUARE WITH ROUNDED CORNERS	So	Common	Geometric Shapes	1.1	false	false	true	true	圆,角,方
726	已确认锚点:axde	◌	◌	U+25CC	DOTTED CIRCLE	So	Common	Geometric Shapes	1.1	false	false	true	true	圆,点
727	形态词命中	◞	◞	U+25DE	LOWER RIGHT QUADRANT CIRCULAR ARC	So	Common	Geometric Shapes	1.1	false	false	true	true	线,方向,对称
728	形态词命中	◟	◟	U+25DF	LOWER LEFT QUADRANT CIRCULAR ARC	So	Common	Geometric Shapes	1.1	false	false	true	true	线,方向,对称
729	形态词命中	◢	◢	U+25E2	BLACK LOWER RIGHT TRIANGLE	So	Common	Geometric Shapes	1.1	false	false	true	true	角,方向
730	形态词命中	◣	◣	U+25E3	BLACK LOWER LEFT TRIANGLE	So	Common	Geometric Shapes	1.1	false	false	true	true	角,方向
731	形态词命中	◩	◩	U+25E9	SQUARE WITH UPPER LEFT DIAGONAL HALF BLACK	So	Common	Geometric Shapes	1.1	false	false	true	true	方向,方
732	形态词命中	◱	◱	U+25F1	WHITE SQUARE WITH LOWER LEFT QUADRANT	So	Common	Geometric Shapes	3.0	false	false	true	true	方向,对称,方
733	形态词命中	◲	◲	U+25F2	WHITE SQUARE WITH LOWER RIGHT QUADRANT	So	Common	Geometric Shapes	3.0	false	false	true	true	方向,对称,方
734	形态词命中	◵	◵	U+25F5	WHITE CIRCLE WITH LOWER LEFT QUADRANT	So	Common	Geometric Shapes	3.0	false	false	true	true	圆,方向,对称
735	形态词命中	◶	◶	U+25F6	WHITE CIRCLE WITH LOWER RIGHT QUADRANT	So	Common	Geometric Shapes	3.0	false	false	true	true	圆,方向,对称
736	形态词命中	⚆	⚆	U+2686	WHITE CIRCLE WITH DOT RIGHT	So	Common	Miscellaneous Symbols	3.2	false	false	true	true	圆,点,方向
737	形态词命中	⚈	⚈	U+2688	BLACK CIRCLE WITH WHITE DOT RIGHT	So	Common	Miscellaneous Symbols	3.2	false	false	true	true	圆,点,方向
738	形态词命中	⛣	⛣	U+26E3	HEAVY CIRCLE WITH STROKE AND TWO DOTS ABOVE	So	Common	Miscellaneous Symbols	5.2	false	false	true	true	圆,点,线
739	形态词命中	✷	✷	U+2737	EIGHT POINTED RECTILINEAR BLACK STAR	So	Common	Dingbats	1.1	false	false	true	true	点,线,星芒
740	形态词命中	✸	✸	U+2738	HEAVY EIGHT POINTED RECTILINEAR BLACK STAR	So	Common	Dingbats	1.1	false	false	true	true	点,线,星芒
741	形态词命中	❂	❂	U+2742	CIRCLED OPEN CENTRE EIGHT POINTED STAR	So	Common	Dingbats	1.1	false	false	true	true	圆,点,星芒
742	形态词命中	❐	❐	U+2750	UPPER RIGHT DROP-SHADOWED WHITE SQUARE	So	Common	Dingbats	1.1	false	false	true	true	方向,方
743	形态词命中	❒	❒	U+2752	UPPER RIGHT SHADOWED WHITE SQUARE	So	Common	Dingbats	1.1	false	false	true	true	方向,方
744	形态词命中	➘	➘	U+2798	HEAVY SOUTH EAST ARROW	So	Common	Dingbats	1.1	false	false	true	true	方向
745	形态词命中	➚	➚	U+279A	HEAVY NORTH EAST ARROW	So	Common	Dingbats	1.1	false	false	true	true	方向
746	形态词命中	➛	➛	U+279B	DRAFTING POINT RIGHTWARDS ARROW	So	Common	Dingbats	1.1	false	false	true	true	点,方向
747	形态词命中	➜	➜	U+279C	HEAVY ROUND-TIPPED RIGHTWARDS ARROW	So	Common	Dingbats	1.1	false	false	true	true	圆,方向
748	形态词命中	➥	➥	U+27A5	HEAVY BLACK CURVED DOWNWARDS AND RIGHTWARDS ARROW	So	Common	Dingbats	1.1	false	false	true	true	方向
749	形态词命中	➦	➦	U+27A6	HEAVY BLACK CURVED UPWARDS AND RIGHTWARDS ARROW	So	Common	Dingbats	1.1	false	false	true	true	方向
750	形态词命中	➨	➨	U+27A8	HEAVY CONCAVE-POINTED BLACK RIGHTWARDS ARROW	So	Common	Dingbats	1.1	false	false	true	true	点,方向
751	形态词命中	➪	➪	U+27AA	LEFT-SHADED WHITE RIGHTWARDS ARROW	So	Common	Dingbats	1.1	false	false	true	true	方向
752	形态词命中	➮	➮	U+27AE	HEAVY UPPER RIGHT-SHADOWED WHITE RIGHTWARDS ARROW	So	Common	Dingbats	1.1	false	false	true	true	方向
753	形态词命中	➱	➱	U+27B1	NOTCHED UPPER RIGHT-SHADOWED WHITE RIGHTWARDS ARROW	So	Common	Dingbats	1.1	false	false	true	true	方向
754	形态词命中	➲	➲	U+27B2	CIRCLED HEAVY WHITE RIGHTWARDS ARROW	So	Common	Dingbats	1.1	false	false	true	true	圆,方向
755	形态词命中	➴	➴	U+27B4	BLACK-FEATHERED SOUTH EAST ARROW	So	Common	Dingbats	1.1	false	false	true	true	方向
756	形态词命中	➶	➶	U+27B6	BLACK-FEATHERED NORTH EAST ARROW	So	Common	Dingbats	1.1	false	false	true	true	方向
757	形态词命中	➷	➷	U+27B7	HEAVY BLACK-FEATHERED SOUTH EAST ARROW	So	Common	Dingbats	1.1	false	false	true	true	方向
758	形态词命中	➹	➹	U+27B9	HEAVY BLACK-FEATHERED NORTH EAST ARROW	So	Common	Dingbats	1.1	false	false	true	true	方向
759	形态词命中	➺	➺	U+27BA	TEARDROP-BARBED RIGHTWARDS ARROW	So	Common	Dingbats	1.1	false	false	true	true	线,方向
760	形态词命中	➼	➼	U+27BC	WEDGE-TAILED RIGHTWARDS ARROW	So	Common	Dingbats	1.1	false	false	true	true	角,方向
761	形态词命中	➽	➽	U+27BD	HEAVY WEDGE-TAILED RIGHTWARDS ARROW	So	Common	Dingbats	1.1	false	false	true	true	角,方向
762	形态词命中	➾	➾	U+27BE	OPEN-OUTLINED RIGHTWARDS ARROW	So	Common	Dingbats	1.1	false	false	true	true	线,方向
763	形态词命中	⬀	⬀	U+2B00	NORTH EAST WHITE ARROW	So	Common	Miscellaneous Symbols and Arrows	4.0	false	false	true	true	方向
764	形态词命中	⬁	⬁	U+2B01	NORTH WEST WHITE ARROW	So	Common	Miscellaneous Symbols and Arrows	4.0	false	false	true	true	方向
765	形态词命中	⬂	⬂	U+2B02	SOUTH EAST WHITE ARROW	So	Common	Miscellaneous Symbols and Arrows	4.0	false	false	true	true	方向
766	形态词命中	⬃	⬃	U+2B03	SOUTH WEST WHITE ARROW	So	Common	Miscellaneous Symbols and Arrows	4.0	false	false	true	true	方向
767	形态词命中	⬄	⬄	U+2B04	LEFT RIGHT WHITE ARROW	So	Common	Miscellaneous Symbols and Arrows	4.0	false	false	true	true	方向
768	形态词命中	⬈	⬈	U+2B08	NORTH EAST BLACK ARROW	So	Common	Miscellaneous Symbols and Arrows	4.0	false	false	true	true	方向
769	形态词命中	⬉	⬉	U+2B09	NORTH WEST BLACK ARROW	So	Common	Miscellaneous Symbols and Arrows	4.0	false	false	true	true	方向
770	形态词命中	⬊	⬊	U+2B0A	SOUTH EAST BLACK ARROW	So	Common	Miscellaneous Symbols and Arrows	4.0	false	false	true	true	方向
771	形态词命中	⬋	⬋	U+2B0B	SOUTH WEST BLACK ARROW	So	Common	Miscellaneous Symbols and Arrows	4.0	false	false	true	true	方向
772	形态词命中	⬌	⬌	U+2B0C	LEFT RIGHT BLACK ARROW	So	Common	Miscellaneous Symbols and Arrows	4.0	false	false	true	true	方向
773	形态词命中	⬍	⬍	U+2B0D	UP DOWN BLACK ARROW	So	Common	Miscellaneous Symbols and Arrows	4.0	false	false	true	true	方向
774	形态词命中	⬎	⬎	U+2B0E	RIGHTWARDS ARROW WITH TIP DOWNWARDS	So	Common	Miscellaneous Symbols and Arrows	4.1	false	false	true	true	方向
775	形态词命中	⬏	⬏	U+2B0F	RIGHTWARDS ARROW WITH TIP UPWARDS	So	Common	Miscellaneous Symbols and Arrows	4.1	false	false	true	true	方向
776	形态词命中	⬐	⬐	U+2B10	LEFTWARDS ARROW WITH TIP DOWNWARDS	So	Common	Miscellaneous Symbols and Arrows	4.1	false	false	true	true	方向
777	形态词命中	⬑	⬑	U+2B11	LEFTWARDS ARROW WITH TIP UPWARDS	So	Common	Miscellaneous Symbols and Arrows	4.1	false	false	true	true	方向
778	形态词命中	⬔	⬔	U+2B14	SQUARE WITH UPPER RIGHT DIAGONAL HALF BLACK	So	Common	Miscellaneous Symbols and Arrows	5.0	false	false	true	true	方向,方
779	形态词命中	⬚	⬚	U+2B1A	DOTTED SQUARE	So	Common	Miscellaneous Symbols and Arrows	5.0	false	false	true	true	点,方
780	形态词命中	⭚	⭚	U+2B5A	SLANTED NORTH ARROW WITH HOOKED HEAD	So	Common	Miscellaneous Symbols and Arrows	7.0	false	false	true	true	方向,曲线
781	形态词命中	⭛	⭛	U+2B5B	BACKSLANTED SOUTH ARROW WITH HOOKED TAIL	So	Common	Miscellaneous Symbols and Arrows	7.0	false	false	true	true	方向,曲线
782	形态词命中	⮈	⮈	U+2B88	LEFTWARDS BLACK CIRCLED WHITE ARROW	So	Common	Miscellaneous Symbols and Arrows	7.0	false	false	true	true	圆,方向
783	形态词命中	⮉	⮉	U+2B89	UPWARDS BLACK CIRCLED WHITE ARROW	So	Common	Miscellaneous Symbols and Arrows	7.0	false	false	true	true	圆,方向
784	形态词命中	⮊	⮊	U+2B8A	RIGHTWARDS BLACK CIRCLED WHITE ARROW	So	Common	Miscellaneous Symbols and Arrows	7.0	false	false	true	true	圆,方向
785	形态词命中	⮋	⮋	U+2B8B	DOWNWARDS BLACK CIRCLED WHITE ARROW	So	Common	Miscellaneous Symbols and Arrows	7.0	false	false	true	true	圆,方向
786	形态词命中	⮍	⮍	U+2B8D	ANTICLOCKWISE TRIANGLE-HEADED BOTTOM U-SHAPED ARROW	So	Common	Miscellaneous Symbols and Arrows	7.0	false	false	true	true	角,方向
787	形态词命中	⮏	⮏	U+2B8F	ANTICLOCKWISE TRIANGLE-HEADED TOP U-SHAPED ARROW	So	Common	Miscellaneous Symbols and Arrows	7.0	false	false	true	true	角,方向
788	形态词命中	⮙	⮙	U+2B99	THREE-D RIGHT-LIGHTED UPWARDS EQUILATERAL ARROWHEAD	So	Common	Miscellaneous Symbols and Arrows	7.0	false	false	true	true	方向
789	形态词命中	⮛	⮛	U+2B9B	THREE-D LEFT-LIGHTED DOWNWARDS EQUILATERAL ARROWHEAD	So	Common	Miscellaneous Symbols and Arrows	7.0	false	false	true	true	方向
790	形态词命中	⮨	⮨	U+2BA8	BLACK CURVED DOWNWARDS AND LEFTWARDS ARROW	So	Common	Miscellaneous Symbols and Arrows	7.0	false	false	true	true	方向
791	形态词命中	⮩	⮩	U+2BA9	BLACK CURVED DOWNWARDS AND RIGHTWARDS ARROW	So	Common	Miscellaneous Symbols and Arrows	7.0	false	false	true	true	方向
792	形态词命中	⮪	⮪	U+2BAA	BLACK CURVED UPWARDS AND LEFTWARDS ARROW	So	Common	Miscellaneous Symbols and Arrows	7.0	false	false	true	true	方向
793	形态词命中	⮫	⮫	U+2BAB	BLACK CURVED UPWARDS AND RIGHTWARDS ARROW	So	Common	Miscellaneous Symbols and Arrows	7.0	false	false	true	true	方向
794	形态词命中	⮬	⮬	U+2BAC	BLACK CURVED LEFTWARDS AND UPWARDS ARROW	So	Common	Miscellaneous Symbols and Arrows	7.0	false	false	true	true	方向
795	形态词命中	⮭	⮭	U+2BAD	BLACK CURVED RIGHTWARDS AND UPWARDS ARROW	So	Common	Miscellaneous Symbols and Arrows	7.0	false	false	true	true	方向
796	形态词命中	⮮	⮮	U+2BAE	BLACK CURVED LEFTWARDS AND DOWNWARDS ARROW	So	Common	Miscellaneous Symbols and Arrows	7.0	false	false	true	true	方向
797	形态词命中	⮯	⮯	U+2BAF	BLACK CURVED RIGHTWARDS AND DOWNWARDS ARROW	So	Common	Miscellaneous Symbols and Arrows	7.0	false	false	true	true	方向
798	形态词命中	⮰	⮰	U+2BB0	RIBBON ARROW DOWN LEFT	So	Common	Miscellaneous Symbols and Arrows	7.0	false	false	true	true	方向
799	形态词命中	⮱	⮱	U+2BB1	RIBBON ARROW DOWN RIGHT	So	Common	Miscellaneous Symbols and Arrows	7.0	false	false	true	true	方向
800	形态词命中	⮲	⮲	U+2BB2	RIBBON ARROW UP LEFT	So	Common	Miscellaneous Symbols and Arrows	7.0	false	false	true	true	方向
801	形态词命中	⮳	⮳	U+2BB3	RIBBON ARROW UP RIGHT	So	Common	Miscellaneous Symbols and Arrows	7.0	false	false	true	true	方向
802	形态词命中	⮴	⮴	U+2BB4	RIBBON ARROW LEFT UP	So	Common	Miscellaneous Symbols and Arrows	7.0	false	false	true	true	方向
803	形态词命中	⮵	⮵	U+2BB5	RIBBON ARROW RIGHT UP	So	Common	Miscellaneous Symbols and Arrows	7.0	false	false	true	true	方向
804	形态词命中	⮶	⮶	U+2BB6	RIBBON ARROW LEFT DOWN	So	Common	Miscellaneous Symbols and Arrows	7.0	false	false	true	true	方向
805	形态词命中	⮷	⮷	U+2BB7	RIBBON ARROW RIGHT DOWN	So	Common	Miscellaneous Symbols and Arrows	7.0	false	false	true	true	方向
806	形态词命中	⮸	⮸	U+2BB8	UPWARDS WHITE ARROW FROM BAR WITH HORIZONTAL BAR	So	Common	Miscellaneous Symbols and Arrows	7.0	false	false	true	true	线,方向
807	形态词命中	𝄀	𝄀	U+1D100	MUSICAL SYMBOL SINGLE BARLINE	So	Common	Musical Symbols	3.1	false	false	true	true	线
808	形态词命中	𝄂	𝄂	U+1D102	MUSICAL SYMBOL FINAL BARLINE	So	Common	Musical Symbols	3.1	false	false	true	true	线
809	形态词命中	𝄃	𝄃	U+1D103	MUSICAL SYMBOL REVERSE FINAL BARLINE	So	Common	Musical Symbols	3.1	false	false	true	true	线
810	形态词命中	𝄅	𝄅	U+1D105	MUSICAL SYMBOL SHORT BARLINE	So	Common	Musical Symbols	3.1	false	false	true	true	线
811	形态词命中	𝅅	𝅅	U+1D145	MUSICAL SYMBOL CIRCLE X NOTEHEAD	So	Common	Musical Symbols	3.1	false	false	true	true	圆
812	形态词命中	𝅆	𝅆	U+1D146	MUSICAL SYMBOL SQUARE NOTEHEAD WHITE	So	Common	Musical Symbols	3.1	false	false	true	true	方
813	形态词命中	𝅇	𝅇	U+1D147	MUSICAL SYMBOL SQUARE NOTEHEAD BLACK	So	Common	Musical Symbols	3.1	false	false	true	true	方
814	形态词命中	𝅒	𝅒	U+1D152	MUSICAL SYMBOL MOON NOTEHEAD WHITE	So	Common	Musical Symbols	3.1	false	false	true	true	曲线
815	形态词命中	𝅓	𝅓	U+1D153	MUSICAL SYMBOL MOON NOTEHEAD BLACK	So	Common	Musical Symbols	3.1	false	false	true	true	曲线
816	形态词命中	𝆛	𝆛	U+1D19B	MUSICAL SYMBOL ORNAMENT STROKE-1	So	Common	Musical Symbols	3.1	false	false	true	true	线
817	形态词命中	𝆜	𝆜	U+1D19C	MUSICAL SYMBOL ORNAMENT STROKE-2	So	Common	Musical Symbols	3.1	false	false	true	true	线
818	形态词命中	𝆝	𝆝	U+1D19D	MUSICAL SYMBOL ORNAMENT STROKE-3	So	Common	Musical Symbols	3.1	false	false	true	true	线
819	形态词命中	𝆞	𝆞	U+1D19E	MUSICAL SYMBOL ORNAMENT STROKE-4	So	Common	Musical Symbols	3.1	false	false	true	true	线
820	形态词命中	𝆟	𝆟	U+1D19F	MUSICAL SYMBOL ORNAMENT STROKE-5	So	Common	Musical Symbols	3.1	false	false	true	true	线
821	形态词命中	𝆠	𝆠	U+1D1A0	MUSICAL SYMBOL ORNAMENT STROKE-6	So	Common	Musical Symbols	3.1	false	false	true	true	线
822	形态词命中	𝆡	𝆡	U+1D1A1	MUSICAL SYMBOL ORNAMENT STROKE-7	So	Common	Musical Symbols	3.1	false	false	true	true	线
823	形态词命中	𝆢	𝆢	U+1D1A2	MUSICAL SYMBOL ORNAMENT STROKE-8	So	Common	Musical Symbols	3.1	false	false	true	true	线
824	形态词命中	𝆣	𝆣	U+1D1A3	MUSICAL SYMBOL ORNAMENT STROKE-9	So	Common	Musical Symbols	3.1	false	false	true	true	线
825	形态词命中	𝆤	𝆤	U+1D1A4	MUSICAL SYMBOL ORNAMENT STROKE-10	So	Common	Musical Symbols	3.1	false	false	true	true	线
826	形态词命中	𝆥	𝆥	U+1D1A5	MUSICAL SYMBOL ORNAMENT STROKE-11	So	Common	Musical Symbols	3.1	false	false	true	true	线
827	形态词命中	𝇤	𝇤	U+1D1E4	MUSICAL SYMBOL KIEVAN QUARTER NOTE STEM DOWN	So	Common	Musical Symbols	8.0	false	false	true	true	方向
828	形态词命中	𝇥	𝇥	U+1D1E5	MUSICAL SYMBOL KIEVAN QUARTER NOTE STEM UP	So	Common	Musical Symbols	8.0	false	false	true	true	方向
829	形态词命中	𝇦	𝇦	U+1D1E6	MUSICAL SYMBOL KIEVAN EIGHTH NOTE STEM DOWN	So	Common	Musical Symbols	8.0	false	false	true	true	方向
830	形态词命中	𝇧	𝇧	U+1D1E7	MUSICAL SYMBOL KIEVAN EIGHTH NOTE STEM UP	So	Common	Musical Symbols	8.0	false	false	true	true	方向
831	形态词命中	🔿	🔿	U+1F53F	UPPER RIGHT SHADOWED WHITE CIRCLE	So	Common	Miscellaneous Symbols and Pictographs	7.0	false	false	true	true	圆,方向
832	形态词命中	🕃	🕃	U+1F543	NOTCHED LEFT SEMICIRCLE WITH THREE DOTS	So	Common	Miscellaneous Symbols and Pictographs	6.1	false	false	true	true	圆,点,方向
833	形态词命中	🕄	🕄	U+1F544	NOTCHED RIGHT SEMICIRCLE WITH THREE DOTS	So	Common	Miscellaneous Symbols and Pictographs	7.0	false	false	true	true	圆,点,方向
834	形态词命中	🖜	🖜	U+1F59C	BLACK LEFT POINTING BACKHAND INDEX	So	Common	Miscellaneous Symbols and Pictographs	7.0	false	false	true	true	点,方向
835	形态词命中	🖝	🖝	U+1F59D	BLACK RIGHT POINTING BACKHAND INDEX	So	Common	Miscellaneous Symbols and Pictographs	7.0	false	false	true	true	点,方向
836	形态词命中	🖢	🖢	U+1F5A2	BLACK UP POINTING BACKHAND INDEX	So	Common	Miscellaneous Symbols and Pictographs	7.0	false	false	true	true	点,方向
837	形态词命中	🖣	🖣	U+1F5A3	BLACK DOWN POINTING BACKHAND INDEX	So	Common	Miscellaneous Symbols and Pictographs	7.0	false	false	true	true	点,方向
838	形态词命中	🙐	🙐	U+1F650	NORTH WEST POINTING LEAF	So	Common	Ornamental Dingbats	7.0	false	false	true	true	点,方向
839	形态词命中	🙑	🙑	U+1F651	SOUTH WEST POINTING LEAF	So	Common	Ornamental Dingbats	7.0	false	false	true	true	点,方向
840	形态词命中	🙒	🙒	U+1F652	NORTH EAST POINTING LEAF	So	Common	Ornamental Dingbats	7.0	false	false	true	true	点,方向
841	形态词命中	🙓	🙓	U+1F653	SOUTH EAST POINTING LEAF	So	Common	Ornamental Dingbats	7.0	false	false	true	true	点,方向
842	形态词命中	🙔	🙔	U+1F654	TURNED NORTH WEST POINTING LEAF	So	Common	Ornamental Dingbats	7.0	false	false	true	true	点,方向
843	形态词命中	🙕	🙕	U+1F655	TURNED SOUTH WEST POINTING LEAF	So	Common	Ornamental Dingbats	7.0	false	false	true	true	点,方向
844	形态词命中	🙖	🙖	U+1F656	TURNED NORTH EAST POINTING LEAF	So	Common	Ornamental Dingbats	7.0	false	false	true	true	点,方向
845	形态词命中	🙗	🙗	U+1F657	TURNED SOUTH EAST POINTING LEAF	So	Common	Ornamental Dingbats	7.0	false	false	true	true	点,方向
846	形态词命中	🙘	🙘	U+1F658	NORTH WEST POINTING VINE LEAF	So	Common	Ornamental Dingbats	7.0	false	false	true	true	点,方向
847	形态词命中	🙙	🙙	U+1F659	SOUTH WEST POINTING VINE LEAF	So	Common	Ornamental Dingbats	7.0	false	false	true	true	点,方向
848	形态词命中	🙚	🙚	U+1F65A	NORTH EAST POINTING VINE LEAF	So	Common	Ornamental Dingbats	7.0	false	false	true	true	点,方向
849	形态词命中	🙛	🙛	U+1F65B	SOUTH EAST POINTING VINE LEAF	So	Common	Ornamental Dingbats	7.0	false	false	true	true	点,方向
850	形态词命中	🙜	🙜	U+1F65C	HEAVY NORTH WEST POINTING VINE LEAF	So	Common	Ornamental Dingbats	7.0	false	false	true	true	点,方向
851	形态词命中	🙝	🙝	U+1F65D	HEAVY SOUTH WEST POINTING VINE LEAF	So	Common	Ornamental Dingbats	7.0	false	false	true	true	点,方向
852	形态词命中	🙞	🙞	U+1F65E	HEAVY NORTH EAST POINTING VINE LEAF	So	Common	Ornamental Dingbats	7.0	false	false	true	true	点,方向
853	形态词命中	🙟	🙟	U+1F65F	HEAVY SOUTH EAST POINTING VINE LEAF	So	Common	Ornamental Dingbats	7.0	false	false	true	true	点,方向
854	形态词命中	🙠	🙠	U+1F660	NORTH WEST POINTING BUD	So	Common	Ornamental Dingbats	7.0	false	false	true	true	点,方向
855	形态词命中	🙡	🙡	U+1F661	SOUTH WEST POINTING BUD	So	Common	Ornamental Dingbats	7.0	false	false	true	true	点,方向
856	形态词命中	🙢	🙢	U+1F662	NORTH EAST POINTING BUD	So	Common	Ornamental Dingbats	7.0	false	false	true	true	点,方向
857	形态词命中	🙣	🙣	U+1F663	SOUTH EAST POINTING BUD	So	Common	Ornamental Dingbats	7.0	false	false	true	true	点,方向
858	形态词命中	🙤	🙤	U+1F664	HEAVY NORTH WEST POINTING BUD	So	Common	Ornamental Dingbats	7.0	false	false	true	true	点,方向
859	形态词命中	🙥	🙥	U+1F665	HEAVY SOUTH WEST POINTING BUD	So	Common	Ornamental Dingbats	7.0	false	false	true	true	点,方向
860	形态词命中	🙦	🙦	U+1F666	HEAVY NORTH EAST POINTING BUD	So	Common	Ornamental Dingbats	7.0	false	false	true	true	点,方向
861	形态词命中	🙧	🙧	U+1F667	HEAVY SOUTH EAST POINTING BUD	So	Common	Ornamental Dingbats	7.0	false	false	true	true	点,方向
862	形态词命中	🛪	🛪	U+1F6EA	NORTHEAST-POINTING AIRPLANE	So	Common	Transport and Map Symbols	7.0	false	false	true	true	点,方向
863	形态词命中	🟕	🟕	U+1F7D5	CIRCLED TRIANGLE	So	Common	Geometric Shapes Extended	11.0	false	false	true	true	圆,角
864	形态词命中	🟖	🟖	U+1F7D6	NEGATIVE CIRCLED TRIANGLE	So	Common	Geometric Shapes Extended	11.0	false	false	true	true	圆,角
865	形态词命中	🠸	🠸	U+1F838	LEFTWARDS SQUARED ARROW	So	Common	Supplemental Arrows-C	7.0	false	false	true	true	方向,方
866	形态词命中	🠹	🠹	U+1F839	UPWARDS SQUARED ARROW	So	Common	Supplemental Arrows-C	7.0	false	false	true	true	方向,方
867	形态词命中	🠺	🠺	U+1F83A	RIGHTWARDS SQUARED ARROW	So	Common	Supplemental Arrows-C	7.0	false	false	true	true	方向,方
868	形态词命中	🠻	🠻	U+1F83B	DOWNWARDS SQUARED ARROW	So	Common	Supplemental Arrows-C	7.0	false	false	true	true	方向,方
869	形态词命中	🡔	🡔	U+1F854	NORTH WEST SANS-SERIF ARROW	So	Common	Supplemental Arrows-C	7.0	false	false	true	true	方向
870	形态词命中	🡕	🡕	U+1F855	NORTH EAST SANS-SERIF ARROW	So	Common	Supplemental Arrows-C	7.0	false	false	true	true	方向
871	形态词命中	🡖	🡖	U+1F856	SOUTH EAST SANS-SERIF ARROW	So	Common	Supplemental Arrows-C	7.0	false	false	true	true	方向
872	形态词命中	🡗	🡗	U+1F857	SOUTH WEST SANS-SERIF ARROW	So	Common	Supplemental Arrows-C	7.0	false	false	true	true	方向
873	形态词命中	🡘	🡘	U+1F858	LEFT RIGHT SANS-SERIF ARROW	So	Common	Supplemental Arrows-C	7.0	false	false	true	true	方向
874	形态词命中	🡙	🡙	U+1F859	UP DOWN SANS-SERIF ARROW	So	Common	Supplemental Arrows-C	7.0	false	false	true	true	方向
875	形态词命中	🡠	🡠	U+1F860	WIDE-HEADED LEFTWARDS LIGHT BARB ARROW	So	Common	Supplemental Arrows-C	7.0	false	false	true	true	线,方向
876	形态词命中	🡡	🡡	U+1F861	WIDE-HEADED UPWARDS LIGHT BARB ARROW	So	Common	Supplemental Arrows-C	7.0	false	false	true	true	线,方向
877	形态词命中	🡢	🡢	U+1F862	WIDE-HEADED RIGHTWARDS LIGHT BARB ARROW	So	Common	Supplemental Arrows-C	7.0	false	false	true	true	线,方向
878	形态词命中	🡣	🡣	U+1F863	WIDE-HEADED DOWNWARDS LIGHT BARB ARROW	So	Common	Supplemental Arrows-C	7.0	false	false	true	true	线,方向
879	形态词命中	🡨	🡨	U+1F868	WIDE-HEADED LEFTWARDS BARB ARROW	So	Common	Supplemental Arrows-C	7.0	false	false	true	true	线,方向
880	形态词命中	🡩	🡩	U+1F869	WIDE-HEADED UPWARDS BARB ARROW	So	Common	Supplemental Arrows-C	7.0	false	false	true	true	线,方向
881	形态词命中	🡪	🡪	U+1F86A	WIDE-HEADED RIGHTWARDS BARB ARROW	So	Common	Supplemental Arrows-C	7.0	false	false	true	true	线,方向
882	形态词命中	🡫	🡫	U+1F86B	WIDE-HEADED DOWNWARDS BARB ARROW	So	Common	Supplemental Arrows-C	7.0	false	false	true	true	线,方向
883	形态词命中	🡰	🡰	U+1F870	WIDE-HEADED LEFTWARDS MEDIUM BARB ARROW	So	Common	Supplemental Arrows-C	7.0	false	false	true	true	线,方向
884	形态词命中	🡱	🡱	U+1F871	WIDE-HEADED UPWARDS MEDIUM BARB ARROW	So	Common	Supplemental Arrows-C	7.0	false	false	true	true	线,方向
885	形态词命中	🡲	🡲	U+1F872	WIDE-HEADED RIGHTWARDS MEDIUM BARB ARROW	So	Common	Supplemental Arrows-C	7.0	false	false	true	true	线,方向
886	形态词命中	🡳	🡳	U+1F873	WIDE-HEADED DOWNWARDS MEDIUM BARB ARROW	So	Common	Supplemental Arrows-C	7.0	false	false	true	true	线,方向
887	形态词命中	🡸	🡸	U+1F878	WIDE-HEADED LEFTWARDS HEAVY BARB ARROW	So	Common	Supplemental Arrows-C	7.0	false	false	true	true	线,方向
888	形态词命中	🡹	🡹	U+1F879	WIDE-HEADED UPWARDS HEAVY BARB ARROW	So	Common	Supplemental Arrows-C	7.0	false	false	true	true	线,方向
889	形态词命中	🡺	🡺	U+1F87A	WIDE-HEADED RIGHTWARDS HEAVY BARB ARROW	So	Common	Supplemental Arrows-C	7.0	false	false	true	true	线,方向
890	形态词命中	🡻	🡻	U+1F87B	WIDE-HEADED DOWNWARDS HEAVY BARB ARROW	So	Common	Supplemental Arrows-C	7.0	false	false	true	true	线,方向
891	形态词命中	🢀	🢀	U+1F880	WIDE-HEADED LEFTWARDS VERY HEAVY BARB ARROW	So	Common	Supplemental Arrows-C	7.0	false	false	true	true	线,方向
892	形态词命中	🢁	🢁	U+1F881	WIDE-HEADED UPWARDS VERY HEAVY BARB ARROW	So	Common	Supplemental Arrows-C	7.0	false	false	true	true	线,方向
893	形态词命中	🢂	🢂	U+1F882	WIDE-HEADED RIGHTWARDS VERY HEAVY BARB ARROW	So	Common	Supplemental Arrows-C	7.0	false	false	true	true	线,方向
894	形态词命中	🢃	🢃	U+1F883	WIDE-HEADED DOWNWARDS VERY HEAVY BARB ARROW	So	Common	Supplemental Arrows-C	7.0	false	false	true	true	线,方向
895	形态词命中	🢦	🢦	U+1F8A6	LEFTWARDS RIGHT-SHADED WHITE ARROW	So	Common	Supplemental Arrows-C	7.0	false	false	true	true	方向
896	形态词命中	🢧	🢧	U+1F8A7	RIGHTWARDS LEFT-SHADED WHITE ARROW	So	Common	Supplemental Arrows-C	7.0	false	false	true	true	方向
897	已确认锚点:ddoi	⦿	⦿	U+29BF	CIRCLED BULLET	Sm	Common	Miscellaneous Mathematical Symbols-B	3.2	false	false	true	true	圆,点
898	已确认锚点:yboe	○	○	U+25CB	WHITE CIRCLE	So	Common	Geometric Shapes	1.1	false	false	true	true	圆
899	已确认锚点:fpof	●	●	U+25CF	BLACK CIRCLE	So	Common	Geometric Shapes	1.1	false	false	true	true	圆
900	形态词命中	㉥	㉥	U+3265	CIRCLED HANGUL PIEUP	So	Hangul	Enclosed CJK Letters and Months	1.1	false	false	true	true	圆,方向
901	形态词命中	㉬	㉬	U+326C	CIRCLED HANGUL PHIEUPH	So	Hangul	Enclosed CJK Letters and Months	1.1	false	false	true	true	圆,方向
902	形态词命中	㉳	㉳	U+3273	CIRCLED HANGUL PIEUP A	So	Hangul	Enclosed CJK Letters and Months	1.1	false	false	true	true	圆,方向
903	形态词命中	㉺	㉺	U+327A	CIRCLED HANGUL PHIEUPH A	So	Hangul	Enclosed CJK Letters and Months	1.1	false	false	true	true	圆,方向
904	形态词命中	⠁	⠁	U+2801	BRAILLE PATTERN DOTS-1	So	Braille	Braille Patterns	3.0	false	false	true	true	点
905	形态词命中	⠂	⠂	U+2802	BRAILLE PATTERN DOTS-2	So	Braille	Braille Patterns	3.0	false	false	true	true	点
906	形态词命中	⠃	⠃	U+2803	BRAILLE PATTERN DOTS-12	So	Braille	Braille Patterns	3.0	false	false	true	true	点
907	形态词命中	⠄	⠄	U+2804	BRAILLE PATTERN DOTS-3	So	Braille	Braille Patterns	3.0	false	false	true	true	点
908	形态词命中	⠅	⠅	U+2805	BRAILLE PATTERN DOTS-13	So	Braille	Braille Patterns	3.0	false	false	true	true	点
909	形态词命中	⠆	⠆	U+2806	BRAILLE PATTERN DOTS-23	So	Braille	Braille Patterns	3.0	false	false	true	true	点
910	形态词命中	⠇	⠇	U+2807	BRAILLE PATTERN DOTS-123	So	Braille	Braille Patterns	3.0	false	false	true	true	点
911	形态词命中	⠈	⠈	U+2808	BRAILLE PATTERN DOTS-4	So	Braille	Braille Patterns	3.0	false	false	true	true	点
912	形态词命中	⠉	⠉	U+2809	BRAILLE PATTERN DOTS-14	So	Braille	Braille Patterns	3.0	false	false	true	true	点
913	形态词命中	⠊	⠊	U+280A	BRAILLE PATTERN DOTS-24	So	Braille	Braille Patterns	3.0	false	false	true	true	点
914	形态词命中	⠋	⠋	U+280B	BRAILLE PATTERN DOTS-124	So	Braille	Braille Patterns	3.0	false	false	true	true	点
915	形态词命中	⠌	⠌	U+280C	BRAILLE PATTERN DOTS-34	So	Braille	Braille Patterns	3.0	false	false	true	true	点
916	形态词命中	⠍	⠍	U+280D	BRAILLE PATTERN DOTS-134	So	Braille	Braille Patterns	3.0	false	false	true	true	点
917	形态词命中	⠎	⠎	U+280E	BRAILLE PATTERN DOTS-234	So	Braille	Braille Patterns	3.0	false	false	true	true	点
918	形态词命中	⠏	⠏	U+280F	BRAILLE PATTERN DOTS-1234	So	Braille	Braille Patterns	3.0	false	false	true	true	点
919	形态词命中	⠐	⠐	U+2810	BRAILLE PATTERN DOTS-5	So	Braille	Braille Patterns	3.0	false	false	true	true	点
920	形态词命中	⠑	⠑	U+2811	BRAILLE PATTERN DOTS-15	So	Braille	Braille Patterns	3.0	false	false	true	true	点
921	形态词命中	⠒	⠒	U+2812	BRAILLE PATTERN DOTS-25	So	Braille	Braille Patterns	3.0	false	false	true	true	点
922	形态词命中	⠓	⠓	U+2813	BRAILLE PATTERN DOTS-125	So	Braille	Braille Patterns	3.0	false	false	true	true	点
923	形态词命中	⠔	⠔	U+2814	BRAILLE PATTERN DOTS-35	So	Braille	Braille Patterns	3.0	false	false	true	true	点
924	形态词命中	⠕	⠕	U+2815	BRAILLE PATTERN DOTS-135	So	Braille	Braille Patterns	3.0	false	false	true	true	点
925	形态词命中	⠖	⠖	U+2816	BRAILLE PATTERN DOTS-235	So	Braille	Braille Patterns	3.0	false	false	true	true	点
926	形态词命中	⠗	⠗	U+2817	BRAILLE PATTERN DOTS-1235	So	Braille	Braille Patterns	3.0	false	false	true	true	点
927	形态词命中	⠘	⠘	U+2818	BRAILLE PATTERN DOTS-45	So	Braille	Braille Patterns	3.0	false	false	true	true	点
928	形态词命中	⠙	⠙	U+2819	BRAILLE PATTERN DOTS-145	So	Braille	Braille Patterns	3.0	false	false	true	true	点
929	形态词命中	⠚	⠚	U+281A	BRAILLE PATTERN DOTS-245	So	Braille	Braille Patterns	3.0	false	false	true	true	点
930	形态词命中	⠛	⠛	U+281B	BRAILLE PATTERN DOTS-1245	So	Braille	Braille Patterns	3.0	false	false	true	true	点
931	形态词命中	⠜	⠜	U+281C	BRAILLE PATTERN DOTS-345	So	Braille	Braille Patterns	3.0	false	false	true	true	点
932	形态词命中	⠝	⠝	U+281D	BRAILLE PATTERN DOTS-1345	So	Braille	Braille Patterns	3.0	false	false	true	true	点
933	形态词命中	⠞	⠞	U+281E	BRAILLE PATTERN DOTS-2345	So	Braille	Braille Patterns	3.0	false	false	true	true	点
934	形态词命中	⠟	⠟	U+281F	BRAILLE PATTERN DOTS-12345	So	Braille	Braille Patterns	3.0	false	false	true	true	点
935	形态词命中	⠠	⠠	U+2820	BRAILLE PATTERN DOTS-6	So	Braille	Braille Patterns	3.0	false	false	true	true	点
936	形态词命中	⠡	⠡	U+2821	BRAILLE PATTERN DOTS-16	So	Braille	Braille Patterns	3.0	false	false	true	true	点
937	形态词命中	⠢	⠢	U+2822	BRAILLE PATTERN DOTS-26	So	Braille	Braille Patterns	3.0	false	false	true	true	点
938	形态词命中	⠣	⠣	U+2823	BRAILLE PATTERN DOTS-126	So	Braille	Braille Patterns	3.0	false	false	true	true	点
939	形态词命中	⠤	⠤	U+2824	BRAILLE PATTERN DOTS-36	So	Braille	Braille Patterns	3.0	false	false	true	true	点
940	形态词命中	⠥	⠥	U+2825	BRAILLE PATTERN DOTS-136	So	Braille	Braille Patterns	3.0	false	false	true	true	点
941	形态词命中	⠦	⠦	U+2826	BRAILLE PATTERN DOTS-236	So	Braille	Braille Patterns	3.0	false	false	true	true	点
942	形态词命中	⠧	⠧	U+2827	BRAILLE PATTERN DOTS-1236	So	Braille	Braille Patterns	3.0	false	false	true	true	点
943	形态词命中	⠨	⠨	U+2828	BRAILLE PATTERN DOTS-46	So	Braille	Braille Patterns	3.0	false	false	true	true	点
944	形态词命中	⠩	⠩	U+2829	BRAILLE PATTERN DOTS-146	So	Braille	Braille Patterns	3.0	false	false	true	true	点
945	形态词命中	⠪	⠪	U+282A	BRAILLE PATTERN DOTS-246	So	Braille	Braille Patterns	3.0	false	false	true	true	点
946	形态词命中	⠫	⠫	U+282B	BRAILLE PATTERN DOTS-1246	So	Braille	Braille Patterns	3.0	false	false	true	true	点
947	形态词命中	⠬	⠬	U+282C	BRAILLE PATTERN DOTS-346	So	Braille	Braille Patterns	3.0	false	false	true	true	点
948	形态词命中	⠭	⠭	U+282D	BRAILLE PATTERN DOTS-1346	So	Braille	Braille Patterns	3.0	false	false	true	true	点
949	形态词命中	⠮	⠮	U+282E	BRAILLE PATTERN DOTS-2346	So	Braille	Braille Patterns	3.0	false	false	true	true	点
950	形态词命中	⠯	⠯	U+282F	BRAILLE PATTERN DOTS-12346	So	Braille	Braille Patterns	3.0	false	false	true	true	点
951	形态词命中	⠰	⠰	U+2830	BRAILLE PATTERN DOTS-56	So	Braille	Braille Patterns	3.0	false	false	true	true	点
952	形态词命中	⠱	⠱	U+2831	BRAILLE PATTERN DOTS-156	So	Braille	Braille Patterns	3.0	false	false	true	true	点
953	形态词命中	⠲	⠲	U+2832	BRAILLE PATTERN DOTS-256	So	Braille	Braille Patterns	3.0	false	false	true	true	点
954	形态词命中	⠳	⠳	U+2833	BRAILLE PATTERN DOTS-1256	So	Braille	Braille Patterns	3.0	false	false	true	true	点
955	形态词命中	⠴	⠴	U+2834	BRAILLE PATTERN DOTS-356	So	Braille	Braille Patterns	3.0	false	false	true	true	点
956	形态词命中	⠵	⠵	U+2835	BRAILLE PATTERN DOTS-1356	So	Braille	Braille Patterns	3.0	false	false	true	true	点
957	形态词命中	⠶	⠶	U+2836	BRAILLE PATTERN DOTS-2356	So	Braille	Braille Patterns	3.0	false	false	true	true	点
958	形态词命中	⠷	⠷	U+2837	BRAILLE PATTERN DOTS-12356	So	Braille	Braille Patterns	3.0	false	false	true	true	点
959	形态词命中	⠸	⠸	U+2838	BRAILLE PATTERN DOTS-456	So	Braille	Braille Patterns	3.0	false	false	true	true	点
960	形态词命中	⠹	⠹	U+2839	BRAILLE PATTERN DOTS-1456	So	Braille	Braille Patterns	3.0	false	false	true	true	点
961	形态词命中	⠺	⠺	U+283A	BRAILLE PATTERN DOTS-2456	So	Braille	Braille Patterns	3.0	false	false	true	true	点
962	形态词命中	⠻	⠻	U+283B	BRAILLE PATTERN DOTS-12456	So	Braille	Braille Patterns	3.0	false	false	true	true	点
963	形态词命中	⠼	⠼	U+283C	BRAILLE PATTERN DOTS-3456	So	Braille	Braille Patterns	3.0	false	false	true	true	点
964	形态词命中	⠽	⠽	U+283D	BRAILLE PATTERN DOTS-13456	So	Braille	Braille Patterns	3.0	false	false	true	true	点
965	形态词命中	⠾	⠾	U+283E	BRAILLE PATTERN DOTS-23456	So	Braille	Braille Patterns	3.0	false	false	true	true	点
966	形态词命中	⠿	⠿	U+283F	BRAILLE PATTERN DOTS-123456	So	Braille	Braille Patterns	3.0	false	false	true	true	点
967	形态词命中	⡀	⡀	U+2840	BRAILLE PATTERN DOTS-7	So	Braille	Braille Patterns	3.0	false	false	true	true	点
968	形态词命中	⡁	⡁	U+2841	BRAILLE PATTERN DOTS-17	So	Braille	Braille Patterns	3.0	false	false	true	true	点
969	形态词命中	⡂	⡂	U+2842	BRAILLE PATTERN DOTS-27	So	Braille	Braille Patterns	3.0	false	false	true	true	点
970	形态词命中	⡃	⡃	U+2843	BRAILLE PATTERN DOTS-127	So	Braille	Braille Patterns	3.0	false	false	true	true	点
971	形态词命中	⡄	⡄	U+2844	BRAILLE PATTERN DOTS-37	So	Braille	Braille Patterns	3.0	false	false	true	true	点
972	形态词命中	⡅	⡅	U+2845	BRAILLE PATTERN DOTS-137	So	Braille	Braille Patterns	3.0	false	false	true	true	点
973	形态词命中	⡆	⡆	U+2846	BRAILLE PATTERN DOTS-237	So	Braille	Braille Patterns	3.0	false	false	true	true	点
974	形态词命中	⡇	⡇	U+2847	BRAILLE PATTERN DOTS-1237	So	Braille	Braille Patterns	3.0	false	false	true	true	点
975	形态词命中	⡈	⡈	U+2848	BRAILLE PATTERN DOTS-47	So	Braille	Braille Patterns	3.0	false	false	true	true	点
976	形态词命中	⡉	⡉	U+2849	BRAILLE PATTERN DOTS-147	So	Braille	Braille Patterns	3.0	false	false	true	true	点
977	形态词命中	⡊	⡊	U+284A	BRAILLE PATTERN DOTS-247	So	Braille	Braille Patterns	3.0	false	false	true	true	点
978	形态词命中	⡋	⡋	U+284B	BRAILLE PATTERN DOTS-1247	So	Braille	Braille Patterns	3.0	false	false	true	true	点
979	形态词命中	⡌	⡌	U+284C	BRAILLE PATTERN DOTS-347	So	Braille	Braille Patterns	3.0	false	false	true	true	点
980	形态词命中	⡍	⡍	U+284D	BRAILLE PATTERN DOTS-1347	So	Braille	Braille Patterns	3.0	false	false	true	true	点
981	形态词命中	⡎	⡎	U+284E	BRAILLE PATTERN DOTS-2347	So	Braille	Braille Patterns	3.0	false	false	true	true	点
982	形态词命中	⡏	⡏	U+284F	BRAILLE PATTERN DOTS-12347	So	Braille	Braille Patterns	3.0	false	false	true	true	点
983	形态词命中	⡐	⡐	U+2850	BRAILLE PATTERN DOTS-57	So	Braille	Braille Patterns	3.0	false	false	true	true	点
984	形态词命中	⡑	⡑	U+2851	BRAILLE PATTERN DOTS-157	So	Braille	Braille Patterns	3.0	false	false	true	true	点
985	形态词命中	⡒	⡒	U+2852	BRAILLE PATTERN DOTS-257	So	Braille	Braille Patterns	3.0	false	false	true	true	点
986	形态词命中	⡓	⡓	U+2853	BRAILLE PATTERN DOTS-1257	So	Braille	Braille Patterns	3.0	false	false	true	true	点
987	形态词命中	⡔	⡔	U+2854	BRAILLE PATTERN DOTS-357	So	Braille	Braille Patterns	3.0	false	false	true	true	点
988	形态词命中	⡕	⡕	U+2855	BRAILLE PATTERN DOTS-1357	So	Braille	Braille Patterns	3.0	false	false	true	true	点
989	形态词命中	⡖	⡖	U+2856	BRAILLE PATTERN DOTS-2357	So	Braille	Braille Patterns	3.0	false	false	true	true	点
990	形态词命中	⡗	⡗	U+2857	BRAILLE PATTERN DOTS-12357	So	Braille	Braille Patterns	3.0	false	false	true	true	点
991	形态词命中	⡘	⡘	U+2858	BRAILLE PATTERN DOTS-457	So	Braille	Braille Patterns	3.0	false	false	true	true	点
992	形态词命中	⡙	⡙	U+2859	BRAILLE PATTERN DOTS-1457	So	Braille	Braille Patterns	3.0	false	false	true	true	点
993	形态词命中	⡚	⡚	U+285A	BRAILLE PATTERN DOTS-2457	So	Braille	Braille Patterns	3.0	false	false	true	true	点
994	形态词命中	⡛	⡛	U+285B	BRAILLE PATTERN DOTS-12457	So	Braille	Braille Patterns	3.0	false	false	true	true	点
995	形态词命中	⡜	⡜	U+285C	BRAILLE PATTERN DOTS-3457	So	Braille	Braille Patterns	3.0	false	false	true	true	点
996	形态词命中	⡝	⡝	U+285D	BRAILLE PATTERN DOTS-13457	So	Braille	Braille Patterns	3.0	false	false	true	true	点
997	形态词命中	⡞	⡞	U+285E	BRAILLE PATTERN DOTS-23457	So	Braille	Braille Patterns	3.0	false	false	true	true	点
998	形态词命中	⡟	⡟	U+285F	BRAILLE PATTERN DOTS-123457	So	Braille	Braille Patterns	3.0	false	false	true	true	点
999	形态词命中	㈅	㈅	U+3205	PARENTHESIZED HANGUL PIEUP	So	Hangul	Enclosed CJK Letters and Months	1.1	false	false	true	true	方向
1000	形态词命中	㈌	㈌	U+320C	PARENTHESIZED HANGUL PHIEUPH	So	Hangul	Enclosed CJK Letters and Months	1.1	false	false	true	true	方向
1001	形态词命中	㈓	㈓	U+3213	PARENTHESIZED HANGUL PIEUP A	So	Hangul	Enclosed CJK Letters and Months	1.1	false	false	true	true	方向
1002	形态词命中	㈚	㈚	U+321A	PARENTHESIZED HANGUL PHIEUPH A	So	Hangul	Enclosed CJK Letters and Months	1.1	false	false	true	true	方向
1003	形态词命中	㉠	㉠	U+3260	CIRCLED HANGUL KIYEOK	So	Hangul	Enclosed CJK Letters and Months	1.1	false	false	true	true	圆
1004	形态词命中	㉡	㉡	U+3261	CIRCLED HANGUL NIEUN	So	Hangul	Enclosed CJK Letters and Months	1.1	false	false	true	true	圆
1005	形态词命中	㉢	㉢	U+3262	CIRCLED HANGUL TIKEUT	So	Hangul	Enclosed CJK Letters and Months	1.1	false	false	true	true	圆
1006	形态词命中	㉣	㉣	U+3263	CIRCLED HANGUL RIEUL	So	Hangul	Enclosed CJK Letters and Months	1.1	false	false	true	true	圆
1007	形态词命中	㉤	㉤	U+3264	CIRCLED HANGUL MIEUM	So	Hangul	Enclosed CJK Letters and Months	1.1	false	false	true	true	圆
1008	形态词命中	㉦	㉦	U+3266	CIRCLED HANGUL SIOS	So	Hangul	Enclosed CJK Letters and Months	1.1	false	false	true	true	圆
1009	形态词命中	㉧	㉧	U+3267	CIRCLED HANGUL IEUNG	So	Hangul	Enclosed CJK Letters and Months	1.1	false	false	true	true	圆
1010	形态词命中	㉨	㉨	U+3268	CIRCLED HANGUL CIEUC	So	Hangul	Enclosed CJK Letters and Months	1.1	false	false	true	true	圆
1011	形态词命中	㉩	㉩	U+3269	CIRCLED HANGUL CHIEUCH	So	Hangul	Enclosed CJK Letters and Months	1.1	false	false	true	true	圆
1012	形态词命中	㉪	㉪	U+326A	CIRCLED HANGUL KHIEUKH	So	Hangul	Enclosed CJK Letters and Months	1.1	false	false	true	true	圆
1013	形态词命中	㉫	㉫	U+326B	CIRCLED HANGUL THIEUTH	So	Hangul	Enclosed CJK Letters and Months	1.1	false	false	true	true	圆
1014	形态词命中	㉭	㉭	U+326D	CIRCLED HANGUL HIEUH	So	Hangul	Enclosed CJK Letters and Months	1.1	false	false	true	true	圆
1015	形态词命中	㉮	㉮	U+326E	CIRCLED HANGUL KIYEOK A	So	Hangul	Enclosed CJK Letters and Months	1.1	false	false	true	true	圆
1016	形态词命中	㉯	㉯	U+326F	CIRCLED HANGUL NIEUN A	So	Hangul	Enclosed CJK Letters and Months	1.1	false	false	true	true	圆
1017	形态词命中	㉰	㉰	U+3270	CIRCLED HANGUL TIKEUT A	So	Hangul	Enclosed CJK Letters and Months	1.1	false	false	true	true	圆
1018	形态词命中	㉱	㉱	U+3271	CIRCLED HANGUL RIEUL A	So	Hangul	Enclosed CJK Letters and Months	1.1	false	false	true	true	圆
1019	形态词命中	㉲	㉲	U+3272	CIRCLED HANGUL MIEUM A	So	Hangul	Enclosed CJK Letters and Months	1.1	false	false	true	true	圆
1020	形态词命中	㉴	㉴	U+3274	CIRCLED HANGUL SIOS A	So	Hangul	Enclosed CJK Letters and Months	1.1	false	false	true	true	圆
1021	形态词命中	㉵	㉵	U+3275	CIRCLED HANGUL IEUNG A	So	Hangul	Enclosed CJK Letters and Months	1.1	false	false	true	true	圆
1022	形态词命中	㉶	㉶	U+3276	CIRCLED HANGUL CIEUC A	So	Hangul	Enclosed CJK Letters and Months	1.1	false	false	true	true	圆
1023	形态词命中	㉷	㉷	U+3277	CIRCLED HANGUL CHIEUCH A	So	Hangul	Enclosed CJK Letters and Months	1.1	false	false	true	true	圆
1024	形态词命中	㉸	㉸	U+3278	CIRCLED HANGUL KHIEUKH A	So	Hangul	Enclosed CJK Letters and Months	1.1	false	false	true	true	圆
1025	形态词命中	㉹	㉹	U+3279	CIRCLED HANGUL THIEUTH A	So	Hangul	Enclosed CJK Letters and Months	1.1	false	false	true	true	圆
1026	形态词命中	㉻	㉻	U+327B	CIRCLED HANGUL HIEUH A	So	Hangul	Enclosed CJK Letters and Months	1.1	false	false	true	true	圆
1027	形态词命中	㉼	㉼	U+327C	CIRCLED KOREAN CHARACTER CHAMKO	So	Hangul	Enclosed CJK Letters and Months	4.0	false	false	true	true	圆
1028	形态词命中	㉽	㉽	U+327D	CIRCLED KOREAN CHARACTER JUEUI	So	Hangul	Enclosed CJK Letters and Months	4.0	false	false	true	true	圆
1029	形态词命中	㉾	㉾	U+327E	CIRCLED HANGUL IEUNG U	So	Hangul	Enclosed CJK Letters and Months	4.1	false	false	true	true	圆
1030	形态词命中	㋐	㋐	U+32D0	CIRCLED KATAKANA A	So	Katakana	Enclosed CJK Letters and Months	1.1	false	false	true	true	圆
1031	形态词命中	㋑	㋑	U+32D1	CIRCLED KATAKANA I	So	Katakana	Enclosed CJK Letters and Months	1.1	false	false	true	true	圆
1032	形态词命中	㋒	㋒	U+32D2	CIRCLED KATAKANA U	So	Katakana	Enclosed CJK Letters and Months	1.1	false	false	true	true	圆
1033	形态词命中	㋓	㋓	U+32D3	CIRCLED KATAKANA E	So	Katakana	Enclosed CJK Letters and Months	1.1	false	false	true	true	圆
1034	形态词命中	㋔	㋔	U+32D4	CIRCLED KATAKANA O	So	Katakana	Enclosed CJK Letters and Months	1.1	false	false	true	true	圆
1035	形态词命中	㋕	㋕	U+32D5	CIRCLED KATAKANA KA	So	Katakana	Enclosed CJK Letters and Months	1.1	false	false	true	true	圆
1036	形态词命中	㋖	㋖	U+32D6	CIRCLED KATAKANA KI	So	Katakana	Enclosed CJK Letters and Months	1.1	false	false	true	true	圆
1037	形态词命中	㋗	㋗	U+32D7	CIRCLED KATAKANA KU	So	Katakana	Enclosed CJK Letters and Months	1.1	false	false	true	true	圆
1038	形态词命中	㋘	㋘	U+32D8	CIRCLED KATAKANA KE	So	Katakana	Enclosed CJK Letters and Months	1.1	false	false	true	true	圆
1039	形态词命中	㋙	㋙	U+32D9	CIRCLED KATAKANA KO	So	Katakana	Enclosed CJK Letters and Months	1.1	false	false	true	true	圆
1040	形态词命中	㋚	㋚	U+32DA	CIRCLED KATAKANA SA	So	Katakana	Enclosed CJK Letters and Months	1.1	false	false	true	true	圆
1041	形态词命中	㋛	㋛	U+32DB	CIRCLED KATAKANA SI	So	Katakana	Enclosed CJK Letters and Months	1.1	false	false	true	true	圆
1042	形态词命中	㋜	㋜	U+32DC	CIRCLED KATAKANA SU	So	Katakana	Enclosed CJK Letters and Months	1.1	false	false	true	true	圆
1043	形态词命中	㋝	㋝	U+32DD	CIRCLED KATAKANA SE	So	Katakana	Enclosed CJK Letters and Months	1.1	false	false	true	true	圆
1044	形态词命中	㋞	㋞	U+32DE	CIRCLED KATAKANA SO	So	Katakana	Enclosed CJK Letters and Months	1.1	false	false	true	true	圆
1045	形态词命中	㋟	㋟	U+32DF	CIRCLED KATAKANA TA	So	Katakana	Enclosed CJK Letters and Months	1.1	false	false	true	true	圆
1046	形态词命中	㋠	㋠	U+32E0	CIRCLED KATAKANA TI	So	Katakana	Enclosed CJK Letters and Months	1.1	false	false	true	true	圆
1047	形态词命中	㋡	㋡	U+32E1	CIRCLED KATAKANA TU	So	Katakana	Enclosed CJK Letters and Months	1.1	false	false	true	true	圆
1048	形态词命中	㋢	㋢	U+32E2	CIRCLED KATAKANA TE	So	Katakana	Enclosed CJK Letters and Months	1.1	false	false	true	true	圆
1049	形态词命中	㋣	㋣	U+32E3	CIRCLED KATAKANA TO	So	Katakana	Enclosed CJK Letters and Months	1.1	false	false	true	true	圆
1050	形态词命中	㋤	㋤	U+32E4	CIRCLED KATAKANA NA	So	Katakana	Enclosed CJK Letters and Months	1.1	false	false	true	true	圆
1051	形态词命中	㋥	㋥	U+32E5	CIRCLED KATAKANA NI	So	Katakana	Enclosed CJK Letters and Months	1.1	false	false	true	true	圆
1052	形态词命中	㋦	㋦	U+32E6	CIRCLED KATAKANA NU	So	Katakana	Enclosed CJK Letters and Months	1.1	false	false	true	true	圆
1053	形态词命中	㋧	㋧	U+32E7	CIRCLED KATAKANA NE	So	Katakana	Enclosed CJK Letters and Months	1.1	false	false	true	true	圆
1054	形态词命中	㋨	㋨	U+32E8	CIRCLED KATAKANA NO	So	Katakana	Enclosed CJK Letters and Months	1.1	false	false	true	true	圆
1055	形态词命中	㋩	㋩	U+32E9	CIRCLED KATAKANA HA	So	Katakana	Enclosed CJK Letters and Months	1.1	false	false	true	true	圆
1056	形态词命中	㋪	㋪	U+32EA	CIRCLED KATAKANA HI	So	Katakana	Enclosed CJK Letters and Months	1.1	false	false	true	true	圆
1057	形态词命中	㋫	㋫	U+32EB	CIRCLED KATAKANA HU	So	Katakana	Enclosed CJK Letters and Months	1.1	false	false	true	true	圆
1058	形态词命中	㋬	㋬	U+32EC	CIRCLED KATAKANA HE	So	Katakana	Enclosed CJK Letters and Months	1.1	false	false	true	true	圆
1059	形态词命中	㋭	㋭	U+32ED	CIRCLED KATAKANA HO	So	Katakana	Enclosed CJK Letters and Months	1.1	false	false	true	true	圆
1060	形态词命中	㋮	㋮	U+32EE	CIRCLED KATAKANA MA	So	Katakana	Enclosed CJK Letters and Months	1.1	false	false	true	true	圆
1061	形态词命中	㋯	㋯	U+32EF	CIRCLED KATAKANA MI	So	Katakana	Enclosed CJK Letters and Months	1.1	false	false	true	true	圆
1062	形态词命中	㋰	㋰	U+32F0	CIRCLED KATAKANA MU	So	Katakana	Enclosed CJK Letters and Months	1.1	false	false	true	true	圆
1063	形态词命中	㋱	㋱	U+32F1	CIRCLED KATAKANA ME	So	Katakana	Enclosed CJK Letters and Months	1.1	false	false	true	true	圆
1064	形态词命中	㋲	㋲	U+32F2	CIRCLED KATAKANA MO	So	Katakana	Enclosed CJK Letters and Months	1.1	false	false	true	true	圆
1065	形态词命中	㋳	㋳	U+32F3	CIRCLED KATAKANA YA	So	Katakana	Enclosed CJK Letters and Months	1.1	false	false	true	true	圆
1066	形态词命中	㋴	㋴	U+32F4	CIRCLED KATAKANA YU	So	Katakana	Enclosed CJK Letters and Months	1.1	false	false	true	true	圆
1067	形态词命中	㋵	㋵	U+32F5	CIRCLED KATAKANA YO	So	Katakana	Enclosed CJK Letters and Months	1.1	false	false	true	true	圆
1068	形态词命中	㋶	㋶	U+32F6	CIRCLED KATAKANA RA	So	Katakana	Enclosed CJK Letters and Months	1.1	false	false	true	true	圆
1069	形态词命中	㋷	㋷	U+32F7	CIRCLED KATAKANA RI	So	Katakana	Enclosed CJK Letters and Months	1.1	false	false	true	true	圆
1070	形态词命中	㋸	㋸	U+32F8	CIRCLED KATAKANA RU	So	Katakana	Enclosed CJK Letters and Months	1.1	false	false	true	true	圆
1071	形态词命中	㋹	㋹	U+32F9	CIRCLED KATAKANA RE	So	Katakana	Enclosed CJK Letters and Months	1.1	false	false	true	true	圆
1072	形态词命中	㋺	㋺	U+32FA	CIRCLED KATAKANA RO	So	Katakana	Enclosed CJK Letters and Months	1.1	false	false	true	true	圆
1073	形态词命中	㋻	㋻	U+32FB	CIRCLED KATAKANA WA	So	Katakana	Enclosed CJK Letters and Months	1.1	false	false	true	true	圆
1074	形态词命中	㋼	㋼	U+32FC	CIRCLED KATAKANA WI	So	Katakana	Enclosed CJK Letters and Months	1.1	false	false	true	true	圆
1075	形态词命中	㋽	㋽	U+32FD	CIRCLED KATAKANA WE	So	Katakana	Enclosed CJK Letters and Months	1.1	false	false	true	true	圆
1076	形态词命中	㋾	㋾	U+32FE	CIRCLED KATAKANA WO	So	Katakana	Enclosed CJK Letters and Months	1.1	false	false	true	true	圆
1077	形态词命中	🈀	🈀	U+1F200	SQUARE HIRAGANA HOKA	So	Hiragana	Enclosed Ideographic Supplement	5.2	false	false	true	true	方
1078	形态词命中	᭴	᭴	U+1B74	BALINESE MUSICAL SYMBOL RIGHT-HAND OPEN DUG	So	Balinese	Balinese	5.0	false	false	true	true	线,方向
1079	形态词命中	᭵	᭵	U+1B75	BALINESE MUSICAL SYMBOL RIGHT-HAND OPEN DAG	So	Balinese	Balinese	5.0	false	false	true	true	线,方向
1080	形态词命中	᭶	᭶	U+1B76	BALINESE MUSICAL SYMBOL RIGHT-HAND CLOSED TUK	So	Balinese	Balinese	5.0	false	false	true	true	线,方向
1081	形态词命中	᭷	᭷	U+1B77	BALINESE MUSICAL SYMBOL RIGHT-HAND CLOSED TAK	So	Balinese	Balinese	5.0	false	false	true	true	线,方向
1082	形态词命中	᭸	᭸	U+1B78	BALINESE MUSICAL SYMBOL LEFT-HAND OPEN PANG	So	Balinese	Balinese	5.0	false	false	true	true	线,方向
1083	形态词命中	᭹	᭹	U+1B79	BALINESE MUSICAL SYMBOL LEFT-HAND OPEN PUNG	So	Balinese	Balinese	5.0	false	false	true	true	线,方向
1084	形态词命中	᭺	᭺	U+1B7A	BALINESE MUSICAL SYMBOL LEFT-HAND CLOSED PLAK	So	Balinese	Balinese	5.0	false	false	true	true	线,方向
1085	形态词命中	᭻	᭻	U+1B7B	BALINESE MUSICAL SYMBOL LEFT-HAND CLOSED PLUK	So	Balinese	Balinese	5.0	false	false	true	true	线,方向
1086	形态词命中	᭼	᭼	U+1B7C	BALINESE MUSICAL SYMBOL LEFT-HAND OPEN PING	So	Balinese	Balinese	5.0	false	false	true	true	线,方向
1087	区块与文字系统多样性	𝉅	𝉅	U+1D245	GREEK MUSICAL LEIMMA	So	Greek	Ancient Greek Musical Notation	4.1	false	false	true	true	
1088	形态词命中	᭡	᭡	U+1B61	BALINESE MUSICAL SYMBOL DONG	So	Balinese	Balinese	5.0	false	false	true	true	线
1089	形态词命中	᭢	᭢	U+1B62	BALINESE MUSICAL SYMBOL DENG	So	Balinese	Balinese	5.0	false	false	true	true	线
1090	形态词命中	᭣	᭣	U+1B63	BALINESE MUSICAL SYMBOL DUNG	So	Balinese	Balinese	5.0	false	false	true	true	线
1091	形态词命中	᭤	᭤	U+1B64	BALINESE MUSICAL SYMBOL DANG	So	Balinese	Balinese	5.0	false	false	true	true	线
1092	形态词命中	᭥	᭥	U+1B65	BALINESE MUSICAL SYMBOL DANG SURANG	So	Balinese	Balinese	5.0	false	false	true	true	线
1093	形态词命中	᭦	᭦	U+1B66	BALINESE MUSICAL SYMBOL DING	So	Balinese	Balinese	5.0	false	false	true	true	线
1094	形态词命中	᭧	᭧	U+1B67	BALINESE MUSICAL SYMBOL DAENG	So	Balinese	Balinese	5.0	false	false	true	true	线
1095	形态词命中	᭨	᭨	U+1B68	BALINESE MUSICAL SYMBOL DEUNG	So	Balinese	Balinese	5.0	false	false	true	true	线
1096	形态词命中	᭩	᭩	U+1B69	BALINESE MUSICAL SYMBOL DAING	So	Balinese	Balinese	5.0	false	false	true	true	线
1097	形态词命中	᭪	᭪	U+1B6A	BALINESE MUSICAL SYMBOL DANG GEDE	So	Balinese	Balinese	5.0	false	false	true	true	线
1098	形态词命中	⼌	⼌	U+2F0C	KANGXI RADICAL DOWN BOX	So	Han	Kangxi Radicals	3.0	false	false	true	true	方向,方
1099	形态词命中	⼕	⼕	U+2F15	KANGXI RADICAL RIGHT OPEN BOX	So	Han	Kangxi Radicals	3.0	false	false	true	true	方向,方
1100	形态词命中	⼴	⼴	U+2F34	KANGXI RADICAL DOTTED CLIFF	So	Han	Kangxi Radicals	3.0	false	false	true	true	点
1101	形态词命中	⽨	⽨	U+2F68	KANGXI RADICAL DOTTED TENT	So	Han	Kangxi Radicals	3.0	false	false	true	true	点
1102	形态词命中	㌡	㌡	U+3321	SQUARE SIRINGU	So	Katakana	CJK Compatibility	1.1	false	false	true	true	圆,方
1103	形态词命中	㌽	㌽	U+333D	SQUARE POINTO	So	Katakana	CJK Compatibility	1.1	false	false	true	true	点,方
1104	形态词命中	㍓	㍓	U+3353	SQUARE RUPII	So	Katakana	CJK Compatibility	1.1	false	false	true	true	方向,方
1105	形态词命中	𐡷	𐡷	U+10877	PALMYRENE LEFT-POINTING FLEURON	So	Palmyrene	Palmyrene	7.0	false	false	true	true	点,方向
1106	形态词命中	𐡸	𐡸	U+10878	PALMYRENE RIGHT-POINTING FLEURON	So	Palmyrene	Palmyrene	7.0	false	false	true	true	点,方向
1107	形态词命中	𛲜	𛲜	U+1BC9C	DUPLOYAN SIGN O WITH CROSS	So	Duployan	Duployan	7.0	false	false	true	true	方向,对称
1108	形态词命中	܈	܈	U+0708	SYRIAC SUPRALINEAR COLON SKEWED LEFT	Po	Syriac	Syriac	3.0	false	false	true	true	点,线,方向
1109	形态词命中	𑗍	𑗍	U+115CD	SIDDHAM SECTION MARK WITH RAYS AND DOTTED DOUBLE CRESCENTS	Po	Siddham	Siddham	8.0	false	false	true	true	点,对称,星芒
1110	区块与文字系统多样性	㈀	㈀	U+3200	PARENTHESIZED HANGUL KIYEOK	So	Hangul	Enclosed CJK Letters and Months	1.1	false	false	true	true	
1111	区块与文字系统多样性	㈁	㈁	U+3201	PARENTHESIZED HANGUL NIEUN	So	Hangul	Enclosed CJK Letters and Months	1.1	false	false	true	true	
1112	区块与文字系统多样性	㈂	㈂	U+3202	PARENTHESIZED HANGUL TIKEUT	So	Hangul	Enclosed CJK Letters and Months	1.1	false	false	true	true	
1113	区块与文字系统多样性	㈃	㈃	U+3203	PARENTHESIZED HANGUL RIEUL	So	Hangul	Enclosed CJK Letters and Months	1.1	false	false	true	true	
1114	区块与文字系统多样性	㈄	㈄	U+3204	PARENTHESIZED HANGUL MIEUM	So	Hangul	Enclosed CJK Letters and Months	1.1	false	false	true	true	
1115	区块与文字系统多样性	㈆	㈆	U+3206	PARENTHESIZED HANGUL SIOS	So	Hangul	Enclosed CJK Letters and Months	1.1	false	false	true	true	
1116	区块与文字系统多样性	㈇	㈇	U+3207	PARENTHESIZED HANGUL IEUNG	So	Hangul	Enclosed CJK Letters and Months	1.1	false	false	true	true	
1117	区块与文字系统多样性	㈈	㈈	U+3208	PARENTHESIZED HANGUL CIEUC	So	Hangul	Enclosed CJK Letters and Months	1.1	false	false	true	true	
1118	区块与文字系统多样性	㈉	㈉	U+3209	PARENTHESIZED HANGUL CHIEUCH	So	Hangul	Enclosed CJK Letters and Months	1.1	false	false	true	true	
1119	区块与文字系统多样性	㈊	㈊	U+320A	PARENTHESIZED HANGUL KHIEUKH	So	Hangul	Enclosed CJK Letters and Months	1.1	false	false	true	true	
1120	区块与文字系统多样性	㈋	㈋	U+320B	PARENTHESIZED HANGUL THIEUTH	So	Hangul	Enclosed CJK Letters and Months	1.1	false	false	true	true	
1121	区块与文字系统多样性	㈍	㈍	U+320D	PARENTHESIZED HANGUL HIEUH	So	Hangul	Enclosed CJK Letters and Months	1.1	false	false	true	true	
1122	区块与文字系统多样性	㈎	㈎	U+320E	PARENTHESIZED HANGUL KIYEOK A	So	Hangul	Enclosed CJK Letters and Months	1.1	false	false	true	true	
1123	区块与文字系统多样性	㈏	㈏	U+320F	PARENTHESIZED HANGUL NIEUN A	So	Hangul	Enclosed CJK Letters and Months	1.1	false	false	true	true	
1124	区块与文字系统多样性	㈐	㈐	U+3210	PARENTHESIZED HANGUL TIKEUT A	So	Hangul	Enclosed CJK Letters and Months	1.1	false	false	true	true	
1125	区块与文字系统多样性	㈑	㈑	U+3211	PARENTHESIZED HANGUL RIEUL A	So	Hangul	Enclosed CJK Letters and Months	1.1	false	false	true	true	
1126	区块与文字系统多样性	㈒	㈒	U+3212	PARENTHESIZED HANGUL MIEUM A	So	Hangul	Enclosed CJK Letters and Months	1.1	false	false	true	true	
1127	区块与文字系统多样性	㈔	㈔	U+3214	PARENTHESIZED HANGUL SIOS A	So	Hangul	Enclosed CJK Letters and Months	1.1	false	false	true	true	
1128	区块与文字系统多样性	㈕	㈕	U+3215	PARENTHESIZED HANGUL IEUNG A	So	Hangul	Enclosed CJK Letters and Months	1.1	false	false	true	true	
1129	区块与文字系统多样性	㈖	㈖	U+3216	PARENTHESIZED HANGUL CIEUC A	So	Hangul	Enclosed CJK Letters and Months	1.1	false	false	true	true	
1130	区块与文字系统多样性	㈗	㈗	U+3217	PARENTHESIZED HANGUL CHIEUCH A	So	Hangul	Enclosed CJK Letters and Months	1.1	false	false	true	true	
1131	区块与文字系统多样性	㈘	㈘	U+3218	PARENTHESIZED HANGUL KHIEUKH A	So	Hangul	Enclosed CJK Letters and Months	1.1	false	false	true	true	
1132	区块与文字系统多样性	㈙	㈙	U+3219	PARENTHESIZED HANGUL THIEUTH A	So	Hangul	Enclosed CJK Letters and Months	1.1	false	false	true	true	
1133	区块与文字系统多样性	㈛	㈛	U+321B	PARENTHESIZED HANGUL HIEUH A	So	Hangul	Enclosed CJK Letters and Months	1.1	false	false	true	true	
1134	区块与文字系统多样性	㈜	㈜	U+321C	PARENTHESIZED HANGUL CIEUC U	So	Hangul	Enclosed CJK Letters and Months	1.1	false	false	true	true	
1135	区块与文字系统多样性	㈝	㈝	U+321D	PARENTHESIZED KOREAN CHARACTER OJEON	So	Hangul	Enclosed CJK Letters and Months	4.0	false	false	true	true	
1136	区块与文字系统多样性	㈞	㈞	U+321E	PARENTHESIZED KOREAN CHARACTER O HU	So	Hangul	Enclosed CJK Letters and Months	4.0	false	false	true	true	
1137	形态词命中	﮸	﮸	U+FBB8	ARABIC SYMBOL THREE DOTS POINTING DOWNWARDS ABOVE	Sk	Arabic	Arabic Presentation Forms-A	6.0	false	false	true	true	点,方向
1138	形态词命中	﮹	﮹	U+FBB9	ARABIC SYMBOL THREE DOTS POINTING DOWNWARDS BELOW	Sk	Arabic	Arabic Presentation Forms-A	6.0	false	false	true	true	点,方向
1139	区块与文字系统多样性	𝈀	𝈀	U+1D200	GREEK VOCAL NOTATION SYMBOL-1	So	Greek	Ancient Greek Musical Notation	4.1	false	false	true	true	
1140	区块与文字系统多样性	𝈁	𝈁	U+1D201	GREEK VOCAL NOTATION SYMBOL-2	So	Greek	Ancient Greek Musical Notation	4.1	false	false	true	true	
1141	区块与文字系统多样性	𝈂	𝈂	U+1D202	GREEK VOCAL NOTATION SYMBOL-3	So	Greek	Ancient Greek Musical Notation	4.1	false	false	true	true	
1142	区块与文字系统多样性	𝈃	𝈃	U+1D203	GREEK VOCAL NOTATION SYMBOL-4	So	Greek	Ancient Greek Musical Notation	4.1	false	false	true	true	
1143	区块与文字系统多样性	𝈄	𝈄	U+1D204	GREEK VOCAL NOTATION SYMBOL-5	So	Greek	Ancient Greek Musical Notation	4.1	false	false	true	true	
1144	区块与文字系统多样性	𝈅	𝈅	U+1D205	GREEK VOCAL NOTATION SYMBOL-6	So	Greek	Ancient Greek Musical Notation	4.1	false	false	true	true	
1145	区块与文字系统多样性	𝈆	𝈆	U+1D206	GREEK VOCAL NOTATION SYMBOL-7	So	Greek	Ancient Greek Musical Notation	4.1	false	false	true	true	
1146	区块与文字系统多样性	𝈇	𝈇	U+1D207	GREEK VOCAL NOTATION SYMBOL-8	So	Greek	Ancient Greek Musical Notation	4.1	false	false	true	true	
1147	区块与文字系统多样性	𝈈	𝈈	U+1D208	GREEK VOCAL NOTATION SYMBOL-9	So	Greek	Ancient Greek Musical Notation	4.1	false	false	true	true	
1148	区块与文字系统多样性	𝈉	𝈉	U+1D209	GREEK VOCAL NOTATION SYMBOL-10	So	Greek	Ancient Greek Musical Notation	4.1	false	false	true	true	
1149	区块与文字系统多样性	𝈊	𝈊	U+1D20A	GREEK VOCAL NOTATION SYMBOL-11	So	Greek	Ancient Greek Musical Notation	4.1	false	false	true	true	
1150	区块与文字系统多样性	𝈋	𝈋	U+1D20B	GREEK VOCAL NOTATION SYMBOL-12	So	Greek	Ancient Greek Musical Notation	4.1	false	false	true	true	
1151	区块与文字系统多样性	𝈌	𝈌	U+1D20C	GREEK VOCAL NOTATION SYMBOL-13	So	Greek	Ancient Greek Musical Notation	4.1	false	false	true	true	
1152	区块与文字系统多样性	𝈍	𝈍	U+1D20D	GREEK VOCAL NOTATION SYMBOL-14	So	Greek	Ancient Greek Musical Notation	4.1	false	false	true	true	
1153	区块与文字系统多样性	𝈎	𝈎	U+1D20E	GREEK VOCAL NOTATION SYMBOL-15	So	Greek	Ancient Greek Musical Notation	4.1	false	false	true	true	
1154	区块与文字系统多样性	𝈏	𝈏	U+1D20F	GREEK VOCAL NOTATION SYMBOL-16	So	Greek	Ancient Greek Musical Notation	4.1	false	false	true	true	
1155	区块与文字系统多样性	𝈐	𝈐	U+1D210	GREEK VOCAL NOTATION SYMBOL-17	So	Greek	Ancient Greek Musical Notation	4.1	false	false	true	true	
1156	区块与文字系统多样性	𝈑	𝈑	U+1D211	GREEK VOCAL NOTATION SYMBOL-18	So	Greek	Ancient Greek Musical Notation	4.1	false	false	true	true	
1157	区块与文字系统多样性	𝈒	𝈒	U+1D212	GREEK VOCAL NOTATION SYMBOL-19	So	Greek	Ancient Greek Musical Notation	4.1	false	false	true	true	
1158	区块与文字系统多样性	𝈓	𝈓	U+1D213	GREEK VOCAL NOTATION SYMBOL-20	So	Greek	Ancient Greek Musical Notation	4.1	false	false	true	true	
1159	区块与文字系统多样性	𝈔	𝈔	U+1D214	GREEK VOCAL NOTATION SYMBOL-21	So	Greek	Ancient Greek Musical Notation	4.1	false	false	true	true	
1160	区块与文字系统多样性	𝈕	𝈕	U+1D215	GREEK VOCAL NOTATION SYMBOL-22	So	Greek	Ancient Greek Musical Notation	4.1	false	false	true	true	
1161	区块与文字系统多样性	𝈖	𝈖	U+1D216	GREEK VOCAL NOTATION SYMBOL-23	So	Greek	Ancient Greek Musical Notation	4.1	false	false	true	true	
1162	区块与文字系统多样性	𝈗	𝈗	U+1D217	GREEK VOCAL NOTATION SYMBOL-24	So	Greek	Ancient Greek Musical Notation	4.1	false	false	true	true	
1163	区块与文字系统多样性	𝈘	𝈘	U+1D218	GREEK VOCAL NOTATION SYMBOL-50	So	Greek	Ancient Greek Musical Notation	4.1	false	false	true	true	
1164	区块与文字系统多样性	𝈙	𝈙	U+1D219	GREEK VOCAL NOTATION SYMBOL-51	So	Greek	Ancient Greek Musical Notation	4.1	false	false	true	true	
1165	区块与文字系统多样性	𝈚	𝈚	U+1D21A	GREEK VOCAL NOTATION SYMBOL-52	So	Greek	Ancient Greek Musical Notation	4.1	false	false	true	true	
1166	区块与文字系统多样性	𝈛	𝈛	U+1D21B	GREEK VOCAL NOTATION SYMBOL-53	So	Greek	Ancient Greek Musical Notation	4.1	false	false	true	true	
1167	区块与文字系统多样性	𝈜	𝈜	U+1D21C	GREEK VOCAL NOTATION SYMBOL-54	So	Greek	Ancient Greek Musical Notation	4.1	false	false	true	true	
1168	区块与文字系统多样性	𝈝	𝈝	U+1D21D	GREEK INSTRUMENTAL NOTATION SYMBOL-1	So	Greek	Ancient Greek Musical Notation	4.1	false	false	true	true	
1169	区块与文字系统多样性	𝈞	𝈞	U+1D21E	GREEK INSTRUMENTAL NOTATION SYMBOL-2	So	Greek	Ancient Greek Musical Notation	4.1	false	false	true	true	
1170	区块与文字系统多样性	𝈟	𝈟	U+1D21F	GREEK INSTRUMENTAL NOTATION SYMBOL-4	So	Greek	Ancient Greek Musical Notation	4.1	false	false	true	true	
1171	区块与文字系统多样性	𝈠	𝈠	U+1D220	GREEK INSTRUMENTAL NOTATION SYMBOL-5	So	Greek	Ancient Greek Musical Notation	4.1	false	false	true	true	
1172	区块与文字系统多样性	𝈡	𝈡	U+1D221	GREEK INSTRUMENTAL NOTATION SYMBOL-7	So	Greek	Ancient Greek Musical Notation	4.1	false	false	true	true	
1173	区块与文字系统多样性	𝈢	𝈢	U+1D222	GREEK INSTRUMENTAL NOTATION SYMBOL-8	So	Greek	Ancient Greek Musical Notation	4.1	false	false	true	true	
1174	区块与文字系统多样性	𝈣	𝈣	U+1D223	GREEK INSTRUMENTAL NOTATION SYMBOL-11	So	Greek	Ancient Greek Musical Notation	4.1	false	false	true	true	
1175	区块与文字系统多样性	𝈤	𝈤	U+1D224	GREEK INSTRUMENTAL NOTATION SYMBOL-12	So	Greek	Ancient Greek Musical Notation	4.1	false	false	true	true	
1176	区块与文字系统多样性	𝈥	𝈥	U+1D225	GREEK INSTRUMENTAL NOTATION SYMBOL-13	So	Greek	Ancient Greek Musical Notation	4.1	false	false	true	true	
1177	区块与文字系统多样性	𝈦	𝈦	U+1D226	GREEK INSTRUMENTAL NOTATION SYMBOL-14	So	Greek	Ancient Greek Musical Notation	4.1	false	false	true	true	
1178	区块与文字系统多样性	𝈧	𝈧	U+1D227	GREEK INSTRUMENTAL NOTATION SYMBOL-17	So	Greek	Ancient Greek Musical Notation	4.1	false	false	true	true	
1179	区块与文字系统多样性	𝈨	𝈨	U+1D228	GREEK INSTRUMENTAL NOTATION SYMBOL-18	So	Greek	Ancient Greek Musical Notation	4.1	false	false	true	true	
1180	区块与文字系统多样性	𝈩	𝈩	U+1D229	GREEK INSTRUMENTAL NOTATION SYMBOL-19	So	Greek	Ancient Greek Musical Notation	4.1	false	false	true	true	
1181	区块与文字系统多样性	𝈪	𝈪	U+1D22A	GREEK INSTRUMENTAL NOTATION SYMBOL-23	So	Greek	Ancient Greek Musical Notation	4.1	false	false	true	true	
1182	区块与文字系统多样性	𝈫	𝈫	U+1D22B	GREEK INSTRUMENTAL NOTATION SYMBOL-24	So	Greek	Ancient Greek Musical Notation	4.1	false	false	true	true	
1183	区块与文字系统多样性	𝈬	𝈬	U+1D22C	GREEK INSTRUMENTAL NOTATION SYMBOL-25	So	Greek	Ancient Greek Musical Notation	4.1	false	false	true	true	
1184	区块与文字系统多样性	𝈭	𝈭	U+1D22D	GREEK INSTRUMENTAL NOTATION SYMBOL-26	So	Greek	Ancient Greek Musical Notation	4.1	false	false	true	true	
1185	区块与文字系统多样性	𝈮	𝈮	U+1D22E	GREEK INSTRUMENTAL NOTATION SYMBOL-27	So	Greek	Ancient Greek Musical Notation	4.1	false	false	true	true	
1186	区块与文字系统多样性	𝈯	𝈯	U+1D22F	GREEK INSTRUMENTAL NOTATION SYMBOL-29	So	Greek	Ancient Greek Musical Notation	4.1	false	false	true	true	
1187	区块与文字系统多样性	𝈰	𝈰	U+1D230	GREEK INSTRUMENTAL NOTATION SYMBOL-30	So	Greek	Ancient Greek Musical Notation	4.1	false	false	true	true	
1188	区块与文字系统多样性	𝈱	𝈱	U+1D231	GREEK INSTRUMENTAL NOTATION SYMBOL-32	So	Greek	Ancient Greek Musical Notation	4.1	false	false	true	true	
1189	区块与文字系统多样性	𝈲	𝈲	U+1D232	GREEK INSTRUMENTAL NOTATION SYMBOL-36	So	Greek	Ancient Greek Musical Notation	4.1	false	false	true	true	
1190	区块与文字系统多样性	𝈳	𝈳	U+1D233	GREEK INSTRUMENTAL NOTATION SYMBOL-37	So	Greek	Ancient Greek Musical Notation	4.1	false	false	true	true	
1191	区块与文字系统多样性	𝈴	𝈴	U+1D234	GREEK INSTRUMENTAL NOTATION SYMBOL-38	So	Greek	Ancient Greek Musical Notation	4.1	false	false	true	true	
1192	区块与文字系统多样性	𝈵	𝈵	U+1D235	GREEK INSTRUMENTAL NOTATION SYMBOL-39	So	Greek	Ancient Greek Musical Notation	4.1	false	false	true	true	
1193	区块与文字系统多样性	𝈶	𝈶	U+1D236	GREEK INSTRUMENTAL NOTATION SYMBOL-40	So	Greek	Ancient Greek Musical Notation	4.1	false	false	true	true	
1194	区块与文字系统多样性	𝈷	𝈷	U+1D237	GREEK INSTRUMENTAL NOTATION SYMBOL-42	So	Greek	Ancient Greek Musical Notation	4.1	false	false	true	true	
1195	区块与文字系统多样性	𝈸	𝈸	U+1D238	GREEK INSTRUMENTAL NOTATION SYMBOL-43	So	Greek	Ancient Greek Musical Notation	4.1	false	false	true	true	
1196	区块与文字系统多样性	𝈹	𝈹	U+1D239	GREEK INSTRUMENTAL NOTATION SYMBOL-45	So	Greek	Ancient Greek Musical Notation	4.1	false	false	true	true	
1197	区块与文字系统多样性	𝈺	𝈺	U+1D23A	GREEK INSTRUMENTAL NOTATION SYMBOL-47	So	Greek	Ancient Greek Musical Notation	4.1	false	false	true	true	
1198	区块与文字系统多样性	𝈻	𝈻	U+1D23B	GREEK INSTRUMENTAL NOTATION SYMBOL-48	So	Greek	Ancient Greek Musical Notation	4.1	false	false	true	true	
1199	区块与文字系统多样性	𝈼	𝈼	U+1D23C	GREEK INSTRUMENTAL NOTATION SYMBOL-49	So	Greek	Ancient Greek Musical Notation	4.1	false	false	true	true	
1200	区块与文字系统多样性	𝈽	𝈽	U+1D23D	GREEK INSTRUMENTAL NOTATION SYMBOL-50	So	Greek	Ancient Greek Musical Notation	4.1	false	false	true	true	
1201	区块与文字系统多样性	𝈾	𝈾	U+1D23E	GREEK INSTRUMENTAL NOTATION SYMBOL-51	So	Greek	Ancient Greek Musical Notation	4.1	false	false	true	true	
1202	区块与文字系统多样性	𝈿	𝈿	U+1D23F	GREEK INSTRUMENTAL NOTATION SYMBOL-52	So	Greek	Ancient Greek Musical Notation	4.1	false	false	true	true	
1203	区块与文字系统多样性	𝉀	𝉀	U+1D240	GREEK INSTRUMENTAL NOTATION SYMBOL-53	So	Greek	Ancient Greek Musical Notation	4.1	false	false	true	true	
1204	区块与文字系统多样性	𝉁	𝉁	U+1D241	GREEK INSTRUMENTAL NOTATION SYMBOL-54	So	Greek	Ancient Greek Musical Notation	4.1	false	false	true	true	
1205	形态词命中	֍	֍	U+058D	RIGHT-FACING ARMENIAN ETERNITY SIGN	So	Armenian	Armenian	7.0	false	false	true	true	方向
1206	形态词命中	֎	֎	U+058E	LEFT-FACING ARMENIAN ETERNITY SIGN	So	Armenian	Armenian	7.0	false	false	true	true	方向
1207	形态词命中	۞	۞	U+06DE	ARABIC START OF RUB EL HIZB	So	Arabic	Arabic	1.1	false	false	true	true	星芒
1208	形态词命中	⺆	⺆	U+2E86	CJK RADICAL BOX	So	Han	CJK Radicals Supplement	3.0	false	false	true	true	方
1209	形态词命中	⺖	⺖	U+2E96	CJK RADICAL HEART ONE	So	Han	CJK Radicals Supplement	3.0	false	false	true	true	曲线
1210	形态词命中	⺗	⺗	U+2E97	CJK RADICAL HEART TWO	So	Han	CJK Radicals Supplement	3.0	false	false	true	true	曲线
1211	形态词命中	⺜	⺜	U+2E9C	CJK RADICAL SUN	So	Han	CJK Radicals Supplement	3.0	false	false	true	true	星芒
1212	形态词命中	⺝	⺝	U+2E9D	CJK RADICAL MOON	So	Han	CJK Radicals Supplement	3.0	false	false	true	true	曲线
1213	形态词命中	⻃	⻃	U+2EC3	CJK RADICAL WEST ONE	So	Han	CJK Radicals Supplement	3.0	false	false	true	true	方向
1214	形态词命中	⻄	⻄	U+2EC4	CJK RADICAL WEST TWO	So	Han	CJK Radicals Supplement	3.0	false	false	true	true	方向
1215	形态词命中	⼁	⼁	U+2F01	KANGXI RADICAL LINE	So	Han	Kangxi Radicals	3.0	false	false	true	true	线
1216	形态词命中	⼂	⼂	U+2F02	KANGXI RADICAL DOT	So	Han	Kangxi Radicals	3.0	false	false	true	true	点
1217	形态词命中	⼅	⼅	U+2F05	KANGXI RADICAL HOOK	So	Han	Kangxi Radicals	3.0	false	false	true	true	曲线
1218	形态词命中	⼐	⼐	U+2F10	KANGXI RADICAL OPEN BOX	So	Han	Kangxi Radicals	3.0	false	false	true	true	方
1219	形态词命中	⼼	⼼	U+2F3C	KANGXI RADICAL HEART	So	Han	Kangxi Radicals	3.0	false	false	true	true	曲线
1220	形态词命中	⽅	⽅	U+2F45	KANGXI RADICAL SQUARE	So	Han	Kangxi Radicals	3.0	false	false	true	true	方
1221	形态词命中	⽇	⽇	U+2F47	KANGXI RADICAL SUN	So	Han	Kangxi Radicals	3.0	false	false	true	true	星芒
1222	形态词命中	⽉	⽉	U+2F49	KANGXI RADICAL MOON	So	Han	Kangxi Radicals	3.0	false	false	true	true	曲线
1223	形态词命中	⽘	⽘	U+2F58	KANGXI RADICAL DOUBLE X	So	Han	Kangxi Radicals	3.0	false	false	true	true	对称
1224	形态词命中	⽮	⽮	U+2F6E	KANGXI RADICAL ARROW	So	Han	Kangxi Radicals	3.0	false	false	true	true	方向
1225	形态词命中	⾑	⾑	U+2F91	KANGXI RADICAL WEST	So	Han	Kangxi Radicals	3.0	false	false	true	true	方向
1226	形态词命中	㌀	㌀	U+3300	SQUARE APAATO	So	Katakana	CJK Compatibility	1.1	false	false	true	true	方
1227	形态词命中	㌁	㌁	U+3301	SQUARE ARUHUA	So	Katakana	CJK Compatibility	1.1	false	false	true	true	方
1228	形态词命中	㌂	㌂	U+3302	SQUARE ANPEA	So	Katakana	CJK Compatibility	1.1	false	false	true	true	方
1229	形态词命中	㌃	㌃	U+3303	SQUARE AARU	So	Katakana	CJK Compatibility	1.1	false	false	true	true	方
1230	形态词命中	㌄	㌄	U+3304	SQUARE ININGU	So	Katakana	CJK Compatibility	1.1	false	false	true	true	方
1231	形态词命中	㌅	㌅	U+3305	SQUARE INTI	So	Katakana	CJK Compatibility	1.1	false	false	true	true	方
1232	形态词命中	㌆	㌆	U+3306	SQUARE UON	So	Katakana	CJK Compatibility	1.1	false	false	true	true	方
1233	形态词命中	㌇	㌇	U+3307	SQUARE ESUKUUDO	So	Katakana	CJK Compatibility	1.1	false	false	true	true	方
1234	形态词命中	㌈	㌈	U+3308	SQUARE EEKAA	So	Katakana	CJK Compatibility	1.1	false	false	true	true	方
1235	形态词命中	㌉	㌉	U+3309	SQUARE ONSU	So	Katakana	CJK Compatibility	1.1	false	false	true	true	方
1236	形态词命中	㌊	㌊	U+330A	SQUARE OOMU	So	Katakana	CJK Compatibility	1.1	false	false	true	true	方
1237	形态词命中	㌋	㌋	U+330B	SQUARE KAIRI	So	Katakana	CJK Compatibility	1.1	false	false	true	true	方
1238	形态词命中	㌌	㌌	U+330C	SQUARE KARATTO	So	Katakana	CJK Compatibility	1.1	false	false	true	true	方
1239	形态词命中	㌍	㌍	U+330D	SQUARE KARORII	So	Katakana	CJK Compatibility	1.1	false	false	true	true	方
1240	形态词命中	㌎	㌎	U+330E	SQUARE GARON	So	Katakana	CJK Compatibility	1.1	false	false	true	true	方
1241	形态词命中	㌏	㌏	U+330F	SQUARE GANMA	So	Katakana	CJK Compatibility	1.1	false	false	true	true	方
1242	形态词命中	㌐	㌐	U+3310	SQUARE GIGA	So	Katakana	CJK Compatibility	1.1	false	false	true	true	方
1243	形态词命中	㌑	㌑	U+3311	SQUARE GINII	So	Katakana	CJK Compatibility	1.1	false	false	true	true	方
1244	形态词命中	㌒	㌒	U+3312	SQUARE KYURII	So	Katakana	CJK Compatibility	1.1	false	false	true	true	方
1245	形态词命中	㌓	㌓	U+3313	SQUARE GIRUDAA	So	Katakana	CJK Compatibility	1.1	false	false	true	true	方
1246	形态词命中	㌔	㌔	U+3314	SQUARE KIRO	So	Katakana	CJK Compatibility	1.1	false	false	true	true	方
1247	形态词命中	㌕	㌕	U+3315	SQUARE KIROGURAMU	So	Katakana	CJK Compatibility	1.1	false	false	true	true	方
1248	形态词命中	㌖	㌖	U+3316	SQUARE KIROMEETORU	So	Katakana	CJK Compatibility	1.1	false	false	true	true	方
1249	形态词命中	㌗	㌗	U+3317	SQUARE KIROWATTO	So	Katakana	CJK Compatibility	1.1	false	false	true	true	方
1250	形态词命中	㌘	㌘	U+3318	SQUARE GURAMU	So	Katakana	CJK Compatibility	1.1	false	false	true	true	方
1251	形态词命中	㌙	㌙	U+3319	SQUARE GURAMUTON	So	Katakana	CJK Compatibility	1.1	false	false	true	true	方
1252	形态词命中	㌚	㌚	U+331A	SQUARE KURUZEIRO	So	Katakana	CJK Compatibility	1.1	false	false	true	true	方
1253	形态词命中	㌛	㌛	U+331B	SQUARE KUROONE	So	Katakana	CJK Compatibility	1.1	false	false	true	true	方
1254	形态词命中	㌜	㌜	U+331C	SQUARE KEESU	So	Katakana	CJK Compatibility	1.1	false	false	true	true	方
1255	形态词命中	㌝	㌝	U+331D	SQUARE KORUNA	So	Katakana	CJK Compatibility	1.1	false	false	true	true	方
1256	形态词命中	㌞	㌞	U+331E	SQUARE KOOPO	So	Katakana	CJK Compatibility	1.1	false	false	true	true	方
1257	形态词命中	㌟	㌟	U+331F	SQUARE SAIKURU	So	Katakana	CJK Compatibility	1.1	false	false	true	true	方
1258	形态词命中	㌠	㌠	U+3320	SQUARE SANTIIMU	So	Katakana	CJK Compatibility	1.1	false	false	true	true	方
1259	形态词命中	㌢	㌢	U+3322	SQUARE SENTI	So	Katakana	CJK Compatibility	1.1	false	false	true	true	方
1260	形态词命中	㌣	㌣	U+3323	SQUARE SENTO	So	Katakana	CJK Compatibility	1.1	false	false	true	true	方
1261	形态词命中	㌤	㌤	U+3324	SQUARE DAASU	So	Katakana	CJK Compatibility	1.1	false	false	true	true	方
1262	形态词命中	㌥	㌥	U+3325	SQUARE DESI	So	Katakana	CJK Compatibility	1.1	false	false	true	true	方
1263	形态词命中	㌦	㌦	U+3326	SQUARE DORU	So	Katakana	CJK Compatibility	1.1	false	false	true	true	方
1264	形态词命中	㌧	㌧	U+3327	SQUARE TON	So	Katakana	CJK Compatibility	1.1	false	false	true	true	方
1265	形态词命中	㌨	㌨	U+3328	SQUARE NANO	So	Katakana	CJK Compatibility	1.1	false	false	true	true	方
1266	形态词命中	㌩	㌩	U+3329	SQUARE NOTTO	So	Katakana	CJK Compatibility	1.1	false	false	true	true	方
1267	形态词命中	㌪	㌪	U+332A	SQUARE HAITU	So	Katakana	CJK Compatibility	1.1	false	false	true	true	方
1268	形态词命中	㌫	㌫	U+332B	SQUARE PAASENTO	So	Katakana	CJK Compatibility	1.1	false	false	true	true	方
1269	形态词命中	㌬	㌬	U+332C	SQUARE PAATU	So	Katakana	CJK Compatibility	1.1	false	false	true	true	方
1270	形态词命中	㌭	㌭	U+332D	SQUARE BAARERU	So	Katakana	CJK Compatibility	1.1	false	false	true	true	方
1271	形态词命中	꒢	꒢	U+A4A2	YI RADICAL ZUP	So	Yi	Yi Radicals	3.2	false	false	true	true	方向
1272	形态词命中	꒴	꒴	U+A4B4	YI RADICAL NZUP	So	Yi	Yi Radicals	3.2	false	false	true	true	方向
1273	形态词命中	𑿯	𑿯	U+11FEF	TAMIL STARTING FROM SIGN	So	Tamil	Tamil Supplement	12.0	false	false	true	true	星芒
1274	形态词命中	𞅏	𞅏	U+1E14F	NYIAKENG PUACHUE HMONG CIRCLED CA	So	Nyiakeng_Puachue_Hmong	Nyiakeng Puachue Hmong	12.0	false	false	true	true	圆
1275	形态词命中	܃	܃	U+0703	SYRIAC SUPRALINEAR COLON	Po	Syriac	Syriac	3.0	false	false	true	true	点,线,方向
1276	形态词命中	܉	܉	U+0709	SYRIAC SUBLINEAR COLON SKEWED RIGHT	Po	Syriac	Syriac	3.0	false	false	true	true	点,线,方向
1277	形态词命中	𑗌	𑗌	U+115CC	SIDDHAM SECTION MARK WITH RAYS AND DOTTED CRESCENTS	Po	Siddham	Siddham	8.0	false	false	true	true	点,星芒
1278	形态词命中	𑗎	𑗎	U+115CE	SIDDHAM SECTION MARK WITH RAYS AND DOTTED TRIPLE CRESCENTS	Po	Siddham	Siddham	8.0	false	false	true	true	点,星芒
1279	形态词命中	𑗐	𑗐	U+115D0	SIDDHAM SECTION MARK DOUBLE RING WITH RAYS	Po	Siddham	Siddham	8.0	false	false	true	true	圆,对称,星芒
1280	形态词命中	𑩅	𑩅	U+11A45	ZANABAZAR SQUARE INITIAL DOUBLE-LINED HEAD MARK	Po	Zanabazar_Square	Zanabazar Square	10.0	false	false	true	true	线,对称,方
1281	形态词命中	𑩆	𑩆	U+11A46	ZANABAZAR SQUARE CLOSING DOUBLE-LINED HEAD MARK	Po	Zanabazar_Square	Zanabazar Square	10.0	false	false	true	true	线,对称,方
1282	形态词命中	؆	؆	U+0606	ARABIC-INDIC CUBE ROOT	Sm	Arabic	Arabic	5.1	false	false	true	true	方
1283	形态词命中	؈	؈	U+0608	ARABIC RAY	Sm	Arabic	Arabic	5.1	false	false	true	true	星芒
1284	形态词命中	﮼	﮼	U+FBBC	ARABIC SYMBOL DOUBLE VERTICAL BAR BELOW	Sk	Arabic	Arabic Presentation Forms-A	6.0	false	false	true	true	线,对称
1285	形态词命中	٭	٭	U+066D	ARABIC FIVE POINTED STAR	Po	Arabic	Arabic	1.1	false	false	true	true	点,星芒
1286	形态词命中	܁	܁	U+0701	SYRIAC SUPRALINEAR FULL STOP	Po	Syriac	Syriac	3.0	false	false	true	true	线,方向
1287	形态词命中	܄	܄	U+0704	SYRIAC SUBLINEAR COLON	Po	Syriac	Syriac	3.0	false	false	true	true	点,线
1288	形态词命中	܆	܆	U+0706	SYRIAC COLON SKEWED LEFT	Po	Syriac	Syriac	3.0	false	false	true	true	点,方向
1289	形态词命中	܇	܇	U+0707	SYRIAC COLON SKEWED RIGHT	Po	Syriac	Syriac	3.0	false	false	true	true	点,方向
1290	形态词命中	፦	፦	U+1366	ETHIOPIC PREFACE COLON	Po	Ethiopic	Ethiopic	3.0	false	false	true	true	点
1291	形态词命中	𐫲	𐫲	U+10AF2	MANICHAEAN PUNCTUATION DOUBLE DOT WITHIN DOT	Po	Manichaean	Manichaean	7.0	false	false	true	true	点,对称
1292	形态词命中	𐮛	𐮛	U+10B9B	PSALTER PAHLAVI FOUR DOTS WITH CROSS	Po	Psalter_Pahlavi	Psalter Pahlavi	7.0	false	false	true	true	点,对称
1293	形态词命中	𐽖	𐽖	U+10F56	SOGDIAN PUNCTUATION TWO VERTICAL BARS WITH DOTS	Po	Sogdian	Sogdian	11.0	false	false	true	true	点,线
1294	形态词命中	𐽗	𐽗	U+10F57	SOGDIAN PUNCTUATION CIRCLE WITH DOT	Po	Sogdian	Sogdian	11.0	false	false	true	true	圆,点
1295	形态词命中	𐽘	𐽘	U+10F58	SOGDIAN PUNCTUATION TWO CIRCLES WITH DOTS	Po	Sogdian	Sogdian	11.0	false	false	true	true	圆,点
1296	形态词命中	𐽙	𐽙	U+10F59	SOGDIAN PUNCTUATION HALF CIRCLE WITH DOT	Po	Sogdian	Sogdian	11.0	false	false	true	true	圆,点
1297	形态词命中	𑁊	𑁊	U+1104A	BRAHMI PUNCTUATION DOUBLE DOT	Po	Brahmi	Brahmi	6.0	false	false	true	true	点,对称
1298	形态词命中	𑗋	𑗋	U+115CB	SIDDHAM SECTION MARK WITH TRIDENT AND DOTTED CRESCENTS	Po	Siddham	Siddham	8.0	false	false	true	true	点
1299	形态词命中	𑗏	𑗏	U+115CF	SIDDHAM SECTION MARK DOUBLE RING	Po	Siddham	Siddham	8.0	false	false	true	true	圆,对称
1300	形态词命中	𑗓	𑗓	U+115D3	SIDDHAM SECTION MARK WITH QUADRUPLE CRESCENTS	Po	Siddham	Siddham	8.0	false	false	true	true	方向,对称
1301	形态词命中	𑗕	𑗕	U+115D5	SIDDHAM SECTION MARK WITH CIRCLES AND RAYS	Po	Siddham	Siddham	8.0	false	false	true	true	圆,星芒
1302	形态词命中	𑩃	𑩃	U+11A43	ZANABAZAR SQUARE MARK DOUBLE SHAD	Po	Zanabazar_Square	Zanabazar Square	10.0	false	false	true	true	对称,方
1303	形态词命中	𑪞	𑪞	U+11A9E	SOYOMBO HEAD MARK WITH MOON AND SUN AND TRIPLE FLAME	Po	Soyombo	Soyombo	10.0	false	false	true	true	星芒,曲线
1304	形态词命中	𑪟	𑪟	U+11A9F	SOYOMBO HEAD MARK WITH MOON AND SUN AND FLAME	Po	Soyombo	Soyombo	10.0	false	false	true	true	星芒,曲线
1305	形态词命中	𑪠	𑪠	U+11AA0	SOYOMBO HEAD MARK WITH MOON AND SUN	Po	Soyombo	Soyombo	10.0	false	false	true	true	星芒,曲线
1306	形态词命中	𑽊	𑽊	U+11F4A	KAWI PUNCTUATION DOUBLE DOT	Po	Kawi	Kawi	15.0	false	false	true	true	点,对称
1307	形态词命中	𒑴	𒑴	U+12474	CUNEIFORM PUNCTUATION SIGN DIAGONAL QUADCOLON	Po	Cuneiform	Cuneiform Numbers and Punctuation	7.0	false	false	true	true	点,对称
1308	形态词命中	﮲	﮲	U+FBB2	ARABIC SYMBOL DOT ABOVE	Sk	Arabic	Arabic Presentation Forms-A	6.0	false	false	true	true	点
1309	形态词命中	﮳	﮳	U+FBB3	ARABIC SYMBOL DOT BELOW	Sk	Arabic	Arabic Presentation Forms-A	6.0	false	false	true	true	点
1310	形态词命中	﮴	﮴	U+FBB4	ARABIC SYMBOL TWO DOTS ABOVE	Sk	Arabic	Arabic Presentation Forms-A	6.0	false	false	true	true	点
1311	形态词命中	﮵	﮵	U+FBB5	ARABIC SYMBOL TWO DOTS BELOW	Sk	Arabic	Arabic Presentation Forms-A	6.0	false	false	true	true	点
1312	形态词命中	﮶	﮶	U+FBB6	ARABIC SYMBOL THREE DOTS ABOVE	Sk	Arabic	Arabic Presentation Forms-A	6.0	false	false	true	true	点
1313	形态词命中	﮷	﮷	U+FBB7	ARABIC SYMBOL THREE DOTS BELOW	Sk	Arabic	Arabic Presentation Forms-A	6.0	false	false	true	true	点
1314	形态词命中	﮺	﮺	U+FBBA	ARABIC SYMBOL FOUR DOTS ABOVE	Sk	Arabic	Arabic Presentation Forms-A	6.0	false	false	true	true	点
1315	形态词命中	﮻	﮻	U+FBBB	ARABIC SYMBOL FOUR DOTS BELOW	Sk	Arabic	Arabic Presentation Forms-A	6.0	false	false	true	true	点
1316	形态词命中	﮽	﮽	U+FBBD	ARABIC SYMBOL TWO DOTS VERTICALLY ABOVE	Sk	Arabic	Arabic Presentation Forms-A	6.0	false	false	true	true	点
1317	形态词命中	﮾	﮾	U+FBBE	ARABIC SYMBOL TWO DOTS VERTICALLY BELOW	Sk	Arabic	Arabic Presentation Forms-A	6.0	false	false	true	true	点
1318	形态词命中	﮿	﮿	U+FBBF	ARABIC SYMBOL RING	Sk	Arabic	Arabic Presentation Forms-A	6.0	false	false	true	true	圆
1319	区块与文字系统多样性	⺘	⺘	U+2E98	CJK RADICAL HAND	So	Han	CJK Radicals Supplement	3.0	false	false	true	true	
1320	区块与文字系统多样性	⺫	⺫	U+2EAB	CJK RADICAL EYE	So	Han	CJK Radicals Supplement	3.0	false	false	true	true	
1321	区块与文字系统多样性	⼶	⼶	U+2F36	KANGXI RADICAL TWO HANDS	So	Han	Kangxi Radicals	3.0	false	false	true	true	
1322	区块与文字系统多样性	⼿	⼿	U+2F3F	KANGXI RADICAL HAND	So	Han	Kangxi Radicals	3.0	false	false	true	true	
1323	区块与文字系统多样性	⽬	⽬	U+2F6C	KANGXI RADICAL EYE	So	Han	Kangxi Radicals	3.0	false	false	true	true	
1324	区块与文字系统多样性	⾯	⾯	U+2FAF	KANGXI RADICAL FACE	So	Han	Kangxi Radicals	3.0	false	false	true	true	
1325	形态词命中	৲	৲	U+09F2	BENGALI RUPEE MARK	Sc	Bengali	Bengali	1.1	false	false	true	true	方向
1326	形态词命中	৳	৳	U+09F3	BENGALI RUPEE SIGN	Sc	Bengali	Bengali	1.1	false	false	true	true	方向
1327	形态词命中	૱	૱	U+0AF1	GUJARATI RUPEE SIGN	Sc	Gujarati	Gujarati	4.0	false	false	true	true	方向
1328	形态词命中	௹	௹	U+0BF9	TAMIL RUPEE SIGN	Sc	Tamil	Tamil	4.0	false	false	true	true	方向
1329	形态词命中	ʄ	ʄ	U+0284	LATIN SMALL LETTER DOTLESS J WITH STROKE AND HOOK	Ll	Latin	IPA Extensions	1.1	false	false	true	true	点,线,曲线
1330	形态词命中	ꭘ	ꭘ	U+AB58	LATIN SMALL LETTER X WITH LONG LEFT LEG AND LOW RIGHT RING	Ll	Latin	Latin Extended-E	7.0	false	false	true	true	圆,方向
1331	形态词命中	𝼌	𝼌	U+1DF0C	LATIN SMALL LETTER ESH WITH DOUBLE BAR AND CURL	Ll	Latin	Latin Extended-G	14.0	false	false	true	true	线,对称,曲线
1332	形态词命中	ݒ	ݒ	U+0752	ARABIC LETTER BEH WITH THREE DOTS POINTING UPWARDS BELOW	Lo	Arabic	Arabic Supplement	4.1	false	false	true	true	点,方向
1333	形态词命中	ݓ	ݓ	U+0753	ARABIC LETTER BEH WITH THREE DOTS POINTING UPWARDS BELOW AND TWO DOTS ABOVE	Lo	Arabic	Arabic Supplement	4.1	false	false	true	true	点,方向
1334	形态词命中	ݘ	ݘ	U+0758	ARABIC LETTER HAH WITH THREE DOTS POINTING UPWARDS BELOW	Lo	Arabic	Arabic Supplement	4.1	false	false	true	true	点,方向
1335	形态词命中	ݞ	ݞ	U+075E	ARABIC LETTER AIN WITH THREE DOTS POINTING DOWNWARDS ABOVE	Lo	Arabic	Arabic Supplement	4.1	false	false	true	true	点,方向
1336	形态词命中	ݡ	ݡ	U+0761	ARABIC LETTER FEH WITH THREE DOTS POINTING UPWARDS BELOW	Lo	Arabic	Arabic Supplement	4.1	false	false	true	true	点,方向
1337	形态词命中	ݤ	ݤ	U+0764	ARABIC LETTER KEHEH WITH THREE DOTS POINTING UPWARDS BELOW	Lo	Arabic	Arabic Supplement	4.1	false	false	true	true	点,方向
1338	形态词命中	𛱷	𛱷	U+1BC77	DUPLOYAN AFFIX ATTACHED LEFT-TO-RIGHT SECANT	Lo	Duployan	Duployan	7.0	false	false	true	true	方向
1339	形态词命中	؞	؞	U+061E	ARABIC TRIPLE DOT PUNCTUATION MARK	Po	Arabic	Arabic	4.1	false	false	true	true	点
1340	形态词命中	܂	܂	U+0702	SYRIAC SUBLINEAR FULL STOP	Po	Syriac	Syriac	3.0	false	false	true	true	线
1341	形态词命中	܅	܅	U+0705	SYRIAC HORIZONTAL COLON	Po	Syriac	Syriac	3.0	false	false	true	true	点
1342	形态词命中	༌	༌	U+0F0C	TIBETAN MARK DELIMITER TSHEG BSTAR	Po	Tibetan	Tibetan	2.0	false	false	true	true	星芒
1343	形态词命中	፤	፤	U+1364	ETHIOPIC SEMICOLON	Po	Ethiopic	Ethiopic	3.0	false	false	true	true	点
1344	形态词命中	፥	፥	U+1365	ETHIOPIC COLON	Po	Ethiopic	Ethiopic	3.0	false	false	true	true	点
1345	形态词命中	៕	៕	U+17D5	KHMER SIGN BARIYOOSAN	Po	Khmer	Khmer	3.0	false	false	true	true	线
1346	形态词命中	᠄	᠄	U+1804	MONGOLIAN COLON	Po	Mongolian	Mongolian	3.0	false	false	true	true	点
1347	形态词命中	᭚	᭚	U+1B5A	BALINESE PANTI	Po	Balinese	Balinese	5.0	false	false	true	true	线
1348	形态词命中	᭛	᭛	U+1B5B	BALINESE PAMADA	Po	Balinese	Balinese	5.0	false	false	true	true	线
1349	形态词命中	᭜	᭜	U+1B5C	BALINESE WINDU	Po	Balinese	Balinese	5.0	false	false	true	true	线
1350	形态词命中	᭝	᭝	U+1B5D	BALINESE CARIK PAMUNGKAH	Po	Balinese	Balinese	5.0	false	false	true	true	线
1351	形态词命中	᭞	᭞	U+1B5E	BALINESE CARIK SIKI	Po	Balinese	Balinese	5.0	false	false	true	true	线
1352	形态词命中	᭟	᭟	U+1B5F	BALINESE CARIK PAREREN	Po	Balinese	Balinese	5.0	false	false	true	true	线
1353	形态词命中	᭠	᭠	U+1B60	BALINESE PAMENENG	Po	Balinese	Balinese	5.0	false	false	true	true	线
1354	形态词命中	᭽	᭽	U+1B7D	BALINESE PANTI LANTANG	Po	Balinese	Balinese	14.0	false	false	true	true	线
1355	形态词命中	᭾	᭾	U+1B7E	BALINESE PAMADA LANTANG	Po	Balinese	Balinese	14.0	false	false	true	true	线
1356	形态词命中	᰾	᰾	U+1C3E	LEPCHA PUNCTUATION TSHOOK CER-WA	Po	Lepcha	Lepcha	5.1	false	false	true	true	曲线
1357	形态词命中	᰿	᰿	U+1C3F	LEPCHA PUNCTUATION TSHOOK	Po	Lepcha	Lepcha	5.1	false	false	true	true	曲线
1358	形态词命中	᱿	᱿	U+1C7F	OL CHIKI PUNCTUATION DOUBLE MUCAAD	Po	Ol_Chiki	Ol Chiki	5.1	false	false	true	true	对称
1359	形态词命中	᳀	᳀	U+1CC0	SUNDANESE PUNCTUATION BINDU SURYA	Po	Sundanese	Sundanese Supplement	6.1	false	false	true	true	星芒
1360	形态词命中	᳁	᳁	U+1CC1	SUNDANESE PUNCTUATION BINDU PANGLONG	Po	Sundanese	Sundanese Supplement	6.1	false	false	true	true	星芒
1361	形态词命中	᳂	᳂	U+1CC2	SUNDANESE PUNCTUATION BINDU PURNAMA	Po	Sundanese	Sundanese Supplement	6.1	false	false	true	true	星芒
1362	形态词命中	᳃	᳃	U+1CC3	SUNDANESE PUNCTUATION BINDU CAKRA	Po	Sundanese	Sundanese Supplement	6.1	false	false	true	true	星芒
1363	形态词命中	᳄	᳄	U+1CC4	SUNDANESE PUNCTUATION BINDU LEU SATANGA	Po	Sundanese	Sundanese Supplement	6.1	false	false	true	true	星芒
1364	形态词命中	᳅	᳅	U+1CC5	SUNDANESE PUNCTUATION BINDU KA SATANGA	Po	Sundanese	Sundanese Supplement	6.1	false	false	true	true	星芒
1365	形态词命中	᳆	᳆	U+1CC6	SUNDANESE PUNCTUATION BINDU DA SATANGA	Po	Sundanese	Sundanese Supplement	6.1	false	false	true	true	星芒
1366	形态词命中	᳇	᳇	U+1CC7	SUNDANESE PUNCTUATION BINDU BA SATANGA	Po	Sundanese	Sundanese Supplement	6.1	false	false	true	true	星芒
1367	形态词命中	꙳	꙳	U+A673	SLAVONIC ASTERISK	Po	Cyrillic	Cyrillic Extended-B	5.1	false	false	true	true	星芒
1368	形态词命中	꛴	꛴	U+A6F4	BAMUM COLON	Po	Bamum	Bamum	5.2	false	false	true	true	点
1369	形态词命中	꛶	꛶	U+A6F6	BAMUM SEMICOLON	Po	Bamum	Bamum	5.2	false	false	true	true	点
1370	形态词命中	꡵	꡵	U+A875	PHAGS-PA DOUBLE HEAD MARK	Po	Phags_Pa	Phags-pa	5.0	false	false	true	true	对称
1371	形态词命中	꡷	꡷	U+A877	PHAGS-PA MARK DOUBLE SHAD	Po	Phags_Pa	Phags-pa	5.0	false	false	true	true	对称
1372	形态词命中	꣏	꣏	U+A8CF	SAURASHTRA DOUBLE DANDA	Po	Saurashtra	Saurashtra	5.1	false	false	true	true	对称
1373	形态词命中	꧁	꧁	U+A9C1	JAVANESE LEFT RERENGGAN	Po	Javanese	Javanese	5.2	false	false	true	true	方向
1374	形态词命中	꧂	꧂	U+A9C2	JAVANESE RIGHT RERENGGAN	Po	Javanese	Javanese	5.2	false	false	true	true	方向
1375	形态词命中	꩜	꩜	U+AA5C	CHAM PUNCTUATION SPIRAL	Po	Cham	Cham	5.1	false	false	true	true	曲线
1376	形态词命中	꩞	꩞	U+AA5E	CHAM PUNCTUATION DOUBLE DANDA	Po	Cham	Cham	5.1	false	false	true	true	对称
1377	形态词命中	𐩐	𐩐	U+10A50	KHAROSHTHI PUNCTUATION DOT	Po	Kharoshthi	Kharoshthi	4.1	false	false	true	true	点
1378	形态词命中	𐩑	𐩑	U+10A51	KHAROSHTHI PUNCTUATION SMALL CIRCLE	Po	Kharoshthi	Kharoshthi	4.1	false	false	true	true	圆
1379	形态词命中	𐩒	𐩒	U+10A52	KHAROSHTHI PUNCTUATION CIRCLE	Po	Kharoshthi	Kharoshthi	4.1	false	false	true	true	圆
1380	形态词命中	𐩓	𐩓	U+10A53	KHAROSHTHI PUNCTUATION CRESCENT BAR	Po	Kharoshthi	Kharoshthi	4.1	false	false	true	true	线
1381	形态词命中	𐩗	𐩗	U+10A57	KHAROSHTHI PUNCTUATION DOUBLE DANDA	Po	Kharoshthi	Kharoshthi	4.1	false	false	true	true	对称
1382	形态词命中	𐩘	𐩘	U+10A58	KHAROSHTHI PUNCTUATION LINES	Po	Kharoshthi	Kharoshthi	4.1	false	false	true	true	线
1383	形态词命中	𐩿	𐩿	U+10A7F	OLD SOUTH ARABIAN NUMERIC INDICATOR	Po	Old_South_Arabian	Old South Arabian	5.2	false	false	true	true	方向
1384	形态词命中	𐫰	𐫰	U+10AF0	MANICHAEAN PUNCTUATION STAR	Po	Manichaean	Manichaean	7.0	false	false	true	true	星芒
1385	形态词命中	𐫳	𐫳	U+10AF3	MANICHAEAN PUNCTUATION DOT WITHIN DOT	Po	Manichaean	Manichaean	7.0	false	false	true	true	点
1386	形态词命中	𐫴	𐫴	U+10AF4	MANICHAEAN PUNCTUATION DOT	Po	Manichaean	Manichaean	7.0	false	false	true	true	点
1387	形态词命中	𐫵	𐫵	U+10AF5	MANICHAEAN PUNCTUATION TWO DOTS	Po	Manichaean	Manichaean	7.0	false	false	true	true	点
1388	形态词命中	𐫶	𐫶	U+10AF6	MANICHAEAN PUNCTUATION LINE FILLER	Po	Manichaean	Manichaean	7.0	false	false	true	true	线
1389	形态词命中	𐬺	𐬺	U+10B3A	TINY TWO DOTS OVER ONE DOT PUNCTUATION	Po	Avestan	Avestan	5.2	false	false	true	true	点
1390	形态词命中	𐬻	𐬻	U+10B3B	SMALL TWO DOTS OVER ONE DOT PUNCTUATION	Po	Avestan	Avestan	5.2	false	false	true	true	点
1391	形态词命中	𐬼	𐬼	U+10B3C	LARGE TWO DOTS OVER ONE DOT PUNCTUATION	Po	Avestan	Avestan	5.2	false	false	true	true	点
1392	形态词命中	𐬽	𐬽	U+10B3D	LARGE ONE DOT OVER TWO DOTS PUNCTUATION	Po	Avestan	Avestan	5.2	false	false	true	true	点
1393	形态词命中	𐬾	𐬾	U+10B3E	LARGE TWO RINGS OVER ONE RING PUNCTUATION	Po	Avestan	Avestan	5.2	false	false	true	true	圆
1394	形态词命中	𐬿	𐬿	U+10B3F	LARGE ONE RING OVER TWO RINGS PUNCTUATION	Po	Avestan	Avestan	5.2	false	false	true	true	圆
1395	形态词命中	𐮜	𐮜	U+10B9C	PSALTER PAHLAVI FOUR DOTS WITH DOT	Po	Psalter_Pahlavi	Psalter Pahlavi	7.0	false	false	true	true	点
1396	形态词命中	𐽕	𐽕	U+10F55	SOGDIAN PUNCTUATION TWO VERTICAL BARS	Po	Sogdian	Sogdian	11.0	false	false	true	true	线
1397	形态词命中	𐾆	𐾆	U+10F86	OLD UYGHUR PUNCTUATION BAR	Po	Old_Uyghur	Old Uyghur	14.0	false	false	true	true	线
1398	形态词命中	𐾇	𐾇	U+10F87	OLD UYGHUR PUNCTUATION TWO BARS	Po	Old_Uyghur	Old Uyghur	14.0	false	false	true	true	线
1399	形态词命中	𐾈	𐾈	U+10F88	OLD UYGHUR PUNCTUATION TWO DOTS	Po	Old_Uyghur	Old Uyghur	14.0	false	false	true	true	点
1400	形态词命中	𐾉	𐾉	U+10F89	OLD UYGHUR PUNCTUATION FOUR DOTS	Po	Old_Uyghur	Old Uyghur	14.0	false	false	true	true	点
1401	形态词命中	𑁈	𑁈	U+11048	BRAHMI DOUBLE DANDA	Po	Brahmi	Brahmi	6.0	false	false	true	true	对称
1402	形态词命中	𑁉	𑁉	U+11049	BRAHMI PUNCTUATION DOT	Po	Brahmi	Brahmi	6.0	false	false	true	true	点
1403	形态词命中	𑁋	𑁋	U+1104B	BRAHMI PUNCTUATION LINE	Po	Brahmi	Brahmi	6.0	false	false	true	true	线
1404	形态词命中	𑁌	𑁌	U+1104C	BRAHMI PUNCTUATION CRESCENT BAR	Po	Brahmi	Brahmi	6.0	false	false	true	true	线
1405	形态词命中	𑂿	𑂿	U+110BF	KAITHI DOUBLE SECTION MARK	Po	Kaithi	Kaithi	5.2	false	false	true	true	对称
1406	形态词命中	𑃁	𑃁	U+110C1	KAITHI DOUBLE DANDA	Po	Kaithi	Kaithi	5.2	false	false	true	true	对称
1407	形态词命中	𑅂	𑅂	U+11142	CHAKMA DOUBLE DANDA	Po	Chakma	Chakma	6.1	false	false	true	true	对称
1408	形态词命中	𑇆	𑇆	U+111C6	SHARADA DOUBLE DANDA	Po	Sharada	Sharada	6.1	false	false	true	true	对称
1409	形态词命中	𑈹	𑈹	U+11239	KHOJKI DOUBLE DANDA	Po	Khojki	Khojki	7.0	false	false	true	true	对称
1410	形态词命中	𑈼	𑈼	U+1123C	KHOJKI DOUBLE SECTION MARK	Po	Khojki	Khojki	7.0	false	false	true	true	对称
1411	形态词命中	𑑌	𑑌	U+1144C	NEWA DOUBLE DANDA	Po	Newa	Newa	9.0	false	false	true	true	对称
1412	形态词命中	𑑚	𑑚	U+1145A	NEWA DOUBLE COMMA	Po	Newa	Newa	13.0	false	false	true	true	对称
1413	形态词命中	𑗃	𑗃	U+115C3	SIDDHAM DOUBLE DANDA	Po	Siddham	Siddham	7.0	false	false	true	true	对称
1414	形态词命中	𑗄	𑗄	U+115C4	SIDDHAM SEPARATOR DOT	Po	Siddham	Siddham	7.0	false	false	true	true	点
1415	形态词命中	𑗅	𑗅	U+115C5	SIDDHAM SEPARATOR BAR	Po	Siddham	Siddham	7.0	false	false	true	true	线
1416	形态词命中	𑗑	𑗑	U+115D1	SIDDHAM SECTION MARK WITH DOUBLE CRESCENTS	Po	Siddham	Siddham	8.0	false	false	true	true	对称
1417	形态词命中	𑗔	𑗔	U+115D4	SIDDHAM SECTION MARK WITH SEPTUPLE CRESCENTS	Po	Siddham	Siddham	8.0	false	false	true	true	方向
1418	形态词命中	𑗖	𑗖	U+115D6	SIDDHAM SECTION MARK WITH CIRCLES AND TWO ENCLOSURES	Po	Siddham	Siddham	8.0	false	false	true	true	圆
1419	形态词命中	𑗗	𑗗	U+115D7	SIDDHAM SECTION MARK WITH CIRCLES AND FOUR ENCLOSURES	Po	Siddham	Siddham	8.0	false	false	true	true	圆
1420	形态词命中	𑙂	𑙂	U+11642	MODI DOUBLE DANDA	Po	Modi	Modi	7.0	false	false	true	true	对称
1421	形态词命中	𑥄	𑥄	U+11944	DIVES AKURU DOUBLE DANDA	Po	Dives_Akuru	Dives Akuru	13.0	false	false	true	true	对称
1422	形态词命中	𑨿	𑨿	U+11A3F	ZANABAZAR SQUARE INITIAL HEAD MARK	Po	Zanabazar_Square	Zanabazar Square	10.0	false	false	true	true	方
1423	形态词命中	𑩀	𑩀	U+11A40	ZANABAZAR SQUARE CLOSING HEAD MARK	Po	Zanabazar_Square	Zanabazar Square	10.0	false	false	true	true	方
1424	形态词命中	𑩁	𑩁	U+11A41	ZANABAZAR SQUARE MARK TSHEG	Po	Zanabazar_Square	Zanabazar Square	10.0	false	false	true	true	方
1425	形态词命中	𑩂	𑩂	U+11A42	ZANABAZAR SQUARE MARK SHAD	Po	Zanabazar_Square	Zanabazar Square	10.0	false	false	true	true	方
1426	形态词命中	𑩄	𑩄	U+11A44	ZANABAZAR SQUARE MARK LONG TSHEG	Po	Zanabazar_Square	Zanabazar Square	10.0	false	false	true	true	方
1427	形态词命中	𑪜	𑪜	U+11A9C	SOYOMBO MARK DOUBLE SHAD	Po	Soyombo	Soyombo	10.0	false	false	true	true	对称
1428	形态词命中	𑱂	𑱂	U+11C42	BHAIKSUKI DOUBLE DANDA	Po	Bhaiksuki	Bhaiksuki	9.0	false	false	true	true	对称
1429	形态词命中	𑱰	𑱰	U+11C70	MARCHEN HEAD MARK	Po	Marchen	Marchen	9.0	false	false	true	true	线
1430	形态词命中	𑱱	𑱱	U+11C71	MARCHEN MARK SHAD	Po	Marchen	Marchen	9.0	false	false	true	true	线
1431	形态词命中	𑽄	𑽄	U+11F44	KAWI DOUBLE DANDA	Po	Kawi	Kawi	15.0	false	false	true	true	对称
1432	形态词命中	𑽇	𑽇	U+11F47	KAWI PUNCTUATION FLOWER	Po	Kawi	Kawi	15.0	false	false	true	true	星芒
1433	形态词命中	𑽉	𑽉	U+11F49	KAWI PUNCTUATION DOT	Po	Kawi	Kawi	15.0	false	false	true	true	点
1434	形态词命中	𑽋	𑽋	U+11F4B	KAWI PUNCTUATION TRIPLE DOT	Po	Kawi	Kawi	15.0	false	false	true	true	点
1435	形态词命中	𑽌	𑽌	U+11F4C	KAWI PUNCTUATION CIRCLE	Po	Kawi	Kawi	15.0	false	false	true	true	圆
1436	形态词命中	𑽍	𑽍	U+11F4D	KAWI PUNCTUATION FILLED CIRCLE	Po	Kawi	Kawi	15.0	false	false	true	true	圆
1437	形态词命中	𑽎	𑽎	U+11F4E	KAWI PUNCTUATION SPIRAL	Po	Kawi	Kawi	15.0	false	false	true	true	曲线
1438	形态词命中	𑽏	𑽏	U+11F4F	KAWI PUNCTUATION CLOSING SPIRAL	Po	Kawi	Kawi	15.0	false	false	true	true	曲线
1439	形态词命中	𒑱	𒑱	U+12471	CUNEIFORM PUNCTUATION SIGN VERTICAL COLON	Po	Cuneiform	Cuneiform Numbers and Punctuation	5.0	false	false	true	true	点
1440	形态词命中	𒑲	𒑲	U+12472	CUNEIFORM PUNCTUATION SIGN DIAGONAL COLON	Po	Cuneiform	Cuneiform Numbers and Punctuation	5.0	false	false	true	true	点
1441	形态词命中	𒑳	𒑳	U+12473	CUNEIFORM PUNCTUATION SIGN DIAGONAL TRICOLON	Po	Cuneiform	Cuneiform Numbers and Punctuation	5.0	false	false	true	true	点
1442	形态词命中	𖩯	𖩯	U+16A6F	MRO DOUBLE DANDA	Po	Mro	Mro	7.0	false	false	true	true	对称
1443	形态词命中	𛲟	𛲟	U+1BC9F	DUPLOYAN PUNCTUATION CHINOOK FULL STOP	Po	Duployan	Duployan	7.0	false	false	true	true	方向
1444	区块与文字系统多样性	҂	҂	U+0482	CYRILLIC THOUSANDS SIGN	So	Cyrillic	Cyrillic	1.1	false	false	true	true	
1445	区块与文字系统多样性	؎	؎	U+060E	ARABIC POETIC VERSE SIGN	So	Arabic	Arabic	4.0	false	false	true	true	
1446	区块与文字系统多样性	؏	؏	U+060F	ARABIC SIGN MISRA	So	Arabic	Arabic	4.0	false	false	true	true	
1447	区块与文字系统多样性	۩	۩	U+06E9	ARABIC PLACE OF SAJDAH	So	Arabic	Arabic	1.1	false	false	true	true	
1448	区块与文字系统多样性	۽	۽	U+06FD	ARABIC SIGN SINDHI AMPERSAND	So	Arabic	Arabic	3.0	false	false	true	true	
1449	区块与文字系统多样性	۾	۾	U+06FE	ARABIC SIGN SINDHI POSTPOSITION MEN	So	Arabic	Arabic	3.0	false	false	true	true	
1450	区块与文字系统多样性	߶	߶	U+07F6	NKO SYMBOL OO DENNEN	So	Nko	NKo	5.0	false	false	true	true	
1451	区块与文字系统多样性	৺	৺	U+09FA	BENGALI ISSHAR	So	Bengali	Bengali	1.1	false	false	true	true	
1452	区块与文字系统多样性	୰	୰	U+0B70	ORIYA ISSHAR	So	Oriya	Oriya	1.1	false	false	true	true	
1453	区块与文字系统多样性	௳	௳	U+0BF3	TAMIL DAY SIGN	So	Tamil	Tamil	4.0	false	false	true	true	
1454	区块与文字系统多样性	௴	௴	U+0BF4	TAMIL MONTH SIGN	So	Tamil	Tamil	4.0	false	false	true	true	
1455	区块与文字系统多样性	௵	௵	U+0BF5	TAMIL YEAR SIGN	So	Tamil	Tamil	4.0	false	false	true	true	
1456	区块与文字系统多样性	௶	௶	U+0BF6	TAMIL DEBIT SIGN	So	Tamil	Tamil	4.0	false	false	true	true	
1457	区块与文字系统多样性	௷	௷	U+0BF7	TAMIL CREDIT SIGN	So	Tamil	Tamil	4.0	false	false	true	true	
1458	区块与文字系统多样性	௸	௸	U+0BF8	TAMIL AS ABOVE SIGN	So	Tamil	Tamil	4.0	false	false	true	true	
1459	区块与文字系统多样性	௺	௺	U+0BFA	TAMIL NUMBER SIGN	So	Tamil	Tamil	4.0	false	false	true	true	
1460	区块与文字系统多样性	౿	౿	U+0C7F	TELUGU SIGN TUUMU	So	Telugu	Telugu	5.1	false	false	true	true	
1461	区块与文字系统多样性	൏	൏	U+0D4F	MALAYALAM SIGN PARA	So	Malayalam	Malayalam	9.0	false	false	true	true	
1462	区块与文字系统多样性	൹	൹	U+0D79	MALAYALAM DATE MARK	So	Malayalam	Malayalam	5.1	false	false	true	true	
1463	区块与文字系统多样性	༁	༁	U+0F01	TIBETAN MARK GTER YIG MGO TRUNCATED A	So	Tibetan	Tibetan	2.0	false	false	true	true	
1464	区块与文字系统多样性	༂	༂	U+0F02	TIBETAN MARK GTER YIG MGO -UM RNAM BCAD MA	So	Tibetan	Tibetan	2.0	false	false	true	true	
1465	区块与文字系统多样性	༃	༃	U+0F03	TIBETAN MARK GTER YIG MGO -UM GTER TSHEG MA	So	Tibetan	Tibetan	2.0	false	false	true	true	
1466	区块与文字系统多样性	༓	༓	U+0F13	TIBETAN MARK CARET -DZUD RTAGS ME LONG CAN	So	Tibetan	Tibetan	2.0	false	false	true	true	
1467	区块与文字系统多样性	༕	༕	U+0F15	TIBETAN LOGOTYPE SIGN CHAD RTAGS	So	Tibetan	Tibetan	2.0	false	false	true	true	
1468	区块与文字系统多样性	༖	༖	U+0F16	TIBETAN LOGOTYPE SIGN LHAG RTAGS	So	Tibetan	Tibetan	2.0	false	false	true	true	
1469	区块与文字系统多样性	༗	༗	U+0F17	TIBETAN ASTROLOGICAL SIGN SGRA GCAN -CHAR RTAGS	So	Tibetan	Tibetan	2.0	false	false	true	true	
1470	区块与文字系统多样性	༚	༚	U+0F1A	TIBETAN SIGN RDEL DKAR GCIG	So	Tibetan	Tibetan	2.0	false	false	true	true	
1471	区块与文字系统多样性	༛	༛	U+0F1B	TIBETAN SIGN RDEL DKAR GNYIS	So	Tibetan	Tibetan	2.0	false	false	true	true	
1472	区块与文字系统多样性	༜	༜	U+0F1C	TIBETAN SIGN RDEL DKAR GSUM	So	Tibetan	Tibetan	2.0	false	false	true	true	
1473	区块与文字系统多样性	༝	༝	U+0F1D	TIBETAN SIGN RDEL NAG GCIG	So	Tibetan	Tibetan	2.0	false	false	true	true	
1474	区块与文字系统多样性	༞	༞	U+0F1E	TIBETAN SIGN RDEL NAG GNYIS	So	Tibetan	Tibetan	2.0	false	false	true	true	
1475	区块与文字系统多样性	༟	༟	U+0F1F	TIBETAN SIGN RDEL DKAR RDEL NAG	So	Tibetan	Tibetan	2.0	false	false	true	true	
1476	区块与文字系统多样性	༴	༴	U+0F34	TIBETAN MARK BSDUS RTAGS	So	Tibetan	Tibetan	2.0	false	false	true	true	
1477	区块与文字系统多样性	༶	༶	U+0F36	TIBETAN MARK CARET -DZUD RTAGS BZHI MIG CAN	So	Tibetan	Tibetan	2.0	false	false	true	true	
1478	区块与文字系统多样性	༸	༸	U+0F38	TIBETAN MARK CHE MGO	So	Tibetan	Tibetan	2.0	false	false	true	true	
1479	区块与文字系统多样性	྾	྾	U+0FBE	TIBETAN KU RU KHA	So	Tibetan	Tibetan	3.0	false	false	true	true	
1480	区块与文字系统多样性	྿	྿	U+0FBF	TIBETAN KU RU KHA BZHI MIG CAN	So	Tibetan	Tibetan	3.0	false	false	true	true	
1481	区块与文字系统多样性	࿀	࿀	U+0FC0	TIBETAN CANTILLATION SIGN HEAVY BEAT	So	Tibetan	Tibetan	3.0	false	false	true	true	
1482	区块与文字系统多样性	࿁	࿁	U+0FC1	TIBETAN CANTILLATION SIGN LIGHT BEAT	So	Tibetan	Tibetan	3.0	false	false	true	true	
1483	区块与文字系统多样性	࿂	࿂	U+0FC2	TIBETAN CANTILLATION SIGN CANG TE-U	So	Tibetan	Tibetan	3.0	false	false	true	true	
1484	区块与文字系统多样性	࿃	࿃	U+0FC3	TIBETAN CANTILLATION SIGN SBUB -CHAL	So	Tibetan	Tibetan	3.0	false	false	true	true	
1485	区块与文字系统多样性	࿄	࿄	U+0FC4	TIBETAN SYMBOL DRIL BU	So	Tibetan	Tibetan	3.0	false	false	true	true	
1486	区块与文字系统多样性	࿅	࿅	U+0FC5	TIBETAN SYMBOL RDO RJE	So	Tibetan	Tibetan	3.0	false	false	true	true	
1487	区块与文字系统多样性	࿇	࿇	U+0FC7	TIBETAN SYMBOL RDO RJE RGYA GRAM	So	Tibetan	Tibetan	3.0	false	false	true	true	
1488	区块与文字系统多样性	࿈	࿈	U+0FC8	TIBETAN SYMBOL PHUR PA	So	Tibetan	Tibetan	3.0	false	false	true	true	
1489	区块与文字系统多样性	࿉	࿉	U+0FC9	TIBETAN SYMBOL NOR BU	So	Tibetan	Tibetan	3.0	false	false	true	true	
1490	区块与文字系统多样性	࿊	࿊	U+0FCA	TIBETAN SYMBOL NOR BU NYIS -KHYIL	So	Tibetan	Tibetan	3.0	false	false	true	true	
1491	区块与文字系统多样性	࿋	࿋	U+0FCB	TIBETAN SYMBOL NOR BU GSUM -KHYIL	So	Tibetan	Tibetan	3.0	false	false	true	true	
1492	区块与文字系统多样性	࿌	࿌	U+0FCC	TIBETAN SYMBOL NOR BU BZHI -KHYIL	So	Tibetan	Tibetan	3.0	false	false	true	true	
1493	区块与文字系统多样性	࿎	࿎	U+0FCE	TIBETAN SIGN RDEL NAG RDEL DKAR	So	Tibetan	Tibetan	5.1	false	false	true	true	
1494	区块与文字系统多样性	࿏	࿏	U+0FCF	TIBETAN SIGN RDEL NAG GSUM	So	Tibetan	Tibetan	3.0	false	false	true	true	
1495	区块与文字系统多样性	႞	႞	U+109E	MYANMAR SYMBOL SHAN ONE	So	Myanmar	Myanmar	5.1	false	false	true	true	
1496	区块与文字系统多样性	႟	႟	U+109F	MYANMAR SYMBOL SHAN EXCLAMATION	So	Myanmar	Myanmar	5.1	false	false	true	true	
1497	区块与文字系统多样性	᎐	᎐	U+1390	ETHIOPIC TONAL MARK YIZET	So	Ethiopic	Ethiopic Supplement	4.1	false	false	true	true	
1498	区块与文字系统多样性	᎑	᎑	U+1391	ETHIOPIC TONAL MARK DERET	So	Ethiopic	Ethiopic Supplement	4.1	false	false	true	true	
1499	区块与文字系统多样性	᎒	᎒	U+1392	ETHIOPIC TONAL MARK RIKRIK	So	Ethiopic	Ethiopic Supplement	4.1	false	false	true	true	
1500	区块与文字系统多样性	᎓	᎓	U+1393	ETHIOPIC TONAL MARK SHORT RIKRIK	So	Ethiopic	Ethiopic Supplement	4.1	false	false	true	true	
1501	区块与文字系统多样性	᎔	᎔	U+1394	ETHIOPIC TONAL MARK DIFAT	So	Ethiopic	Ethiopic Supplement	4.1	false	false	true	true	
1502	区块与文字系统多样性	᎕	᎕	U+1395	ETHIOPIC TONAL MARK KENAT	So	Ethiopic	Ethiopic Supplement	4.1	false	false	true	true	
1503	区块与文字系统多样性	᎖	᎖	U+1396	ETHIOPIC TONAL MARK CHIRET	So	Ethiopic	Ethiopic Supplement	4.1	false	false	true	true	
1504	区块与文字系统多样性	᎗	᎗	U+1397	ETHIOPIC TONAL MARK HIDET	So	Ethiopic	Ethiopic Supplement	4.1	false	false	true	true	
1505	区块与文字系统多样性	᎘	᎘	U+1398	ETHIOPIC TONAL MARK DERET-HIDET	So	Ethiopic	Ethiopic Supplement	4.1	false	false	true	true	
1506	区块与文字系统多样性	᎙	᎙	U+1399	ETHIOPIC TONAL MARK KURT	So	Ethiopic	Ethiopic Supplement	4.1	false	false	true	true	
1507	区块与文字系统多样性	᙭	᙭	U+166D	CANADIAN SYLLABICS CHI SIGN	So	Canadian_Aboriginal	Unified Canadian Aboriginal Syllabics	3.0	false	false	true	true	
1508	区块与文字系统多样性	᥀	᥀	U+1940	LIMBU SIGN LOO	So	Limbu	Limbu	4.0	false	false	true	true	
1509	区块与文字系统多样性	᧞	᧞	U+19DE	NEW TAI LUE SIGN LAE	So	New_Tai_Lue	New Tai Lue	4.1	false	false	true	true	
1510	区块与文字系统多样性	᧟	᧟	U+19DF	NEW TAI LUE SIGN LAEV	So	New_Tai_Lue	New Tai Lue	4.1	false	false	true	true	
1511	区块与文字系统多样性	᧠	᧠	U+19E0	KHMER SYMBOL PATHAMASAT	So	Khmer	Khmer Symbols	4.0	false	false	true	true	
1512	区块与文字系统多样性	᧡	᧡	U+19E1	KHMER SYMBOL MUOY KOET	So	Khmer	Khmer Symbols	4.0	false	false	true	true	
1513	区块与文字系统多样性	᧢	᧢	U+19E2	KHMER SYMBOL PII KOET	So	Khmer	Khmer Symbols	4.0	false	false	true	true	
1514	区块与文字系统多样性	᧣	᧣	U+19E3	KHMER SYMBOL BEI KOET	So	Khmer	Khmer Symbols	4.0	false	false	true	true	
1515	区块与文字系统多样性	᧤	᧤	U+19E4	KHMER SYMBOL BUON KOET	So	Khmer	Khmer Symbols	4.0	false	false	true	true	
1516	区块与文字系统多样性	᧥	᧥	U+19E5	KHMER SYMBOL PRAM KOET	So	Khmer	Khmer Symbols	4.0	false	false	true	true	
1517	区块与文字系统多样性	᧦	᧦	U+19E6	KHMER SYMBOL PRAM-MUOY KOET	So	Khmer	Khmer Symbols	4.0	false	false	true	true	
1518	区块与文字系统多样性	᧧	᧧	U+19E7	KHMER SYMBOL PRAM-PII KOET	So	Khmer	Khmer Symbols	4.0	false	false	true	true	
1519	区块与文字系统多样性	᧨	᧨	U+19E8	KHMER SYMBOL PRAM-BEI KOET	So	Khmer	Khmer Symbols	4.0	false	false	true	true	
1520	区块与文字系统多样性	᧩	᧩	U+19E9	KHMER SYMBOL PRAM-BUON KOET	So	Khmer	Khmer Symbols	4.0	false	false	true	true	
1521	区块与文字系统多样性	᧪	᧪	U+19EA	KHMER SYMBOL DAP KOET	So	Khmer	Khmer Symbols	4.0	false	false	true	true	
1522	区块与文字系统多样性	᧫	᧫	U+19EB	KHMER SYMBOL DAP-MUOY KOET	So	Khmer	Khmer Symbols	4.0	false	false	true	true	
1523	区块与文字系统多样性	᧬	᧬	U+19EC	KHMER SYMBOL DAP-PII KOET	So	Khmer	Khmer Symbols	4.0	false	false	true	true	
1524	区块与文字系统多样性	᧭	᧭	U+19ED	KHMER SYMBOL DAP-BEI KOET	So	Khmer	Khmer Symbols	4.0	false	false	true	true	
1525	区块与文字系统多样性	᧮	᧮	U+19EE	KHMER SYMBOL DAP-BUON KOET	So	Khmer	Khmer Symbols	4.0	false	false	true	true	
1526	区块与文字系统多样性	᧯	᧯	U+19EF	KHMER SYMBOL DAP-PRAM KOET	So	Khmer	Khmer Symbols	4.0	false	false	true	true	
1527	区块与文字系统多样性	᧰	᧰	U+19F0	KHMER SYMBOL TUTEYASAT	So	Khmer	Khmer Symbols	4.0	false	false	true	true	
1528	区块与文字系统多样性	᧱	᧱	U+19F1	KHMER SYMBOL MUOY ROC	So	Khmer	Khmer Symbols	4.0	false	false	true	true	
1529	区块与文字系统多样性	᧲	᧲	U+19F2	KHMER SYMBOL PII ROC	So	Khmer	Khmer Symbols	4.0	false	false	true	true	
1530	区块与文字系统多样性	᧳	᧳	U+19F3	KHMER SYMBOL BEI ROC	So	Khmer	Khmer Symbols	4.0	false	false	true	true	
1531	区块与文字系统多样性	᧴	᧴	U+19F4	KHMER SYMBOL BUON ROC	So	Khmer	Khmer Symbols	4.0	false	false	true	true	
1532	区块与文字系统多样性	᧵	᧵	U+19F5	KHMER SYMBOL PRAM ROC	So	Khmer	Khmer Symbols	4.0	false	false	true	true	
1533	区块与文字系统多样性	᧶	᧶	U+19F6	KHMER SYMBOL PRAM-MUOY ROC	So	Khmer	Khmer Symbols	4.0	false	false	true	true	
1534	区块与文字系统多样性	᧷	᧷	U+19F7	KHMER SYMBOL PRAM-PII ROC	So	Khmer	Khmer Symbols	4.0	false	false	true	true	
1535	区块与文字系统多样性	᧸	᧸	U+19F8	KHMER SYMBOL PRAM-BEI ROC	So	Khmer	Khmer Symbols	4.0	false	false	true	true	
1536	区块与文字系统多样性	᧹	᧹	U+19F9	KHMER SYMBOL PRAM-BUON ROC	So	Khmer	Khmer Symbols	4.0	false	false	true	true	
1537	区块与文字系统多样性	᧺	᧺	U+19FA	KHMER SYMBOL DAP ROC	So	Khmer	Khmer Symbols	4.0	false	false	true	true	
1538	区块与文字系统多样性	᧻	᧻	U+19FB	KHMER SYMBOL DAP-MUOY ROC	So	Khmer	Khmer Symbols	4.0	false	false	true	true	
1539	区块与文字系统多样性	᧼	᧼	U+19FC	KHMER SYMBOL DAP-PII ROC	So	Khmer	Khmer Symbols	4.0	false	false	true	true	
1540	区块与文字系统多样性	᧽	᧽	U+19FD	KHMER SYMBOL DAP-BEI ROC	So	Khmer	Khmer Symbols	4.0	false	false	true	true	
1541	区块与文字系统多样性	᧾	᧾	U+19FE	KHMER SYMBOL DAP-BUON ROC	So	Khmer	Khmer Symbols	4.0	false	false	true	true	
1542	区块与文字系统多样性	᧿	᧿	U+19FF	KHMER SYMBOL DAP-PRAM ROC	So	Khmer	Khmer Symbols	4.0	false	false	true	true	
1543	区块与文字系统多样性	⳥	⳥	U+2CE5	COPTIC SYMBOL MI RO	So	Coptic	Coptic	4.1	false	false	true	true	
1544	区块与文字系统多样性	⳦	⳦	U+2CE6	COPTIC SYMBOL PI RO	So	Coptic	Coptic	4.1	false	false	true	true	
1545	区块与文字系统多样性	⳧	⳧	U+2CE7	COPTIC SYMBOL STAUROS	So	Coptic	Coptic	4.1	false	false	true	true	
1546	区块与文字系统多样性	⳨	⳨	U+2CE8	COPTIC SYMBOL TAU RO	So	Coptic	Coptic	4.1	false	false	true	true	
1547	区块与文字系统多样性	⳩	⳩	U+2CE9	COPTIC SYMBOL KHI RO	So	Coptic	Coptic	4.1	false	false	true	true	
1548	区块与文字系统多样性	⳪	⳪	U+2CEA	COPTIC SYMBOL SHIMA SIMA	So	Coptic	Coptic	4.1	false	false	true	true	
1549	区块与文字系统多样性	⺀	⺀	U+2E80	CJK RADICAL REPEAT	So	Han	CJK Radicals Supplement	3.0	false	false	true	true	
1550	区块与文字系统多样性	⺁	⺁	U+2E81	CJK RADICAL CLIFF	So	Han	CJK Radicals Supplement	3.0	false	false	true	true	
1551	区块与文字系统多样性	⺂	⺂	U+2E82	CJK RADICAL SECOND ONE	So	Han	CJK Radicals Supplement	3.0	false	false	true	true	
1552	区块与文字系统多样性	⺃	⺃	U+2E83	CJK RADICAL SECOND TWO	So	Han	CJK Radicals Supplement	3.0	false	false	true	true	
1553	区块与文字系统多样性	⺄	⺄	U+2E84	CJK RADICAL SECOND THREE	So	Han	CJK Radicals Supplement	3.0	false	false	true	true	
1554	区块与文字系统多样性	⺅	⺅	U+2E85	CJK RADICAL PERSON	So	Han	CJK Radicals Supplement	3.0	false	false	true	true	
1555	区块与文字系统多样性	⺇	⺇	U+2E87	CJK RADICAL TABLE	So	Han	CJK Radicals Supplement	3.0	false	false	true	true	
1556	区块与文字系统多样性	⺈	⺈	U+2E88	CJK RADICAL KNIFE ONE	So	Han	CJK Radicals Supplement	3.0	false	false	true	true	
1557	区块与文字系统多样性	⺉	⺉	U+2E89	CJK RADICAL KNIFE TWO	So	Han	CJK Radicals Supplement	3.0	false	false	true	true	
1558	区块与文字系统多样性	⺊	⺊	U+2E8A	CJK RADICAL DIVINATION	So	Han	CJK Radicals Supplement	3.0	false	false	true	true	
1559	区块与文字系统多样性	⺋	⺋	U+2E8B	CJK RADICAL SEAL	So	Han	CJK Radicals Supplement	3.0	false	false	true	true	
1560	区块与文字系统多样性	⺌	⺌	U+2E8C	CJK RADICAL SMALL ONE	So	Han	CJK Radicals Supplement	3.0	false	false	true	true	
1561	区块与文字系统多样性	⺍	⺍	U+2E8D	CJK RADICAL SMALL TWO	So	Han	CJK Radicals Supplement	3.0	false	false	true	true	
1562	区块与文字系统多样性	⺎	⺎	U+2E8E	CJK RADICAL LAME ONE	So	Han	CJK Radicals Supplement	3.0	false	false	true	true	
1563	区块与文字系统多样性	⺏	⺏	U+2E8F	CJK RADICAL LAME TWO	So	Han	CJK Radicals Supplement	3.0	false	false	true	true	
1564	区块与文字系统多样性	⺐	⺐	U+2E90	CJK RADICAL LAME THREE	So	Han	CJK Radicals Supplement	3.0	false	false	true	true	
1565	区块与文字系统多样性	⺑	⺑	U+2E91	CJK RADICAL LAME FOUR	So	Han	CJK Radicals Supplement	3.0	false	false	true	true	
1566	区块与文字系统多样性	⺒	⺒	U+2E92	CJK RADICAL SNAKE	So	Han	CJK Radicals Supplement	3.0	false	false	true	true	
1567	区块与文字系统多样性	⺓	⺓	U+2E93	CJK RADICAL THREAD	So	Han	CJK Radicals Supplement	3.0	false	false	true	true	
1568	区块与文字系统多样性	⺔	⺔	U+2E94	CJK RADICAL SNOUT ONE	So	Han	CJK Radicals Supplement	3.0	false	false	true	true	
1569	区块与文字系统多样性	⺕	⺕	U+2E95	CJK RADICAL SNOUT TWO	So	Han	CJK Radicals Supplement	3.0	false	false	true	true	
1570	区块与文字系统多样性	⺙	⺙	U+2E99	CJK RADICAL RAP	So	Han	CJK Radicals Supplement	3.0	false	false	true	true	
1571	区块与文字系统多样性	⺛	⺛	U+2E9B	CJK RADICAL CHOKE	So	Han	CJK Radicals Supplement	3.0	false	false	true	true	
1572	区块与文字系统多样性	⺞	⺞	U+2E9E	CJK RADICAL DEATH	So	Han	CJK Radicals Supplement	3.0	false	false	true	true	
1573	区块与文字系统多样性	⺟	⺟	U+2E9F	CJK RADICAL MOTHER	So	Han	CJK Radicals Supplement	3.0	false	false	true	true	
1574	区块与文字系统多样性	⺠	⺠	U+2EA0	CJK RADICAL CIVILIAN	So	Han	CJK Radicals Supplement	3.0	false	false	true	true	
1575	区块与文字系统多样性	⺡	⺡	U+2EA1	CJK RADICAL WATER ONE	So	Han	CJK Radicals Supplement	3.0	false	false	true	true	
1576	区块与文字系统多样性	⺢	⺢	U+2EA2	CJK RADICAL WATER TWO	So	Han	CJK Radicals Supplement	3.0	false	false	true	true	
1577	区块与文字系统多样性	⺣	⺣	U+2EA3	CJK RADICAL FIRE	So	Han	CJK Radicals Supplement	3.0	false	false	true	true	
1578	区块与文字系统多样性	⺤	⺤	U+2EA4	CJK RADICAL PAW ONE	So	Han	CJK Radicals Supplement	3.0	false	false	true	true	
1579	区块与文字系统多样性	⺥	⺥	U+2EA5	CJK RADICAL PAW TWO	So	Han	CJK Radicals Supplement	3.0	false	false	true	true	
1580	区块与文字系统多样性	⺦	⺦	U+2EA6	CJK RADICAL SIMPLIFIED HALF TREE TRUNK	So	Han	CJK Radicals Supplement	3.0	false	false	true	true	
1581	区块与文字系统多样性	⺧	⺧	U+2EA7	CJK RADICAL COW	So	Han	CJK Radicals Supplement	3.0	false	false	true	true	
1582	区块与文字系统多样性	⺨	⺨	U+2EA8	CJK RADICAL DOG	So	Han	CJK Radicals Supplement	3.0	false	false	true	true	
1583	区块与文字系统多样性	⺩	⺩	U+2EA9	CJK RADICAL JADE	So	Han	CJK Radicals Supplement	3.0	false	false	true	true	
1584	区块与文字系统多样性	⺪	⺪	U+2EAA	CJK RADICAL BOLT OF CLOTH	So	Han	CJK Radicals Supplement	3.0	false	false	true	true	
1585	区块与文字系统多样性	⺬	⺬	U+2EAC	CJK RADICAL SPIRIT ONE	So	Han	CJK Radicals Supplement	3.0	false	false	true	true	
1586	区块与文字系统多样性	⺭	⺭	U+2EAD	CJK RADICAL SPIRIT TWO	So	Han	CJK Radicals Supplement	3.0	false	false	true	true	
1587	区块与文字系统多样性	⺮	⺮	U+2EAE	CJK RADICAL BAMBOO	So	Han	CJK Radicals Supplement	3.0	false	false	true	true	
1588	区块与文字系统多样性	⺯	⺯	U+2EAF	CJK RADICAL SILK	So	Han	CJK Radicals Supplement	3.0	false	false	true	true	
1589	区块与文字系统多样性	⺰	⺰	U+2EB0	CJK RADICAL C-SIMPLIFIED SILK	So	Han	CJK Radicals Supplement	3.0	false	false	true	true	
1590	区块与文字系统多样性	⺱	⺱	U+2EB1	CJK RADICAL NET ONE	So	Han	CJK Radicals Supplement	3.0	false	false	true	true	
1591	区块与文字系统多样性	⺲	⺲	U+2EB2	CJK RADICAL NET TWO	So	Han	CJK Radicals Supplement	3.0	false	false	true	true	
1592	区块与文字系统多样性	⺳	⺳	U+2EB3	CJK RADICAL NET THREE	So	Han	CJK Radicals Supplement	3.0	false	false	true	true	
1593	区块与文字系统多样性	⺴	⺴	U+2EB4	CJK RADICAL NET FOUR	So	Han	CJK Radicals Supplement	3.0	false	false	true	true	
1594	区块与文字系统多样性	⺵	⺵	U+2EB5	CJK RADICAL MESH	So	Han	CJK Radicals Supplement	3.0	false	false	true	true	
1595	区块与文字系统多样性	⼀	⼀	U+2F00	KANGXI RADICAL ONE	So	Han	Kangxi Radicals	3.0	false	false	true	true	
1596	区块与文字系统多样性	⼃	⼃	U+2F03	KANGXI RADICAL SLASH	So	Han	Kangxi Radicals	3.0	false	false	true	true	
1597	区块与文字系统多样性	⼄	⼄	U+2F04	KANGXI RADICAL SECOND	So	Han	Kangxi Radicals	3.0	false	false	true	true	
1598	区块与文字系统多样性	⼆	⼆	U+2F06	KANGXI RADICAL TWO	So	Han	Kangxi Radicals	3.0	false	false	true	true	
1599	区块与文字系统多样性	⼇	⼇	U+2F07	KANGXI RADICAL LID	So	Han	Kangxi Radicals	3.0	false	false	true	true	
1600	区块与文字系统多样性	⼈	⼈	U+2F08	KANGXI RADICAL MAN	So	Han	Kangxi Radicals	3.0	false	false	true	true	
1601	区块与文字系统多样性	⼉	⼉	U+2F09	KANGXI RADICAL LEGS	So	Han	Kangxi Radicals	3.0	false	false	true	true	
1602	区块与文字系统多样性	⼊	⼊	U+2F0A	KANGXI RADICAL ENTER	So	Han	Kangxi Radicals	3.0	false	false	true	true	
1603	区块与文字系统多样性	⼋	⼋	U+2F0B	KANGXI RADICAL EIGHT	So	Han	Kangxi Radicals	3.0	false	false	true	true	
1604	区块与文字系统多样性	⼍	⼍	U+2F0D	KANGXI RADICAL COVER	So	Han	Kangxi Radicals	3.0	false	false	true	true	
1605	区块与文字系统多样性	⼎	⼎	U+2F0E	KANGXI RADICAL ICE	So	Han	Kangxi Radicals	3.0	false	false	true	true	
1606	区块与文字系统多样性	⼏	⼏	U+2F0F	KANGXI RADICAL TABLE	So	Han	Kangxi Radicals	3.0	false	false	true	true	
1607	区块与文字系统多样性	⼑	⼑	U+2F11	KANGXI RADICAL KNIFE	So	Han	Kangxi Radicals	3.0	false	false	true	true	
1608	区块与文字系统多样性	⼒	⼒	U+2F12	KANGXI RADICAL POWER	So	Han	Kangxi Radicals	3.0	false	false	true	true	
1609	区块与文字系统多样性	⼓	⼓	U+2F13	KANGXI RADICAL WRAP	So	Han	Kangxi Radicals	3.0	false	false	true	true	
1610	区块与文字系统多样性	⼔	⼔	U+2F14	KANGXI RADICAL SPOON	So	Han	Kangxi Radicals	3.0	false	false	true	true	
1611	区块与文字系统多样性	⼖	⼖	U+2F16	KANGXI RADICAL HIDING ENCLOSURE	So	Han	Kangxi Radicals	3.0	false	false	true	true	
1612	区块与文字系统多样性	⼗	⼗	U+2F17	KANGXI RADICAL TEN	So	Han	Kangxi Radicals	3.0	false	false	true	true	
1613	区块与文字系统多样性	⼘	⼘	U+2F18	KANGXI RADICAL DIVINATION	So	Han	Kangxi Radicals	3.0	false	false	true	true	
1614	区块与文字系统多样性	⼙	⼙	U+2F19	KANGXI RADICAL SEAL	So	Han	Kangxi Radicals	3.0	false	false	true	true	
1615	区块与文字系统多样性	⼚	⼚	U+2F1A	KANGXI RADICAL CLIFF	So	Han	Kangxi Radicals	3.0	false	false	true	true	
1616	区块与文字系统多样性	⼛	⼛	U+2F1B	KANGXI RADICAL PRIVATE	So	Han	Kangxi Radicals	3.0	false	false	true	true	
1617	区块与文字系统多样性	⼜	⼜	U+2F1C	KANGXI RADICAL AGAIN	So	Han	Kangxi Radicals	3.0	false	false	true	true	
1618	区块与文字系统多样性	⼝	⼝	U+2F1D	KANGXI RADICAL MOUTH	So	Han	Kangxi Radicals	3.0	false	false	true	true	
1619	区块与文字系统多样性	⼞	⼞	U+2F1E	KANGXI RADICAL ENCLOSURE	So	Han	Kangxi Radicals	3.0	false	false	true	true	
1620	区块与文字系统多样性	⼟	⼟	U+2F1F	KANGXI RADICAL EARTH	So	Han	Kangxi Radicals	3.0	false	false	true	true	
1621	区块与文字系统多样性	⼠	⼠	U+2F20	KANGXI RADICAL SCHOLAR	So	Han	Kangxi Radicals	3.0	false	false	true	true	
1622	区块与文字系统多样性	⼡	⼡	U+2F21	KANGXI RADICAL GO	So	Han	Kangxi Radicals	3.0	false	false	true	true	
1623	区块与文字系统多样性	⼢	⼢	U+2F22	KANGXI RADICAL GO SLOWLY	So	Han	Kangxi Radicals	3.0	false	false	true	true	
1624	区块与文字系统多样性	⼣	⼣	U+2F23	KANGXI RADICAL EVENING	So	Han	Kangxi Radicals	3.0	false	false	true	true	
1625	区块与文字系统多样性	⼤	⼤	U+2F24	KANGXI RADICAL BIG	So	Han	Kangxi Radicals	3.0	false	false	true	true	
1626	区块与文字系统多样性	⼥	⼥	U+2F25	KANGXI RADICAL WOMAN	So	Han	Kangxi Radicals	3.0	false	false	true	true	
1627	区块与文字系统多样性	⼦	⼦	U+2F26	KANGXI RADICAL CHILD	So	Han	Kangxi Radicals	3.0	false	false	true	true	
1628	区块与文字系统多样性	⼧	⼧	U+2F27	KANGXI RADICAL ROOF	So	Han	Kangxi Radicals	3.0	false	false	true	true	
1629	区块与文字系统多样性	⼨	⼨	U+2F28	KANGXI RADICAL INCH	So	Han	Kangxi Radicals	3.0	false	false	true	true	
1630	区块与文字系统多样性	⼩	⼩	U+2F29	KANGXI RADICAL SMALL	So	Han	Kangxi Radicals	3.0	false	false	true	true	
1631	区块与文字系统多样性	⼪	⼪	U+2F2A	KANGXI RADICAL LAME	So	Han	Kangxi Radicals	3.0	false	false	true	true	
1632	区块与文字系统多样性	⼫	⼫	U+2F2B	KANGXI RADICAL CORPSE	So	Han	Kangxi Radicals	3.0	false	false	true	true	
1633	区块与文字系统多样性	⼬	⼬	U+2F2C	KANGXI RADICAL SPROUT	So	Han	Kangxi Radicals	3.0	false	false	true	true	
1634	区块与文字系统多样性	⼭	⼭	U+2F2D	KANGXI RADICAL MOUNTAIN	So	Han	Kangxi Radicals	3.0	false	false	true	true	
1635	区块与文字系统多样性	⼮	⼮	U+2F2E	KANGXI RADICAL RIVER	So	Han	Kangxi Radicals	3.0	false	false	true	true	
1636	区块与文字系统多样性	⼯	⼯	U+2F2F	KANGXI RADICAL WORK	So	Han	Kangxi Radicals	3.0	false	false	true	true	
1637	区块与文字系统多样性	⼰	⼰	U+2F30	KANGXI RADICAL ONESELF	So	Han	Kangxi Radicals	3.0	false	false	true	true	
1638	区块与文字系统多样性	⼱	⼱	U+2F31	KANGXI RADICAL TURBAN	So	Han	Kangxi Radicals	3.0	false	false	true	true	
1639	区块与文字系统多样性	⼲	⼲	U+2F32	KANGXI RADICAL DRY	So	Han	Kangxi Radicals	3.0	false	false	true	true	
1640	区块与文字系统多样性	⼳	⼳	U+2F33	KANGXI RADICAL SHORT THREAD	So	Han	Kangxi Radicals	3.0	false	false	true	true	
1641	区块与文字系统多样性	꒐	꒐	U+A490	YI RADICAL QOT	So	Yi	Yi Radicals	3.0	false	false	true	true	
1642	区块与文字系统多样性	꒑	꒑	U+A491	YI RADICAL LI	So	Yi	Yi Radicals	3.0	false	false	true	true	
1643	区块与文字系统多样性	꒒	꒒	U+A492	YI RADICAL KIT	So	Yi	Yi Radicals	3.0	false	false	true	true	
1644	区块与文字系统多样性	꒓	꒓	U+A493	YI RADICAL NYIP	So	Yi	Yi Radicals	3.0	false	false	true	true	
1645	区块与文字系统多样性	꒔	꒔	U+A494	YI RADICAL CYP	So	Yi	Yi Radicals	3.0	false	false	true	true	
1646	区块与文字系统多样性	꒕	꒕	U+A495	YI RADICAL SSI	So	Yi	Yi Radicals	3.0	false	false	true	true	
1647	区块与文字系统多样性	꒖	꒖	U+A496	YI RADICAL GGOP	So	Yi	Yi Radicals	3.0	false	false	true	true	
1648	区块与文字系统多样性	꒗	꒗	U+A497	YI RADICAL GEP	So	Yi	Yi Radicals	3.0	false	false	true	true	
1649	区块与文字系统多样性	꒘	꒘	U+A498	YI RADICAL MI	So	Yi	Yi Radicals	3.0	false	false	true	true	
1650	区块与文字系统多样性	꒙	꒙	U+A499	YI RADICAL HXIT	So	Yi	Yi Radicals	3.0	false	false	true	true	
1651	区块与文字系统多样性	꒚	꒚	U+A49A	YI RADICAL LYR	So	Yi	Yi Radicals	3.0	false	false	true	true	
1652	区块与文字系统多样性	꒛	꒛	U+A49B	YI RADICAL BBUT	So	Yi	Yi Radicals	3.0	false	false	true	true	
1653	区块与文字系统多样性	꒜	꒜	U+A49C	YI RADICAL MOP	So	Yi	Yi Radicals	3.0	false	false	true	true	
1654	区块与文字系统多样性	꒝	꒝	U+A49D	YI RADICAL YO	So	Yi	Yi Radicals	3.0	false	false	true	true	
1655	区块与文字系统多样性	꒞	꒞	U+A49E	YI RADICAL PUT	So	Yi	Yi Radicals	3.0	false	false	true	true	
1656	区块与文字系统多样性	꒟	꒟	U+A49F	YI RADICAL HXUO	So	Yi	Yi Radicals	3.0	false	false	true	true	
1657	区块与文字系统多样性	꒠	꒠	U+A4A0	YI RADICAL TAT	So	Yi	Yi Radicals	3.0	false	false	true	true	
1658	区块与文字系统多样性	꒡	꒡	U+A4A1	YI RADICAL GA	So	Yi	Yi Radicals	3.0	false	false	true	true	
1659	区块与文字系统多样性	꒣	꒣	U+A4A3	YI RADICAL CYT	So	Yi	Yi Radicals	3.2	false	false	true	true	
1660	区块与文字系统多样性	꒤	꒤	U+A4A4	YI RADICAL DDUR	So	Yi	Yi Radicals	3.0	false	false	true	true	
1661	区块与文字系统多样性	꒥	꒥	U+A4A5	YI RADICAL BUR	So	Yi	Yi Radicals	3.0	false	false	true	true	
1662	区块与文字系统多样性	꒦	꒦	U+A4A6	YI RADICAL GGUO	So	Yi	Yi Radicals	3.0	false	false	true	true	
1663	区块与文字系统多样性	꒧	꒧	U+A4A7	YI RADICAL NYOP	So	Yi	Yi Radicals	3.0	false	false	true	true	
1664	区块与文字系统多样性	꒨	꒨	U+A4A8	YI RADICAL TU	So	Yi	Yi Radicals	3.0	false	false	true	true	
1665	区块与文字系统多样性	꒩	꒩	U+A4A9	YI RADICAL OP	So	Yi	Yi Radicals	3.0	false	false	true	true	
1666	区块与文字系统多样性	꒪	꒪	U+A4AA	YI RADICAL JJUT	So	Yi	Yi Radicals	3.0	false	false	true	true	
1667	区块与文字系统多样性	꒫	꒫	U+A4AB	YI RADICAL ZOT	So	Yi	Yi Radicals	3.0	false	false	true	true	
1668	区块与文字系统多样性	꒬	꒬	U+A4AC	YI RADICAL PYT	So	Yi	Yi Radicals	3.0	false	false	true	true	
1669	区块与文字系统多样性	꒭	꒭	U+A4AD	YI RADICAL HMO	So	Yi	Yi Radicals	3.0	false	false	true	true	
1670	区块与文字系统多样性	꒮	꒮	U+A4AE	YI RADICAL YIT	So	Yi	Yi Radicals	3.0	false	false	true	true	
1671	区块与文字系统多样性	꒯	꒯	U+A4AF	YI RADICAL VUR	So	Yi	Yi Radicals	3.0	false	false	true	true	
1672	区块与文字系统多样性	꒰	꒰	U+A4B0	YI RADICAL SHY	So	Yi	Yi Radicals	3.0	false	false	true	true	
1673	区块与文字系统多样性	꒱	꒱	U+A4B1	YI RADICAL VEP	So	Yi	Yi Radicals	3.0	false	false	true	true	
1674	区块与文字系统多样性	꒲	꒲	U+A4B2	YI RADICAL ZA	So	Yi	Yi Radicals	3.0	false	false	true	true	
1675	区块与文字系统多样性	꒳	꒳	U+A4B3	YI RADICAL JO	So	Yi	Yi Radicals	3.0	false	false	true	true	
1676	区块与文字系统多样性	꒵	꒵	U+A4B5	YI RADICAL JJY	So	Yi	Yi Radicals	3.0	false	false	true	true	
1677	区块与文字系统多样性	꒶	꒶	U+A4B6	YI RADICAL GOT	So	Yi	Yi Radicals	3.0	false	false	true	true	
1678	区块与文字系统多样性	꒷	꒷	U+A4B7	YI RADICAL JJIE	So	Yi	Yi Radicals	3.0	false	false	true	true	
1679	区块与文字系统多样性	꒸	꒸	U+A4B8	YI RADICAL WO	So	Yi	Yi Radicals	3.0	false	false	true	true	
1680	区块与文字系统多样性	꒹	꒹	U+A4B9	YI RADICAL DU	So	Yi	Yi Radicals	3.0	false	false	true	true	
1681	区块与文字系统多样性	꒺	꒺	U+A4BA	YI RADICAL SHUR	So	Yi	Yi Radicals	3.0	false	false	true	true	
1682	区块与文字系统多样性	꒻	꒻	U+A4BB	YI RADICAL LIE	So	Yi	Yi Radicals	3.0	false	false	true	true	
1683	区块与文字系统多样性	꒼	꒼	U+A4BC	YI RADICAL CY	So	Yi	Yi Radicals	3.0	false	false	true	true	
1684	区块与文字系统多样性	꒽	꒽	U+A4BD	YI RADICAL CUOP	So	Yi	Yi Radicals	3.0	false	false	true	true	
1685	区块与文字系统多样性	꒾	꒾	U+A4BE	YI RADICAL CIP	So	Yi	Yi Radicals	3.0	false	false	true	true	
1686	区块与文字系统多样性	꒿	꒿	U+A4BF	YI RADICAL HXOP	So	Yi	Yi Radicals	3.0	false	false	true	true	
1687	区块与文字系统多样性	꓀	꓀	U+A4C0	YI RADICAL SHAT	So	Yi	Yi Radicals	3.0	false	false	true	true	
1688	区块与文字系统多样性	꓁	꓁	U+A4C1	YI RADICAL ZUR	So	Yi	Yi Radicals	3.2	false	false	true	true	
1689	区块与文字系统多样性	꓂	꓂	U+A4C2	YI RADICAL SHOP	So	Yi	Yi Radicals	3.0	false	false	true	true	
1690	区块与文字系统多样性	꓃	꓃	U+A4C3	YI RADICAL CHE	So	Yi	Yi Radicals	3.0	false	false	true	true	
1691	区块与文字系统多样性	꓄	꓄	U+A4C4	YI RADICAL ZZIET	So	Yi	Yi Radicals	3.0	false	false	true	true	
1692	区块与文字系统多样性	꓅	꓅	U+A4C5	YI RADICAL NBIE	So	Yi	Yi Radicals	3.2	false	false	true	true	
1693	区块与文字系统多样性	꓆	꓆	U+A4C6	YI RADICAL KE	So	Yi	Yi Radicals	3.0	false	false	true	true	
1694	区块与文字系统多样性	꠨	꠨	U+A828	SYLOTI NAGRI POETRY MARK-1	So	Syloti_Nagri	Syloti Nagri	4.1	false	false	true	true	
1695	区块与文字系统多样性	꠩	꠩	U+A829	SYLOTI NAGRI POETRY MARK-2	So	Syloti_Nagri	Syloti Nagri	4.1	false	false	true	true	
1696	区块与文字系统多样性	꠪	꠪	U+A82A	SYLOTI NAGRI POETRY MARK-3	So	Syloti_Nagri	Syloti Nagri	4.1	false	false	true	true	
1697	区块与文字系统多样性	꠫	꠫	U+A82B	SYLOTI NAGRI POETRY MARK-4	So	Syloti_Nagri	Syloti Nagri	4.1	false	false	true	true	
1698	区块与文字系统多样性	꩷	꩷	U+AA77	MYANMAR SYMBOL AITON EXCLAMATION	So	Myanmar	Myanmar Extended-A	5.2	false	false	true	true	
1699	区块与文字系统多样性	꩸	꩸	U+AA78	MYANMAR SYMBOL AITON ONE	So	Myanmar	Myanmar Extended-A	5.2	false	false	true	true	
1700	区块与文字系统多样性	꩹	꩹	U+AA79	MYANMAR SYMBOL AITON TWO	So	Myanmar	Myanmar Extended-A	5.2	false	false	true	true	
1701	区块与文字系统多样性	﷽	﷽	U+FDFD	ARABIC LIGATURE BISMILLAH AR-RAHMAN AR-RAHEEM	So	Arabic	Arabic Presentation Forms-A	4.0	false	false	true	true	
1702	区块与文字系统多样性	𐫈	𐫈	U+10AC8	MANICHAEAN SIGN UD	So	Manichaean	Manichaean	7.0	false	false	true	true	
1703	区块与文字系统多样性	𑜿	𑜿	U+1173F	AHOM SYMBOL VI	So	Ahom	Ahom	8.0	false	false	true	true	
1704	区块与文字系统多样性	𑿕	𑿕	U+11FD5	TAMIL SIGN NEL	So	Tamil	Tamil Supplement	12.0	false	false	true	true	
1705	区块与文字系统多样性	𑿖	𑿖	U+11FD6	TAMIL SIGN CEVITU	So	Tamil	Tamil Supplement	12.0	false	false	true	true	
1706	区块与文字系统多样性	𑿗	𑿗	U+11FD7	TAMIL SIGN AAZHAAKKU	So	Tamil	Tamil Supplement	12.0	false	false	true	true	
1707	区块与文字系统多样性	𑿘	𑿘	U+11FD8	TAMIL SIGN UZHAKKU	So	Tamil	Tamil Supplement	12.0	false	false	true	true	
1708	区块与文字系统多样性	𑿙	𑿙	U+11FD9	TAMIL SIGN MUUVUZHAKKU	So	Tamil	Tamil Supplement	12.0	false	false	true	true	
1709	区块与文字系统多样性	𑿚	𑿚	U+11FDA	TAMIL SIGN KURUNI	So	Tamil	Tamil Supplement	12.0	false	false	true	true	
1710	区块与文字系统多样性	𑿛	𑿛	U+11FDB	TAMIL SIGN PATHAKKU	So	Tamil	Tamil Supplement	12.0	false	false	true	true	
1711	区块与文字系统多样性	𑿜	𑿜	U+11FDC	TAMIL SIGN MUKKURUNI	So	Tamil	Tamil Supplement	12.0	false	false	true	true	
1712	区块与文字系统多样性	𑿡	𑿡	U+11FE1	TAMIL SIGN PAARAM	So	Tamil	Tamil Supplement	12.0	false	false	true	true	
1713	区块与文字系统多样性	𑿢	𑿢	U+11FE2	TAMIL SIGN KUZHI	So	Tamil	Tamil Supplement	12.0	false	false	true	true	
1714	区块与文字系统多样性	𑿣	𑿣	U+11FE3	TAMIL SIGN VELI	So	Tamil	Tamil Supplement	12.0	false	false	true	true	
1715	区块与文字系统多样性	𑿤	𑿤	U+11FE4	TAMIL WET CULTIVATION SIGN	So	Tamil	Tamil Supplement	12.0	false	false	true	true	
1716	区块与文字系统多样性	𑿥	𑿥	U+11FE5	TAMIL DRY CULTIVATION SIGN	So	Tamil	Tamil Supplement	12.0	false	false	true	true	
1717	区块与文字系统多样性	𑿦	𑿦	U+11FE6	TAMIL LAND SIGN	So	Tamil	Tamil Supplement	12.0	false	false	true	true	
1718	区块与文字系统多样性	𑿧	𑿧	U+11FE7	TAMIL SALT PAN SIGN	So	Tamil	Tamil Supplement	12.0	false	false	true	true	
1719	区块与文字系统多样性	𑿨	𑿨	U+11FE8	TAMIL TRADITIONAL CREDIT SIGN	So	Tamil	Tamil Supplement	12.0	false	false	true	true	
1720	区块与文字系统多样性	𑿩	𑿩	U+11FE9	TAMIL TRADITIONAL NUMBER SIGN	So	Tamil	Tamil Supplement	12.0	false	false	true	true	
1721	区块与文字系统多样性	𑿪	𑿪	U+11FEA	TAMIL CURRENT SIGN	So	Tamil	Tamil Supplement	12.0	false	false	true	true	
1722	区块与文字系统多样性	𑿫	𑿫	U+11FEB	TAMIL AND ODD SIGN	So	Tamil	Tamil Supplement	12.0	false	false	true	true	
1723	区块与文字系统多样性	𑿬	𑿬	U+11FEC	TAMIL SPENT SIGN	So	Tamil	Tamil Supplement	12.0	false	false	true	true	
1724	区块与文字系统多样性	𑿭	𑿭	U+11FED	TAMIL TOTAL SIGN	So	Tamil	Tamil Supplement	12.0	false	false	true	true	
1725	区块与文字系统多样性	𑿮	𑿮	U+11FEE	TAMIL IN POSSESSION SIGN	So	Tamil	Tamil Supplement	12.0	false	false	true	true	
1726	区块与文字系统多样性	𑿰	𑿰	U+11FF0	TAMIL SIGN MUTHALIYA	So	Tamil	Tamil Supplement	12.0	false	false	true	true	
1727	区块与文字系统多样性	𑿱	𑿱	U+11FF1	TAMIL SIGN VAKAIYARAA	So	Tamil	Tamil Supplement	12.0	false	false	true	true	
1728	区块与文字系统多样性	𖬼	𖬼	U+16B3C	PAHAWH HMONG SIGN XYEEM NTXIV	So	Pahawh_Hmong	Pahawh Hmong	7.0	false	false	true	true	
1729	区块与文字系统多样性	𖬽	𖬽	U+16B3D	PAHAWH HMONG SIGN XYEEM RHO	So	Pahawh_Hmong	Pahawh Hmong	7.0	false	false	true	true	
1730	区块与文字系统多样性	𖬾	𖬾	U+16B3E	PAHAWH HMONG SIGN XYEEM TOV	So	Pahawh_Hmong	Pahawh Hmong	7.0	false	false	true	true	
1731	区块与文字系统多样性	𖬿	𖬿	U+16B3F	PAHAWH HMONG SIGN XYEEM FAIB	So	Pahawh_Hmong	Pahawh Hmong	7.0	false	false	true	true	
1732	区块与文字系统多样性	𖭅	𖭅	U+16B45	PAHAWH HMONG SIGN CIM TSOV ROG	So	Pahawh_Hmong	Pahawh Hmong	7.0	false	false	true	true	
1733	形态词命中	Ɲ	Ɲ	U+019D	LATIN CAPITAL LETTER N WITH LEFT HOOK	Lu	Latin	Latin Extended-B	1.1	false	false	true	true	方向,曲线
1734	形态词命中	ϒ	ϒ	U+03D2	GREEK UPSILON WITH HOOK SYMBOL	Lu	Greek	Greek and Coptic	1.1	false	false	true	true	方向,曲线
1735	形态词命中	ϓ	ϓ	U+03D3	GREEK UPSILON WITH ACUTE AND HOOK SYMBOL	Lu	Greek	Greek and Coptic	1.1	false	false	true	true	方向,曲线
1736	形态词命中	ϔ	ϔ	U+03D4	GREEK UPSILON WITH DIAERESIS AND HOOK SYMBOL	Lu	Greek	Greek and Coptic	1.1	false	false	true	true	方向,曲线
1737	形态词命中	Ͼ	Ͼ	U+03FE	GREEK CAPITAL DOTTED LUNATE SIGMA SYMBOL	Lu	Greek	Greek and Coptic	4.1	false	false	true	true	点
1738	形态词命中	Ͽ	Ͽ	U+03FF	GREEK CAPITAL REVERSED DOTTED LUNATE SIGMA SYMBOL	Lu	Greek	Greek and Coptic	4.1	false	false	true	true	点
1739	形态词命中	Ӻ	Ӻ	U+04FA	CYRILLIC CAPITAL LETTER GHE WITH STROKE AND HOOK	Lu	Cyrillic	Cyrillic	5.0	false	false	true	true	线,曲线
1740	形态词命中	Ԩ	Ԩ	U+0528	CYRILLIC CAPITAL LETTER EN WITH LEFT HOOK	Lu	Cyrillic	Cyrillic Supplement	7.0	false	false	true	true	方向,曲线
1741	形态词命中	Ⱡ	Ⱡ	U+2C60	LATIN CAPITAL LETTER L WITH DOUBLE BAR	Lu	Latin	Latin Extended-C	5.0	false	false	true	true	线,对称
1742	形态词命中	𐞘	𐞘	U+10798	MODIFIER LETTER SMALL DOTLESS J WITH STROKE AND HOOK	Lm	Latin	Latin Extended-F	14.0	false	false	true	true	点,线,曲线
1743	形态词命中	𐩽	𐩽	U+10A7D	OLD SOUTH ARABIAN NUMBER ONE	No	Old_South_Arabian	Old South Arabian	5.2	false	false	true	true	方向
1744	形态词命中	𐩾	𐩾	U+10A7E	OLD SOUTH ARABIAN NUMBER FIFTY	No	Old_South_Arabian	Old South Arabian	5.2	false	false	true	true	方向
1745	形态词命中	𐪝	𐪝	U+10A9D	OLD NORTH ARABIAN NUMBER ONE	No	Old_North_Arabian	Old North Arabian	7.0	false	false	true	true	方向
1746	形态词命中	𐪞	𐪞	U+10A9E	OLD NORTH ARABIAN NUMBER TEN	No	Old_North_Arabian	Old North Arabian	7.0	false	false	true	true	方向
1747	形态词命中	𐪟	𐪟	U+10A9F	OLD NORTH ARABIAN NUMBER TWENTY	No	Old_North_Arabian	Old North Arabian	7.0	false	false	true	true	方向
1748	形态词命中	𑇡	𑇡	U+111E1	SINHALA ARCHAIC DIGIT ONE	No	Sinhala	Sinhala Archaic Numbers	7.0	false	false	true	true	线
1749	形态词命中	𑇢	𑇢	U+111E2	SINHALA ARCHAIC DIGIT TWO	No	Sinhala	Sinhala Archaic Numbers	7.0	false	false	true	true	线
1750	形态词命中	𑇣	𑇣	U+111E3	SINHALA ARCHAIC DIGIT THREE	No	Sinhala	Sinhala Archaic Numbers	7.0	false	false	true	true	线
1751	形态词命中	𑇤	𑇤	U+111E4	SINHALA ARCHAIC DIGIT FOUR	No	Sinhala	Sinhala Archaic Numbers	7.0	false	false	true	true	线
1752	形态词命中	𑇥	𑇥	U+111E5	SINHALA ARCHAIC DIGIT FIVE	No	Sinhala	Sinhala Archaic Numbers	7.0	false	false	true	true	线
1753	形态词命中	𑇦	𑇦	U+111E6	SINHALA ARCHAIC DIGIT SIX	No	Sinhala	Sinhala Archaic Numbers	7.0	false	false	true	true	线
1754	形态词命中	𑇧	𑇧	U+111E7	SINHALA ARCHAIC DIGIT SEVEN	No	Sinhala	Sinhala Archaic Numbers	7.0	false	false	true	true	线
1755	形态词命中	𑇨	𑇨	U+111E8	SINHALA ARCHAIC DIGIT EIGHT	No	Sinhala	Sinhala Archaic Numbers	7.0	false	false	true	true	线
1756	形态词命中	𑇩	𑇩	U+111E9	SINHALA ARCHAIC DIGIT NINE	No	Sinhala	Sinhala Archaic Numbers	7.0	false	false	true	true	线
1757	形态词命中	𑇪	𑇪	U+111EA	SINHALA ARCHAIC NUMBER TEN	No	Sinhala	Sinhala Archaic Numbers	7.0	false	false	true	true	线
1758	形态词命中	𑇫	𑇫	U+111EB	SINHALA ARCHAIC NUMBER TWENTY	No	Sinhala	Sinhala Archaic Numbers	7.0	false	false	true	true	线
1759	形态词命中	𑇬	𑇬	U+111EC	SINHALA ARCHAIC NUMBER THIRTY	No	Sinhala	Sinhala Archaic Numbers	7.0	false	false	true	true	线
1760	形态词命中	𑇭	𑇭	U+111ED	SINHALA ARCHAIC NUMBER FORTY	No	Sinhala	Sinhala Archaic Numbers	7.0	false	false	true	true	线
1761	形态词命中	𑇮	𑇮	U+111EE	SINHALA ARCHAIC NUMBER FIFTY	No	Sinhala	Sinhala Archaic Numbers	7.0	false	false	true	true	线
1762	形态词命中	𑇯	𑇯	U+111EF	SINHALA ARCHAIC NUMBER SIXTY	No	Sinhala	Sinhala Archaic Numbers	7.0	false	false	true	true	线
1763	形态词命中	𑇰	𑇰	U+111F0	SINHALA ARCHAIC NUMBER SEVENTY	No	Sinhala	Sinhala Archaic Numbers	7.0	false	false	true	true	线
1764	形态词命中	𑇱	𑇱	U+111F1	SINHALA ARCHAIC NUMBER EIGHTY	No	Sinhala	Sinhala Archaic Numbers	7.0	false	false	true	true	线
1765	形态词命中	𑇲	𑇲	U+111F2	SINHALA ARCHAIC NUMBER NINETY	No	Sinhala	Sinhala Archaic Numbers	7.0	false	false	true	true	线
1766	形态词命中	𑇳	𑇳	U+111F3	SINHALA ARCHAIC NUMBER ONE HUNDRED	No	Sinhala	Sinhala Archaic Numbers	7.0	false	false	true	true	线
1767	形态词命中	𑇴	𑇴	U+111F4	SINHALA ARCHAIC NUMBER ONE THOUSAND	No	Sinhala	Sinhala Archaic Numbers	7.0	false	false	true	true	线
1768	形态词命中	𑿔	𑿔	U+11FD4	TAMIL FRACTION DOWNSCALING FACTOR KIIZH	No	Tamil	Tamil Supplement	12.0	false	false	true	true	方向
1769	形态词命中	ɟ	ɟ	U+025F	LATIN SMALL LETTER DOTLESS J WITH STROKE	Ll	Latin	IPA Extensions	1.1	false	false	true	true	点,线
1770	形态词命中	ɲ	ɲ	U+0272	LATIN SMALL LETTER N WITH LEFT HOOK	Ll	Latin	IPA Extensions	1.1	false	false	true	true	方向,曲线
1771	形态词命中	ͼ	ͼ	U+037C	GREEK SMALL DOTTED LUNATE SIGMA SYMBOL	Ll	Greek	Greek and Coptic	5.0	false	false	true	true	点
1772	形态词命中	ͽ	ͽ	U+037D	GREEK SMALL REVERSED DOTTED LUNATE SIGMA SYMBOL	Ll	Greek	Greek and Coptic	5.0	false	false	true	true	点
1773	形态词命中	ӻ	ӻ	U+04FB	CYRILLIC SMALL LETTER GHE WITH STROKE AND HOOK	Ll	Cyrillic	Cyrillic	5.0	false	false	true	true	线,曲线
1774	形态词命中	ԩ	ԩ	U+0529	CYRILLIC SMALL LETTER EN WITH LEFT HOOK	Ll	Cyrillic	Cyrillic Supplement	7.0	false	false	true	true	方向,曲线
1775	形态词命中	ᵳ	ᵳ	U+1D73	LATIN SMALL LETTER R WITH FISHHOOK AND MIDDLE TILDE	Ll	Latin	Phonetic Extensions	4.1	false	false	true	true	线,曲线
1776	形态词命中	ᵿ	ᵿ	U+1D7F	LATIN SMALL LETTER UPSILON WITH STROKE	Ll	Latin	Phonetic Extensions	4.1	false	false	true	true	线,方向
1777	形态词命中	ẚ	ẚ	U+1E9A	LATIN SMALL LETTER A WITH RIGHT HALF RING	Ll	Latin	Latin Extended Additional	1.1	false	false	true	true	圆,方向
1778	形态词命中	ⱡ	ⱡ	U+2C61	LATIN SMALL LETTER L WITH DOUBLE BAR	Ll	Latin	Latin Extended-C	5.0	false	false	true	true	线,对称
1779	形态词命中	ⱱ	ⱱ	U+2C71	LATIN SMALL LETTER V WITH RIGHT HOOK	Ll	Latin	Latin Extended-C	5.1	false	false	true	true	方向,曲线
1780	形态词命中	ꬸ	ꬸ	U+AB38	LATIN SMALL LETTER L WITH DOUBLE MIDDLE TILDE	Ll	Latin	Latin Extended-E	7.0	false	false	true	true	线,对称
1781	形态词命中	ꭊ	ꭊ	U+AB4A	LATIN SMALL LETTER DOUBLE R WITH CROSSED-TAIL	Ll	Latin	Latin Extended-E	7.0	false	false	true	true	对称
1782	形态词命中	ꭏ	ꭏ	U+AB4F	LATIN SMALL LETTER U BAR WITH SHORT RIGHT LEG	Ll	Latin	Latin Extended-E	7.0	false	false	true	true	线,方向
1783	形态词命中	ꭒ	ꭒ	U+AB52	LATIN SMALL LETTER U WITH LEFT HOOK	Ll	Latin	Latin Extended-E	7.0	false	false	true	true	方向,曲线
1784	形态词命中	ꭔ	ꭔ	U+AB54	LATIN SMALL LETTER CHI WITH LOW RIGHT RING	Ll	Latin	Latin Extended-E	7.0	false	false	true	true	圆,方向
1785	形态词命中	ꭖ	ꭖ	U+AB56	LATIN SMALL LETTER X WITH LOW RIGHT RING	Ll	Latin	Latin Extended-E	7.0	false	false	true	true	圆,方向
1786	形态词命中	𝼋	𝼋	U+1DF0B	LATIN SMALL LETTER ESH WITH DOUBLE BAR	Ll	Latin	Latin Extended-G	14.0	false	false	true	true	线,对称
1787	形态词命中	𝼚	𝼚	U+1DF1A	LATIN SMALL LETTER I WITH STROKE AND RETROFLEX HOOK	Ll	Latin	Latin Extended-G	14.0	false	false	true	true	线,曲线
1788	形态词命中	𝼥	𝼥	U+1DF25	LATIN SMALL LETTER D WITH MID-HEIGHT LEFT HOOK	Ll	Latin	Latin Extended-G	15.0	false	false	true	true	方向,曲线
1789	形态词命中	𝼦	𝼦	U+1DF26	LATIN SMALL LETTER L WITH MID-HEIGHT LEFT HOOK	Ll	Latin	Latin Extended-G	15.0	false	false	true	true	方向,曲线
1790	形态词命中	𝼧	𝼧	U+1DF27	LATIN SMALL LETTER N WITH MID-HEIGHT LEFT HOOK	Ll	Latin	Latin Extended-G	15.0	false	false	true	true	方向,曲线
1791	形态词命中	𝼨	𝼨	U+1DF28	LATIN SMALL LETTER R WITH MID-HEIGHT LEFT HOOK	Ll	Latin	Latin Extended-G	15.0	false	false	true	true	方向,曲线
1792	形态词命中	𝼩	𝼩	U+1DF29	LATIN SMALL LETTER S WITH MID-HEIGHT LEFT HOOK	Ll	Latin	Latin Extended-G	15.0	false	false	true	true	方向,曲线
1793	形态词命中	𝼪	𝼪	U+1DF2A	LATIN SMALL LETTER T WITH MID-HEIGHT LEFT HOOK	Ll	Latin	Latin Extended-G	15.0	false	false	true	true	方向,曲线
1794	形态词命中	ׯ	ׯ	U+05EF	HEBREW YOD TRIANGLE	Lo	Hebrew	Hebrew	11.0	false	false	true	true	角
1795	形态词命中	ٽ	ٽ	U+067D	ARABIC LETTER TEH WITH THREE DOTS ABOVE DOWNWARDS	Lo	Arabic	Arabic	1.1	false	false	true	true	点,方向
1796	形态词命中	ڏ	ڏ	U+068F	ARABIC LETTER DAL WITH THREE DOTS ABOVE DOWNWARDS	Lo	Arabic	Arabic	1.1	false	false	true	true	点,方向
1797	形态词命中	ࢦ	ࢦ	U+08A6	ARABIC LETTER LAM WITH DOUBLE BAR	Lo	Arabic	Arabic Extended-A	6.1	false	false	true	true	线,对称
1798	形态词命中	ᐣ	ᐣ	U+1423	CANADIAN SYLLABICS FINAL RIGHT HALF RING	Lo	Canadian_Aboriginal	Unified Canadian Aboriginal Syllabics	3.0	false	false	true	true	圆,方向
1799	形态词命中	ᐦ	ᐦ	U+1426	CANADIAN SYLLABICS FINAL DOUBLE SHORT VERTICAL STROKES	Lo	Canadian_Aboriginal	Unified Canadian Aboriginal Syllabics	3.0	false	false	true	true	线,对称
1800	形态词命中	ᛀ	ᛀ	U+16C0	RUNIC LETTER DOTTED-N	Lo	Runic	Runic	3.0	false	false	true	true	点
1801	形态词命中	ᛔ	ᛔ	U+16D4	RUNIC LETTER DOTTED-P	Lo	Runic	Runic	3.0	false	false	true	true	点
1802	形态词命中	ᛛ	ᛛ	U+16DB	RUNIC LETTER DOTTED-L	Lo	Runic	Runic	3.0	false	false	true	true	点
1803	形态词命中	ᭌ	ᭌ	U+1B4C	BALINESE LETTER ARCHAIC JNYA	Lo	Balinese	Balinese	14.0	false	false	true	true	线
1804	形态词命中	𐂏	𐂏	U+1008F	LINEAR B IDEOGRAM B121 BARLEY	Lo	Linear_B	Linear B Ideograms	4.0	false	false	true	true	线
1805	形态词命中	𐃇	𐃇	U+100C7	LINEAR B IDEOGRAM B231 ARROW	Lo	Linear_B	Linear B Ideograms	4.0	false	false	true	true	线,方向
1806	形态词命中	𛰡	𛰡	U+1BC21	DUPLOYAN LETTER M WITH DOT	Lo	Duployan	Duployan	7.0	false	false	true	true	点,方向
1807	形态词命中	𛰢	𛰢	U+1BC22	DUPLOYAN LETTER N WITH DOT	Lo	Duployan	Duployan	7.0	false	false	true	true	点,方向
1808	形态词命中	𛰣	𛰣	U+1BC23	DUPLOYAN LETTER J WITH DOT	Lo	Duployan	Duployan	7.0	false	false	true	true	点,方向
1809	形态词命中	𛰤	𛰤	U+1BC24	DUPLOYAN LETTER J WITH DOTS INSIDE AND ABOVE	Lo	Duployan	Duployan	7.0	false	false	true	true	点,方向
1810	形态词命中	𛰥	𛰥	U+1BC25	DUPLOYAN LETTER S WITH DOT	Lo	Duployan	Duployan	7.0	false	false	true	true	点,方向
1811	形态词命中	𛰦	𛰦	U+1BC26	DUPLOYAN LETTER S WITH DOT BELOW	Lo	Duployan	Duployan	7.0	false	false	true	true	点,方向
1812	形态词命中	𛰯	𛰯	U+1BC2F	DUPLOYAN LETTER J S WITH DOT	Lo	Duployan	Duployan	7.0	false	false	true	true	点,方向
1813	形态词命中	𛱰	𛱰	U+1BC70	DUPLOYAN AFFIX LEFT HORIZONTAL SECANT	Lo	Duployan	Duployan	7.0	false	false	true	true	方向
1814	形态词命中	𛱲	𛱲	U+1BC72	DUPLOYAN AFFIX RIGHT HORIZONTAL SECANT	Lo	Duployan	Duployan	7.0	false	false	true	true	方向
1815	形态词命中	𛱺	𛱺	U+1BC7A	DUPLOYAN AFFIX ATTACHED E HOOK	Lo	Duployan	Duployan	7.0	false	false	true	true	方向,曲线
1816	形态词命中	𛱻	𛱻	U+1BC7B	DUPLOYAN AFFIX ATTACHED I HOOK	Lo	Duployan	Duployan	7.0	false	false	true	true	方向,曲线
1817	形态词命中	𛱼	𛱼	U+1BC7C	DUPLOYAN AFFIX ATTACHED TANGENT HOOK	Lo	Duployan	Duployan	7.0	false	false	true	true	方向,曲线
1818	形态词命中	𛲄	𛲄	U+1BC84	DUPLOYAN AFFIX HIGH DOT	Lo	Duployan	Duployan	7.0	false	false	true	true	点,方向
1819	形态词命中	𛲅	𛲅	U+1BC85	DUPLOYAN AFFIX HIGH CIRCLE	Lo	Duployan	Duployan	7.0	false	false	true	true	圆,方向
1820	形态词命中	𛲆	𛲆	U+1BC86	DUPLOYAN AFFIX HIGH LINE	Lo	Duployan	Duployan	7.0	false	false	true	true	线,方向
1821	形态词命中	𛲇	𛲇	U+1BC87	DUPLOYAN AFFIX HIGH WAVE	Lo	Duployan	Duployan	7.0	false	false	true	true	线,方向
1822	形态词命中	𛲔	𛲔	U+1BC94	DUPLOYAN AFFIX LOW DOT	Lo	Duployan	Duployan	7.0	false	false	true	true	点,方向
1823	形态词命中	𛲕	𛲕	U+1BC95	DUPLOYAN AFFIX LOW CIRCLE	Lo	Duployan	Duployan	7.0	false	false	true	true	圆,方向
1824	形态词命中	𛲖	𛲖	U+1BC96	DUPLOYAN AFFIX LOW LINE	Lo	Duployan	Duployan	7.0	false	false	true	true	线,方向
1825	形态词命中	𛲗	𛲗	U+1BC97	DUPLOYAN AFFIX LOW WAVE	Lo	Duployan	Duployan	7.0	false	false	true	true	线,方向
1826	形态词命中	𛲙	𛲙	U+1BC99	DUPLOYAN AFFIX LOW ARROW	Lo	Duployan	Duployan	7.0	false	false	true	true	方向
1827	区块与文字系统多样性	϶	϶	U+03F6	GREEK REVERSED LUNATE EPSILON SYMBOL	Sm	Greek	Greek and Coptic	3.2	false	false	true	true	
1828	区块与文字系统多样性	؇	؇	U+0607	ARABIC-INDIC FOURTH ROOT	Sm	Arabic	Arabic	5.1	false	false	true	true	
1829	区块与文字系统多样性	﬩	﬩	U+FB29	HEBREW LETTER ALTERNATIVE PLUS SIGN	Sm	Hebrew	Alphabetic Presentation Forms	1.1	false	false	true	true	
1830	形态词命中	Ċ	Ċ	U+010A	LATIN CAPITAL LETTER C WITH DOT ABOVE	Lu	Latin	Latin Extended-A	1.1	false	false	true	true	点
1831	形态词命中	Đ	Đ	U+0110	LATIN CAPITAL LETTER D WITH STROKE	Lu	Latin	Latin Extended-A	1.1	false	false	true	true	线
1832	形态词命中	Ė	Ė	U+0116	LATIN CAPITAL LETTER E WITH DOT ABOVE	Lu	Latin	Latin Extended-A	1.1	false	false	true	true	点
1833	形态词命中	Ġ	Ġ	U+0120	LATIN CAPITAL LETTER G WITH DOT ABOVE	Lu	Latin	Latin Extended-A	1.1	false	false	true	true	点
1834	形态词命中	Ħ	Ħ	U+0126	LATIN CAPITAL LETTER H WITH STROKE	Lu	Latin	Latin Extended-A	1.1	false	false	true	true	线
1835	形态词命中	Ĩ	Ĩ	U+0128	LATIN CAPITAL LETTER I WITH TILDE	Lu	Latin	Latin Extended-A	1.1	false	false	true	true	线
1836	形态词命中	İ	İ	U+0130	LATIN CAPITAL LETTER I WITH DOT ABOVE	Lu	Latin	Latin Extended-A	1.1	false	false	true	true	点
1837	形态词命中	Ŀ	Ŀ	U+013F	LATIN CAPITAL LETTER L WITH MIDDLE DOT	Lu	Latin	Latin Extended-A	1.1	false	false	true	true	点
1838	形态词命中	Ł	Ł	U+0141	LATIN CAPITAL LETTER L WITH STROKE	Lu	Latin	Latin Extended-A	1.1	false	false	true	true	线
1839	形态词命中	Ő	Ő	U+0150	LATIN CAPITAL LETTER O WITH DOUBLE ACUTE	Lu	Latin	Latin Extended-A	1.1	false	false	true	true	对称
1840	形态词命中	Ŧ	Ŧ	U+0166	LATIN CAPITAL LETTER T WITH STROKE	Lu	Latin	Latin Extended-A	1.1	false	false	true	true	线
1841	形态词命中	Ũ	Ũ	U+0168	LATIN CAPITAL LETTER U WITH TILDE	Lu	Latin	Latin Extended-A	1.1	false	false	true	true	线
1842	形态词命中	Ů	Ů	U+016E	LATIN CAPITAL LETTER U WITH RING ABOVE	Lu	Latin	Latin Extended-A	1.1	false	false	true	true	圆
1843	形态词命中	Ű	Ű	U+0170	LATIN CAPITAL LETTER U WITH DOUBLE ACUTE	Lu	Latin	Latin Extended-A	1.1	false	false	true	true	对称
1844	形态词命中	Ż	Ż	U+017B	LATIN CAPITAL LETTER Z WITH DOT ABOVE	Lu	Latin	Latin Extended-A	1.1	false	false	true	true	点
1845	形态词命中	Ɓ	Ɓ	U+0181	LATIN CAPITAL LETTER B WITH HOOK	Lu	Latin	Latin Extended-B	1.1	false	false	true	true	曲线
1846	形态词命中	Ƃ	Ƃ	U+0182	LATIN CAPITAL LETTER B WITH TOPBAR	Lu	Latin	Latin Extended-B	1.1	false	false	true	true	线
1847	形态词命中	Ƈ	Ƈ	U+0187	LATIN CAPITAL LETTER C WITH HOOK	Lu	Latin	Latin Extended-B	1.1	false	false	true	true	曲线
1848	形态词命中	Ɗ	Ɗ	U+018A	LATIN CAPITAL LETTER D WITH HOOK	Lu	Latin	Latin Extended-B	1.1	false	false	true	true	曲线
1849	形态词命中	Ƌ	Ƌ	U+018B	LATIN CAPITAL LETTER D WITH TOPBAR	Lu	Latin	Latin Extended-B	1.1	false	false	true	true	线
1850	形态词命中	Ƒ	Ƒ	U+0191	LATIN CAPITAL LETTER F WITH HOOK	Lu	Latin	Latin Extended-B	1.1	false	false	true	true	曲线
1851	形态词命中	Ɠ	Ɠ	U+0193	LATIN CAPITAL LETTER G WITH HOOK	Lu	Latin	Latin Extended-B	1.1	false	false	true	true	曲线
1852	形态词命中	Ɨ	Ɨ	U+0197	LATIN CAPITAL LETTER I WITH STROKE	Lu	Latin	Latin Extended-B	1.1	false	false	true	true	线
1853	形态词命中	Ƙ	Ƙ	U+0198	LATIN CAPITAL LETTER K WITH HOOK	Lu	Latin	Latin Extended-B	1.1	false	false	true	true	曲线
1854	形态词命中	Ɵ	Ɵ	U+019F	LATIN CAPITAL LETTER O WITH MIDDLE TILDE	Lu	Latin	Latin Extended-B	1.1	false	false	true	true	线
1855	形态词命中	Ƥ	Ƥ	U+01A4	LATIN CAPITAL LETTER P WITH HOOK	Lu	Latin	Latin Extended-B	1.1	false	false	true	true	曲线
1856	形态词命中	Ƭ	Ƭ	U+01AC	LATIN CAPITAL LETTER T WITH HOOK	Lu	Latin	Latin Extended-B	1.1	false	false	true	true	曲线
1857	形态词命中	Ʈ	Ʈ	U+01AE	LATIN CAPITAL LETTER T WITH RETROFLEX HOOK	Lu	Latin	Latin Extended-B	1.1	false	false	true	true	曲线
1858	形态词命中	Ʊ	Ʊ	U+01B1	LATIN CAPITAL LETTER UPSILON	Lu	Latin	Latin Extended-B	1.1	false	false	true	true	方向
1859	形态词命中	Ʋ	Ʋ	U+01B2	LATIN CAPITAL LETTER V WITH HOOK	Lu	Latin	Latin Extended-B	1.1	false	false	true	true	曲线
1860	形态词命中	Ƴ	Ƴ	U+01B3	LATIN CAPITAL LETTER Y WITH HOOK	Lu	Latin	Latin Extended-B	1.1	false	false	true	true	曲线
1861	形态词命中	Ƶ	Ƶ	U+01B5	LATIN CAPITAL LETTER Z WITH STROKE	Lu	Latin	Latin Extended-B	1.1	false	false	true	true	线
1862	形态词命中	Ǡ	Ǡ	U+01E0	LATIN CAPITAL LETTER A WITH DOT ABOVE AND MACRON	Lu	Latin	Latin Extended-B	1.1	false	false	true	true	点
1863	形态词命中	Ǥ	Ǥ	U+01E4	LATIN CAPITAL LETTER G WITH STROKE	Lu	Latin	Latin Extended-B	1.1	false	false	true	true	线
1864	形态词命中	Ǻ	Ǻ	U+01FA	LATIN CAPITAL LETTER A WITH RING ABOVE AND ACUTE	Lu	Latin	Latin Extended-B	1.1	false	false	true	true	圆
1865	形态词命中	Ǿ	Ǿ	U+01FE	LATIN CAPITAL LETTER O WITH STROKE AND ACUTE	Lu	Latin	Latin Extended-B	1.1	false	false	true	true	线
1866	形态词命中	Ȁ	Ȁ	U+0200	LATIN CAPITAL LETTER A WITH DOUBLE GRAVE	Lu	Latin	Latin Extended-B	1.1	false	false	true	true	对称
1867	形态词命中	Ȅ	Ȅ	U+0204	LATIN CAPITAL LETTER E WITH DOUBLE GRAVE	Lu	Latin	Latin Extended-B	1.1	false	false	true	true	对称
1868	形态词命中	Ȉ	Ȉ	U+0208	LATIN CAPITAL LETTER I WITH DOUBLE GRAVE	Lu	Latin	Latin Extended-B	1.1	false	false	true	true	对称
1869	形态词命中	Ȍ	Ȍ	U+020C	LATIN CAPITAL LETTER O WITH DOUBLE GRAVE	Lu	Latin	Latin Extended-B	1.1	false	false	true	true	对称
1870	形态词命中	Ȑ	Ȑ	U+0210	LATIN CAPITAL LETTER R WITH DOUBLE GRAVE	Lu	Latin	Latin Extended-B	1.1	false	false	true	true	对称
1871	形态词命中	Ȕ	Ȕ	U+0214	LATIN CAPITAL LETTER U WITH DOUBLE GRAVE	Lu	Latin	Latin Extended-B	1.1	false	false	true	true	对称
1872	形态词命中	Ƞ	Ƞ	U+0220	LATIN CAPITAL LETTER N WITH LONG RIGHT LEG	Lu	Latin	Latin Extended-B	3.2	false	false	true	true	方向
1873	形态词命中	Ȥ	Ȥ	U+0224	LATIN CAPITAL LETTER Z WITH HOOK	Lu	Latin	Latin Extended-B	3.0	false	false	true	true	曲线
1874	形态词命中	Ͳ	Ͳ	U+0372	GREEK CAPITAL LETTER ARCHAIC SAMPI	Lu	Greek	Greek and Coptic	5.1	false	false	true	true	线
1875	形态词命中	Ύ	Ύ	U+038E	GREEK CAPITAL LETTER UPSILON WITH TONOS	Lu	Greek	Greek and Coptic	1.1	false	false	true	true	方向
1876	形态词命中	Υ	Υ	U+03A5	GREEK CAPITAL LETTER UPSILON	Lu	Greek	Greek and Coptic	1.1	false	false	true	true	方向
1877	形态词命中	Ϋ	Ϋ	U+03AB	GREEK CAPITAL LETTER UPSILON WITH DIALYTIKA	Lu	Greek	Greek and Coptic	1.1	false	false	true	true	方向
1878	形态词命中	Ϙ	Ϙ	U+03D8	GREEK LETTER ARCHAIC KOPPA	Lu	Greek	Greek and Coptic	3.2	false	false	true	true	线
1879	形态词命中	Ѷ	Ѷ	U+0476	CYRILLIC CAPITAL LETTER IZHITSA WITH DOUBLE GRAVE ACCENT	Lu	Cyrillic	Cyrillic	1.1	false	false	true	true	对称
1880	形态词命中	Ѻ	Ѻ	U+047A	CYRILLIC CAPITAL LETTER ROUND OMEGA	Lu	Cyrillic	Cyrillic	1.1	false	false	true	true	圆
1881	形态词命中	Ґ	Ґ	U+0490	CYRILLIC CAPITAL LETTER GHE WITH UPTURN	Lu	Cyrillic	Cyrillic	1.1	false	false	true	true	方向
1882	形态词命中	Ғ	Ғ	U+0492	CYRILLIC CAPITAL LETTER GHE WITH STROKE	Lu	Cyrillic	Cyrillic	1.1	false	false	true	true	线
1883	形态词命中	Ҕ	Ҕ	U+0494	CYRILLIC CAPITAL LETTER GHE WITH MIDDLE HOOK	Lu	Cyrillic	Cyrillic	1.1	false	false	true	true	曲线
1884	形态词命中	Ҝ	Ҝ	U+049C	CYRILLIC CAPITAL LETTER KA WITH VERTICAL STROKE	Lu	Cyrillic	Cyrillic	1.1	false	false	true	true	线
1885	形态词命中	Ҟ	Ҟ	U+049E	CYRILLIC CAPITAL LETTER KA WITH STROKE	Lu	Cyrillic	Cyrillic	1.1	false	false	true	true	线
1886	形态词命中	Ҧ	Ҧ	U+04A6	CYRILLIC CAPITAL LETTER PE WITH MIDDLE HOOK	Lu	Cyrillic	Cyrillic	1.1	false	false	true	true	曲线
1887	形态词命中	Ұ	Ұ	U+04B0	CYRILLIC CAPITAL LETTER STRAIGHT U WITH STROKE	Lu	Cyrillic	Cyrillic	1.1	false	false	true	true	线
1888	形态词命中	Ҹ	Ҹ	U+04B8	CYRILLIC CAPITAL LETTER CHE WITH VERTICAL STROKE	Lu	Cyrillic	Cyrillic	1.1	false	false	true	true	线
1889	形态词命中	Ӄ	Ӄ	U+04C3	CYRILLIC CAPITAL LETTER KA WITH HOOK	Lu	Cyrillic	Cyrillic	1.1	false	false	true	true	曲线
1890	形态词命中	Ӈ	Ӈ	U+04C7	CYRILLIC CAPITAL LETTER EN WITH HOOK	Lu	Cyrillic	Cyrillic	1.1	false	false	true	true	曲线
1891	形态词命中	Ө	Ө	U+04E8	CYRILLIC CAPITAL LETTER BARRED O	Lu	Cyrillic	Cyrillic	1.1	false	false	true	true	线
1892	形态词命中	Ӫ	Ӫ	U+04EA	CYRILLIC CAPITAL LETTER BARRED O WITH DIAERESIS	Lu	Cyrillic	Cyrillic	1.1	false	false	true	true	线
1893	形态词命中	Ӳ	Ӳ	U+04F2	CYRILLIC CAPITAL LETTER U WITH DOUBLE ACUTE	Lu	Cyrillic	Cyrillic	1.1	false	false	true	true	对称
1894	形态词命中	Ӽ	Ӽ	U+04FC	CYRILLIC CAPITAL LETTER HA WITH HOOK	Lu	Cyrillic	Cyrillic	5.0	false	false	true	true	曲线
1895	形态词命中	Ӿ	Ӿ	U+04FE	CYRILLIC CAPITAL LETTER HA WITH STROKE	Lu	Cyrillic	Cyrillic	5.0	false	false	true	true	线
1896	形态词命中	Ԓ	Ԓ	U+0512	CYRILLIC CAPITAL LETTER EL WITH HOOK	Lu	Cyrillic	Cyrillic Supplement	5.0	false	false	true	true	曲线
1897	形态词命中	Ԡ	Ԡ	U+0520	CYRILLIC CAPITAL LETTER EL WITH MIDDLE HOOK	Lu	Cyrillic	Cyrillic Supplement	5.1	false	false	true	true	曲线
1898	形态词命中	Ԣ	Ԣ	U+0522	CYRILLIC CAPITAL LETTER EN WITH MIDDLE HOOK	Lu	Cyrillic	Cyrillic Supplement	5.1	false	false	true	true	曲线
1899	形态词命中	Ḁ	Ḁ	U+1E00	LATIN CAPITAL LETTER A WITH RING BELOW	Lu	Latin	Latin Extended Additional	1.1	false	false	true	true	圆
1900	形态词命中	Ḃ	Ḃ	U+1E02	LATIN CAPITAL LETTER B WITH DOT ABOVE	Lu	Latin	Latin Extended Additional	1.1	false	false	true	true	点
1901	形态词命中	Ḅ	Ḅ	U+1E04	LATIN CAPITAL LETTER B WITH DOT BELOW	Lu	Latin	Latin Extended Additional	1.1	false	false	true	true	点
1902	形态词命中	Ḇ	Ḇ	U+1E06	LATIN CAPITAL LETTER B WITH LINE BELOW	Lu	Latin	Latin Extended Additional	1.1	false	false	true	true	线
1903	形态词命中	Ḋ	Ḋ	U+1E0A	LATIN CAPITAL LETTER D WITH DOT ABOVE	Lu	Latin	Latin Extended Additional	1.1	false	false	true	true	点
1904	形态词命中	Ḍ	Ḍ	U+1E0C	LATIN CAPITAL LETTER D WITH DOT BELOW	Lu	Latin	Latin Extended Additional	1.1	false	false	true	true	点
1905	形态词命中	Ḏ	Ḏ	U+1E0E	LATIN CAPITAL LETTER D WITH LINE BELOW	Lu	Latin	Latin Extended Additional	1.1	false	false	true	true	线
1906	形态词命中	Ḛ	Ḛ	U+1E1A	LATIN CAPITAL LETTER E WITH TILDE BELOW	Lu	Latin	Latin Extended Additional	1.1	false	false	true	true	线
1907	形态词命中	Ḟ	Ḟ	U+1E1E	LATIN CAPITAL LETTER F WITH DOT ABOVE	Lu	Latin	Latin Extended Additional	1.1	false	false	true	true	点
1908	形态词命中	Ḣ	Ḣ	U+1E22	LATIN CAPITAL LETTER H WITH DOT ABOVE	Lu	Latin	Latin Extended Additional	1.1	false	false	true	true	点
1909	形态词命中	Ḥ	Ḥ	U+1E24	LATIN CAPITAL LETTER H WITH DOT BELOW	Lu	Latin	Latin Extended Additional	1.1	false	false	true	true	点
1910	形态词命中	Ḭ	Ḭ	U+1E2C	LATIN CAPITAL LETTER I WITH TILDE BELOW	Lu	Latin	Latin Extended Additional	1.1	false	false	true	true	线
1911	形态词命中	Ḳ	Ḳ	U+1E32	LATIN CAPITAL LETTER K WITH DOT BELOW	Lu	Latin	Latin Extended Additional	1.1	false	false	true	true	点
1912	形态词命中	Ḵ	Ḵ	U+1E34	LATIN CAPITAL LETTER K WITH LINE BELOW	Lu	Latin	Latin Extended Additional	1.1	false	false	true	true	线
1913	形态词命中	Ḷ	Ḷ	U+1E36	LATIN CAPITAL LETTER L WITH DOT BELOW	Lu	Latin	Latin Extended Additional	1.1	false	false	true	true	点
1914	形态词命中	Ḹ	Ḹ	U+1E38	LATIN CAPITAL LETTER L WITH DOT BELOW AND MACRON	Lu	Latin	Latin Extended Additional	1.1	false	false	true	true	点
1915	形态词命中	Ḻ	Ḻ	U+1E3A	LATIN CAPITAL LETTER L WITH LINE BELOW	Lu	Latin	Latin Extended Additional	1.1	false	false	true	true	线
1916	形态词命中	Ṁ	Ṁ	U+1E40	LATIN CAPITAL LETTER M WITH DOT ABOVE	Lu	Latin	Latin Extended Additional	1.1	false	false	true	true	点
1917	形态词命中	Ṃ	Ṃ	U+1E42	LATIN CAPITAL LETTER M WITH DOT BELOW	Lu	Latin	Latin Extended Additional	1.1	false	false	true	true	点
1918	形态词命中	Ṅ	Ṅ	U+1E44	LATIN CAPITAL LETTER N WITH DOT ABOVE	Lu	Latin	Latin Extended Additional	1.1	false	false	true	true	点
1919	形态词命中	Ṇ	Ṇ	U+1E46	LATIN CAPITAL LETTER N WITH DOT BELOW	Lu	Latin	Latin Extended Additional	1.1	false	false	true	true	点
1920	形态词命中	Ṉ	Ṉ	U+1E48	LATIN CAPITAL LETTER N WITH LINE BELOW	Lu	Latin	Latin Extended Additional	1.1	false	false	true	true	线
1921	形态词命中	Ṍ	Ṍ	U+1E4C	LATIN CAPITAL LETTER O WITH TILDE AND ACUTE	Lu	Latin	Latin Extended Additional	1.1	false	false	true	true	线
1922	形态词命中	Ṏ	Ṏ	U+1E4E	LATIN CAPITAL LETTER O WITH TILDE AND DIAERESIS	Lu	Latin	Latin Extended Additional	1.1	false	false	true	true	线
1923	形态词命中	Ṗ	Ṗ	U+1E56	LATIN CAPITAL LETTER P WITH DOT ABOVE	Lu	Latin	Latin Extended Additional	1.1	false	false	true	true	点
1924	形态词命中	Ṙ	Ṙ	U+1E58	LATIN CAPITAL LETTER R WITH DOT ABOVE	Lu	Latin	Latin Extended Additional	1.1	false	false	true	true	点
1925	形态词命中	Ṛ	Ṛ	U+1E5A	LATIN CAPITAL LETTER R WITH DOT BELOW	Lu	Latin	Latin Extended Additional	1.1	false	false	true	true	点
1926	形态词命中	Ṝ	Ṝ	U+1E5C	LATIN CAPITAL LETTER R WITH DOT BELOW AND MACRON	Lu	Latin	Latin Extended Additional	1.1	false	false	true	true	点
1927	形态词命中	Ṟ	Ṟ	U+1E5E	LATIN CAPITAL LETTER R WITH LINE BELOW	Lu	Latin	Latin Extended Additional	1.1	false	false	true	true	线
1928	形态词命中	Ṡ	Ṡ	U+1E60	LATIN CAPITAL LETTER S WITH DOT ABOVE	Lu	Latin	Latin Extended Additional	1.1	false	false	true	true	点
1929	形态词命中	Ṣ	Ṣ	U+1E62	LATIN CAPITAL LETTER S WITH DOT BELOW	Lu	Latin	Latin Extended Additional	1.1	false	false	true	true	点
1930	形态词命中	Ṥ	Ṥ	U+1E64	LATIN CAPITAL LETTER S WITH ACUTE AND DOT ABOVE	Lu	Latin	Latin Extended Additional	1.1	false	false	true	true	点
1931	形态词命中	Ṧ	Ṧ	U+1E66	LATIN CAPITAL LETTER S WITH CARON AND DOT ABOVE	Lu	Latin	Latin Extended Additional	1.1	false	false	true	true	点
1932	形态词命中	Ṩ	Ṩ	U+1E68	LATIN CAPITAL LETTER S WITH DOT BELOW AND DOT ABOVE	Lu	Latin	Latin Extended Additional	1.1	false	false	true	true	点
1933	形态词命中	Ṫ	Ṫ	U+1E6A	LATIN CAPITAL LETTER T WITH DOT ABOVE	Lu	Latin	Latin Extended Additional	1.1	false	false	true	true	点
1934	形态词命中	Ṭ	Ṭ	U+1E6C	LATIN CAPITAL LETTER T WITH DOT BELOW	Lu	Latin	Latin Extended Additional	1.1	false	false	true	true	点
1935	形态词命中	Ṯ	Ṯ	U+1E6E	LATIN CAPITAL LETTER T WITH LINE BELOW	Lu	Latin	Latin Extended Additional	1.1	false	false	true	true	线
1936	形态词命中	Ṵ	Ṵ	U+1E74	LATIN CAPITAL LETTER U WITH TILDE BELOW	Lu	Latin	Latin Extended Additional	1.1	false	false	true	true	线
1937	形态词命中	Ṹ	Ṹ	U+1E78	LATIN CAPITAL LETTER U WITH TILDE AND ACUTE	Lu	Latin	Latin Extended Additional	1.1	false	false	true	true	线
1938	形态词命中	Ṽ	Ṽ	U+1E7C	LATIN CAPITAL LETTER V WITH TILDE	Lu	Latin	Latin Extended Additional	1.1	false	false	true	true	线
1939	形态词命中	Ṿ	Ṿ	U+1E7E	LATIN CAPITAL LETTER V WITH DOT BELOW	Lu	Latin	Latin Extended Additional	1.1	false	false	true	true	点
1940	形态词命中	Ẇ	Ẇ	U+1E86	LATIN CAPITAL LETTER W WITH DOT ABOVE	Lu	Latin	Latin Extended Additional	1.1	false	false	true	true	点
1941	形态词命中	Ẉ	Ẉ	U+1E88	LATIN CAPITAL LETTER W WITH DOT BELOW	Lu	Latin	Latin Extended Additional	1.1	false	false	true	true	点
1942	形态词命中	Ẋ	Ẋ	U+1E8A	LATIN CAPITAL LETTER X WITH DOT ABOVE	Lu	Latin	Latin Extended Additional	1.1	false	false	true	true	点
1943	形态词命中	Ẏ	Ẏ	U+1E8E	LATIN CAPITAL LETTER Y WITH DOT ABOVE	Lu	Latin	Latin Extended Additional	1.1	false	false	true	true	点
1944	形态词命中	Ẓ	Ẓ	U+1E92	LATIN CAPITAL LETTER Z WITH DOT BELOW	Lu	Latin	Latin Extended Additional	1.1	false	false	true	true	点
1945	形态词命中	Ẕ	Ẕ	U+1E94	LATIN CAPITAL LETTER Z WITH LINE BELOW	Lu	Latin	Latin Extended Additional	1.1	false	false	true	true	线
1946	形态词命中	Ạ	Ạ	U+1EA0	LATIN CAPITAL LETTER A WITH DOT BELOW	Lu	Latin	Latin Extended Additional	1.1	false	false	true	true	点
1947	形态词命中	Ả	Ả	U+1EA2	LATIN CAPITAL LETTER A WITH HOOK ABOVE	Lu	Latin	Latin Extended Additional	1.1	false	false	true	true	曲线
1948	形态词命中	Ẩ	Ẩ	U+1EA8	LATIN CAPITAL LETTER A WITH CIRCUMFLEX AND HOOK ABOVE	Lu	Latin	Latin Extended Additional	1.1	false	false	true	true	曲线
1949	形态词命中	Ẫ	Ẫ	U+1EAA	LATIN CAPITAL LETTER A WITH CIRCUMFLEX AND TILDE	Lu	Latin	Latin Extended Additional	1.1	false	false	true	true	线
1950	形态词命中	Ậ	Ậ	U+1EAC	LATIN CAPITAL LETTER A WITH CIRCUMFLEX AND DOT BELOW	Lu	Latin	Latin Extended Additional	1.1	false	false	true	true	点
1951	形态词命中	Ẳ	Ẳ	U+1EB2	LATIN CAPITAL LETTER A WITH BREVE AND HOOK ABOVE	Lu	Latin	Latin Extended Additional	1.1	false	false	true	true	曲线
1952	形态词命中	Ẵ	Ẵ	U+1EB4	LATIN CAPITAL LETTER A WITH BREVE AND TILDE	Lu	Latin	Latin Extended Additional	1.1	false	false	true	true	线
1953	形态词命中	Ặ	Ặ	U+1EB6	LATIN CAPITAL LETTER A WITH BREVE AND DOT BELOW	Lu	Latin	Latin Extended Additional	1.1	false	false	true	true	点
1954	形态词命中	Ẹ	Ẹ	U+1EB8	LATIN CAPITAL LETTER E WITH DOT BELOW	Lu	Latin	Latin Extended Additional	1.1	false	false	true	true	点
1955	形态词命中	Ẻ	Ẻ	U+1EBA	LATIN CAPITAL LETTER E WITH HOOK ABOVE	Lu	Latin	Latin Extended Additional	1.1	false	false	true	true	曲线
1956	形态词命中	Ẽ	Ẽ	U+1EBC	LATIN CAPITAL LETTER E WITH TILDE	Lu	Latin	Latin Extended Additional	1.1	false	false	true	true	线
1957	形态词命中	Ể	Ể	U+1EC2	LATIN CAPITAL LETTER E WITH CIRCUMFLEX AND HOOK ABOVE	Lu	Latin	Latin Extended Additional	1.1	false	false	true	true	曲线
1958	形态词命中	Ễ	Ễ	U+1EC4	LATIN CAPITAL LETTER E WITH CIRCUMFLEX AND TILDE	Lu	Latin	Latin Extended Additional	1.1	false	false	true	true	线
1959	形态词命中	Ệ	Ệ	U+1EC6	LATIN CAPITAL LETTER E WITH CIRCUMFLEX AND DOT BELOW	Lu	Latin	Latin Extended Additional	1.1	false	false	true	true	点
1960	形态词命中	Ỉ	Ỉ	U+1EC8	LATIN CAPITAL LETTER I WITH HOOK ABOVE	Lu	Latin	Latin Extended Additional	1.1	false	false	true	true	曲线
1961	形态词命中	Ị	Ị	U+1ECA	LATIN CAPITAL LETTER I WITH DOT BELOW	Lu	Latin	Latin Extended Additional	1.1	false	false	true	true	点
1962	形态词命中	Ọ	Ọ	U+1ECC	LATIN CAPITAL LETTER O WITH DOT BELOW	Lu	Latin	Latin Extended Additional	1.1	false	false	true	true	点
1963	形态词命中	Ỏ	Ỏ	U+1ECE	LATIN CAPITAL LETTER O WITH HOOK ABOVE	Lu	Latin	Latin Extended Additional	1.1	false	false	true	true	曲线
1964	形态词命中	Ổ	Ổ	U+1ED4	LATIN CAPITAL LETTER O WITH CIRCUMFLEX AND HOOK ABOVE	Lu	Latin	Latin Extended Additional	1.1	false	false	true	true	曲线
1965	形态词命中	Ỗ	Ỗ	U+1ED6	LATIN CAPITAL LETTER O WITH CIRCUMFLEX AND TILDE	Lu	Latin	Latin Extended Additional	1.1	false	false	true	true	线
1966	形态词命中	Ộ	Ộ	U+1ED8	LATIN CAPITAL LETTER O WITH CIRCUMFLEX AND DOT BELOW	Lu	Latin	Latin Extended Additional	1.1	false	false	true	true	点
1967	形态词命中	Ở	Ở	U+1EDE	LATIN CAPITAL LETTER O WITH HORN AND HOOK ABOVE	Lu	Latin	Latin Extended Additional	1.1	false	false	true	true	曲线
1968	形态词命中	Ỡ	Ỡ	U+1EE0	LATIN CAPITAL LETTER O WITH HORN AND TILDE	Lu	Latin	Latin Extended Additional	1.1	false	false	true	true	线
1969	形态词命中	Ợ	Ợ	U+1EE2	LATIN CAPITAL LETTER O WITH HORN AND DOT BELOW	Lu	Latin	Latin Extended Additional	1.1	false	false	true	true	点
1970	形态词命中	Ụ	Ụ	U+1EE4	LATIN CAPITAL LETTER U WITH DOT BELOW	Lu	Latin	Latin Extended Additional	1.1	false	false	true	true	点
1971	形态词命中	Ủ	Ủ	U+1EE6	LATIN CAPITAL LETTER U WITH HOOK ABOVE	Lu	Latin	Latin Extended Additional	1.1	false	false	true	true	曲线
1972	形态词命中	Ử	Ử	U+1EEC	LATIN CAPITAL LETTER U WITH HORN AND HOOK ABOVE	Lu	Latin	Latin Extended Additional	1.1	false	false	true	true	曲线
1973	形态词命中	Ữ	Ữ	U+1EEE	LATIN CAPITAL LETTER U WITH HORN AND TILDE	Lu	Latin	Latin Extended Additional	1.1	false	false	true	true	线
1974	形态词命中	Ự	Ự	U+1EF0	LATIN CAPITAL LETTER U WITH HORN AND DOT BELOW	Lu	Latin	Latin Extended Additional	1.1	false	false	true	true	点
1975	形态词命中	Ỵ	Ỵ	U+1EF4	LATIN CAPITAL LETTER Y WITH DOT BELOW	Lu	Latin	Latin Extended Additional	1.1	false	false	true	true	点
1976	形态词命中	Ỷ	Ỷ	U+1EF6	LATIN CAPITAL LETTER Y WITH HOOK ABOVE	Lu	Latin	Latin Extended Additional	1.1	false	false	true	true	曲线
1977	形态词命中	Ỹ	Ỹ	U+1EF8	LATIN CAPITAL LETTER Y WITH TILDE	Lu	Latin	Latin Extended Additional	1.1	false	false	true	true	线
1978	形态词命中	Ὑ	Ὑ	U+1F59	GREEK CAPITAL LETTER UPSILON WITH DASIA	Lu	Greek	Greek Extended	1.1	false	false	true	true	方向
1979	形态词命中	Ὓ	Ὓ	U+1F5B	GREEK CAPITAL LETTER UPSILON WITH DASIA AND VARIA	Lu	Greek	Greek Extended	1.1	false	false	true	true	方向
1980	形态词命中	Ὕ	Ὕ	U+1F5D	GREEK CAPITAL LETTER UPSILON WITH DASIA AND OXIA	Lu	Greek	Greek Extended	1.1	false	false	true	true	方向
1981	形态词命中	Ὗ	Ὗ	U+1F5F	GREEK CAPITAL LETTER UPSILON WITH DASIA AND PERISPOMENI	Lu	Greek	Greek Extended	1.1	false	false	true	true	方向
1982	形态词命中	Ῠ	Ῠ	U+1FE8	GREEK CAPITAL LETTER UPSILON WITH VRACHY	Lu	Greek	Greek Extended	1.1	false	false	true	true	方向
1983	形态词命中	Ῡ	Ῡ	U+1FE9	GREEK CAPITAL LETTER UPSILON WITH MACRON	Lu	Greek	Greek Extended	1.1	false	false	true	true	方向
1984	形态词命中	Ὺ	Ὺ	U+1FEA	GREEK CAPITAL LETTER UPSILON WITH VARIA	Lu	Greek	Greek Extended	1.1	false	false	true	true	方向
1985	形态词命中	Ύ	Ύ	U+1FEB	GREEK CAPITAL LETTER UPSILON WITH OXIA	Lu	Greek	Greek Extended	1.1	false	false	true	true	方向
1986	形态词命中	Ⳃ	Ⳃ	U+2CC2	COPTIC CAPITAL LETTER CROSSED SHEI	Lu	Coptic	Coptic	4.1	false	false	true	true	对称
1987	形态词命中	Ꙭ	Ꙭ	U+A66C	CYRILLIC CAPITAL LETTER DOUBLE MONOCULAR O	Lu	Cyrillic	Cyrillic Extended-B	5.1	false	false	true	true	对称
1988	形态词命中	Ꚋ	Ꚋ	U+A68A	CYRILLIC CAPITAL LETTER TE WITH MIDDLE HOOK	Lu	Cyrillic	Cyrillic Extended-B	5.1	false	false	true	true	曲线
1989	形态词命中	Ꚙ	Ꚙ	U+A698	CYRILLIC CAPITAL LETTER DOUBLE O	Lu	Cyrillic	Cyrillic Extended-B	7.0	false	false	true	true	对称
1990	形态词命中	Ꚛ	Ꚛ	U+A69A	CYRILLIC CAPITAL LETTER CROSSED O	Lu	Cyrillic	Cyrillic Extended-B	7.0	false	false	true	true	对称
1991	已确认锚点:qtrs	¤	¤	U+00A4	CURRENCY SIGN	Sc	Common	Latin-1 Supplement	1.1	false	false	true	true	
1992	已确认锚点:my	༳	༳	U+0F33	TIBETAN DIGIT HALF ZERO	No	Tibetan	Tibetan	2.0	false	false	true	true	
1993	已确认锚点:ascg	Պ	Պ	U+054A	ARMENIAN CAPITAL LETTER PEH	Lu	Armenian	Armenian	1.1	false	false	true	true	
1994	已确认锚点:mcck	ܜ	ܜ	U+071C	SYRIAC LETTER TETH GARSHUNI	Lo	Syriac	Syriac	3.0	false	false	true	true	
1995	已确认锚点:boki	ଉ	ଉ	U+0B09	ORIYA LETTER U	Lo	Oriya	Oriya	1.1	false	false	true	true	
1996	已确认锚点:pici	ஆ	ஆ	U+0B86	TAMIL LETTER AA	Lo	Tamil	Tamil	1.1	false	false	true	true	
1997	已确认锚点:qdcg	ᗚ	ᗚ	U+15DA	CANADIAN SYLLABICS CARRIER HWI	Lo	Canadian_Aboriginal	Unified Canadian Aboriginal Syllabics	3.0	false	false	true	true	
1998	已确认锚点:lnte	ᗣ	ᗣ	U+15E3	CANADIAN SYLLABICS CARRIER TTO	Lo	Canadian_Aboriginal	Unified Canadian Aboriginal Syllabics	3.0	false	false	true	true	
1999	已确认锚点:mvma	𒁔	𒁔	U+12054	CUNEIFORM SIGN BUR2	Lo	Cuneiform	Cuneiform	5.0	false	false	true	true	
2000	已确认锚点:jj	𓆟	𓆟	U+1319F	EGYPTIAN HIEROGLYPH K005	Lo	Egyptian_Hieroglyphs	Egyptian Hieroglyphs	5.2	false	false	true	true	
